-- phpMyAdmin SQL Dump
-- version 3.2.5
-- http://www.phpmyadmin.net
--
-- Host: 127.0.0.1
-- Generation Time: Jun 26, 2017 at 11:03 PM
-- Server version: 5.1.43
-- PHP Version: 5.3.2

SET SQL_MODE="NO_AUTO_VALUE_ON_ZERO";


/*!40101 SET @OLD_CHARACTER_SET_CLIENT=@@CHARACTER_SET_CLIENT */;
/*!40101 SET @OLD_CHARACTER_SET_RESULTS=@@CHARACTER_SET_RESULTS */;
/*!40101 SET @OLD_COLLATION_CONNECTION=@@COLLATION_CONNECTION */;
/*!40101 SET NAMES utf8 */;

--
-- Database: `mgideasn_iirg`
--

-- --------------------------------------------------------

--
-- Table structure for table `articulo`
--

CREATE TABLE IF NOT EXISTS `articulo` (
  `idArticulo` int(11) NOT NULL AUTO_INCREMENT,
  `codigo` varchar(9) CHARACTER SET utf8 DEFAULT NULL,
  `descripcion` varchar(120) CHARACTER SET utf8 DEFAULT NULL,
  `presentacion` varchar(5) CHARACTER SET utf8 DEFAULT NULL,
  `ubicacion` int(1) DEFAULT NULL,
  `foto` varchar(150) CHARACTER SET utf8 DEFAULT NULL,
  `idCategoria` int(1) DEFAULT NULL,
  PRIMARY KEY (`idArticulo`)
) ENGINE=InnoDB  DEFAULT CHARSET=latin1 COLLATE=latin1_spanish_ci AUTO_INCREMENT=2466 ;

--
-- Dumping data for table `articulo`
--

INSERT INTO `articulo` (`idArticulo`, `codigo`, `descripcion`, `presentacion`, `ubicacion`, `foto`, `idCategoria`) VALUES
(1, '10000000', 'PAPELERIA', 'UND', 0, '0', 1),
(2, '10A01000', 'ALMOHADILLAS', 'UND', 0, '0', 0),
(3, '10A01001', 'ALMOHADILLAS PLASTICAS MAYKA Nº 1', 'UND', 0, '3,86', 1),
(4, '10A01002', 'ALMOHADILLAS PLASTICAS MAYKA Nº 2', 'UND', 0, '0', 1),
(5, '10A01003', 'ALMOHADILLAS PLASTICAS AZOR Nº 1', 'UND', 0, '0', 1),
(6, '10A01004', 'ALMOHADILLAS P/SELLOS', 'UND', 0, '0', 1),
(7, '10A01005', 'ALMOHADILLAS PLASTICAS OFICA Nº 1', 'UND', 0, '0', 1),
(8, '10A01006', 'ALMOHADILLAS PLASTICAS OFICA Nº 2', 'UND', 0, '0', 1),
(9, '10A01007', 'ALMOHADILLA DACTILAR', 'UND', 0, '0', 1),
(10, '10A01008', 'ALMOHDILLA P/MOUSE C/APOYA MUÑECA', 'UND', 0, '0', 1),
(11, '10A02000', 'ARCHIVADORES', 'UND', 0, '0', 0),
(12, '10A02001', 'ARCHIVADORES LOMO ANCHO AKTA CARTA', 'UND', 0, '7,08', 1),
(13, '10A02002', 'ARCHIVADOR LOMO ANCHO T/OFICIO', 'UND', 0, '7,08', 1),
(14, '10A02003', 'ARCHIVADOR LOMO ANCHO OSLO CARTA', 'UND', 0, '7,08', 1),
(15, '10A02004', 'ARCHIVADOR LOMO ANCHO AKTA OFICIO', 'UND', 0, '7,08', 1),
(16, '10A02005', 'ARCHIVADOR LOMO ANCHO T/CARTA', 'UND', 0, '0', 1),
(17, '10A02006', 'ARCHIVADOR LOMO ANCHO KENINTON OFICIO', 'UND', 0, '0', 1),
(18, '10A02007', 'ARCHIVADOR LOMO ANCHO NORMA T/CARTA', 'UND', 0, '0', 1),
(19, '10A02008', 'ARCHIVADOR LOMO ANCHO T/MEDIO OFICIO AKTA', 'UND', 0, '0', 1),
(20, '10A02009', 'ARCHIVADOR FORMAS CONTINUAS CARTA', 'UND', 0, '0', 1),
(21, '10A02013', 'ANILLOS P/ENCUADERNAR 1/2 PAQ. X 50', 'UND', 0, '0', 1),
(22, '10A02014', 'ANILLOS PLASTICOS P/ENCUADERNAR 5/8 PAQ. X 50', 'UND', 0, '0', 1),
(23, '10A02020', 'ARCHIVADOR SINFONIA A/Z CARTA', 'UND', 0, '15,08', 1),
(24, '10A02021', 'ARCHIVADOR SINFONIA A/Z OFICIO', 'UND', 0, '0', 1),
(25, '10A02022', 'ARCHIVADOR SINFONIA A/Z GIRO', 'UND', 0, '0', 1),
(26, '10A02023', 'ARCHIVADOR SINFONIA A/Z PLASTICO CARTA', 'UND', 0, '0', 1),
(27, '10A02024', 'ARCHIVADOR SINFONIA AZ PLASTICO OFICIO', 'UND', 0, '0', 1),
(28, '10A02025', 'ARCHIVADOR LOMO ANCHO AKTA CARTA', 'UND', 0, '7,08', 1),
(29, '10A02026', 'ARCHIVADORES F/C 9 1/2 X 11 AZUL', 'UND', 0, '0', 1),
(30, '10A03000', 'ARCHICOMODOS', 'UND', 0, '0', 0),
(31, '10A03001', 'CAJAS P/ARCHIVO MUERTO DE CARTON', 'UND', 0, '0', 1),
(32, '10A03002', 'ARCHICOMODO PLASTICO', 'UND', 0, '168', 1),
(33, '10A03003', 'ARCHICOMODOS DE CARTON', 'UND', 0, '0', 1),
(34, '10A03004', 'ARCHICOMODOS PLASTICOS PAQ. X 25', 'UND', 0, '0', 1),
(35, '10A04000', 'AGENDAS', 'UND', 0, '0', 0),
(36, '10A04001', 'AGENDAS EJECUTIVAS 2006 AZ/NE/', 'UND', 0, '0', 1),
(37, '10A04002', 'AGENDA DE TRABAJO ISOFI', 'UND', 0, '0', 1),
(38, '10A05000', 'ANILLOS', 'UND', 0, '0', 0),
(39, '10A05001', 'ANILLOS PLAST. P/ENC. 1/4" PAQ. X 100', 'UND', 0, '0', 1),
(40, '10A050014', 'ANILLO DOBLE CARTA PLAST. 3/4" 170 HJ PAQ. X 50', 'UND', 0, '40,87', 1),
(41, '10A05002', 'ANILLOS PLAST. P/ENC. 7/8" PAQ. X 50', 'UND', 0, '0', 1),
(42, '10A05003', 'ANILLOS PLAST. P/ENC. 3/4 PAQ. X 50', 'UND', 0, '0', 1),
(43, '10A05004', 'ANILLOS PLAST. P/ENC. 9/16" PAQ. X 50', 'UND', 0, '0', 1),
(44, '10A05005', 'ANILLOS DOBLE CARTA PLAST. 1/4" 25 H. PAQ. X 50', 'UND', 0, '12,17', 1),
(45, '10A05006', 'ANILLOS DOBLE CARTA 50 HOJAS 5/16" PAQ. X 50', 'UND', 0, '14,77', 1),
(46, '10A05007', 'ANILLOS PLASTICOS DOBLE CARTA 2" PAQ. X 25', 'UND', 0, '0', 1),
(47, '10A05008', 'ANILLOS DOBLE CARTA PLASTICOS 3/8" 55 H. PAQ.X50', 'UND', 0, '16,54', 1),
(48, '10A05009', 'ANILLOS DOBLE CARTA PLASTICOS 7/16" 70 H.', 'UND', 0, '17,68', 1),
(49, '10A05010', 'ANILLOS DOBLE CARTA PLASTICOS 7/16" 70 H.', 'UND', 0, '0', 1),
(50, '10A05011', 'ANILLO DOBLE CARTA PLAST.1/2" 112 H. PAQ. X 50', 'UND', 0, '0', 1),
(51, '10A05012', 'ANILLO DOBLE CARTA PLAST. 9/16" 96 H. X 50', 'UND', 0, '28,58', 1),
(52, '10A05013', 'ANILLO DOBLE CARTA PLAST. 5/8" 150 H. PAQ. X 50', 'UND', 0, '0', 1),
(53, '10A05014', 'ANILLOS DOBLE CARTA PLASTICOS 3/4" 127 HJ PAQ. X 50', 'UND', 0, '0', 1),
(54, '10A05015', 'ANILLOS DOBLE CARTA PLAST. 7/8" 200 HJ', 'UND', 0, '24,65', 1),
(55, '10A05016', 'ANILLOS DOBLE CARTA PLASTICOS 1" 225 HJ PAQ. X 25', 'UND', 0, '32,76', 1),
(56, '10A05017', 'ANILLOS DOBLE CARTA PLAST. 1-1/8" 210 HJ PA. X 25', 'UND', 0, '40,93', 1),
(57, '10A05018', 'ANILLOS DOBLE CARTA PLAST. 1 1/4" 250 HJ PAQ. X 25', 'UND', 0, '0', 1),
(58, '10A05019', 'ANILLOS DOBLE CARTA PLASTICOS 1-1/2" 300 HJ PAQ. X 25', 'UND', 0, '41,5', 1),
(59, '10A05020', 'ANILLOS DOBLE CARTA PLAST.1-3/4" 360 HJ PAQ. X 25', 'UND', 0, '0', 1),
(60, '10A05021', 'ANILLOS DOBLE CARTA PLASTICO 2" 25 H. PAQ. X 25', 'UND', 0, '0', 1),
(61, '10A05022', 'AROA METALICOS 5/15" CAJA X 100', 'UND', 0, '0', 1),
(62, '10A05023', 'AROS METALICOS 7/16" CAJA X 50', 'UND', 0, '0', 1),
(63, '10A05024', 'AROS METALICOS 9/16" CAJA X 100', 'UND', 0, '0', 1),
(64, '10A05025', 'AROS METALICOS 1/4" CAJA X 100', 'UND', 0, '0', 1),
(65, '10A05030', 'ANILLOS PLASTICOS PARA ENCUADERNAR 7/8 PAQ. X 50', 'UND', 0, '0', 1),
(66, '10A05031', 'ESPIRAL CONT. NEGRO 17MM.', 'UND', 0, '0', 1),
(67, '10A05032', 'ESPIRAL CONT. NEGRO 19MM.', 'UND', 0, '0', 1),
(68, '10A05033', 'ESPIRAL CONT. NEGRO 8MM.', 'UND', 0, '0', 1),
(69, '10A05034', 'ESPIRAL CONT. NEGRO 14MM.', 'UND', 0, '0', 1),
(70, '10A05035', 'ESPIRAL CONT. NEGRO 13MM.', 'UND', 0, '0', 1),
(71, '10A05036', 'ESPIRAL CONT. NEGRO 9MM.', 'UND', 0, '0', 1),
(72, '10A055009', 'ANILLOS PLASTICOS P/ENCUADERNAR 1/2 PAQ. X 50', 'UND', 0, '0', 1),
(73, '10A06000', 'ACETATOS', 'UND', 0, '0', 0),
(74, '10A06001', 'ACETATOS TRANSP, T/CARTA PAQ. X 100', 'UND', 0, '22,46', 1),
(75, '10A06002', 'ACETATOS TRANSP. T/OFICIO PAQ. X 100', 'UND', 0, '0', 1),
(76, '10A06003', 'ACETATOS TRANS. T/C PAQ. X 50', 'UND', 0, '0', 1),
(77, '10B01000', 'BANDEJAS', 'UND', 0, '0', 0),
(78, '10B01001', 'BANDEJAS ACRILICAS 2 NIVELES', 'UND', 0, '0', 1),
(79, '10B01002', 'BANDEJAS ACRILICAS 3 NIVELES', 'UND', 0, '0', 1),
(80, '10B01003', 'BANDEJAS ECONOMICAS 2 NIVELES', 'UND', 0, '14,04', 1),
(81, '10B01004', 'BANDEJAS ECONOMICAS 3 NIVELES', 'UND', 0, '21,94', 1),
(82, '10B01005', 'BANDEJAS PLASTICA MAYKA', 'UND', 0, '0', 1),
(83, '10B01006', 'BANDEJAS MAYKA METAL 2 NIVELES', 'UND', 0, '0', 1),
(84, '10B01007', 'BANDEJAS MAYKA METAL 3 NIVELES', 'UND', 0, '0', 1),
(85, '10B02000', 'BANDAS DE GOMA', 'UND', 0, '0', 0),
(86, '10B02001', 'BANDAS DE GOMA Nº 18 20 GRS.', 'UND', 0, '1,14', 1),
(87, '10B02002', 'BANDAS DE GOMA Nº 18 250 GRS.', 'UND', 0, '7,32', 1),
(88, '10B02003', 'BANDAS DE GOMA Nº 18', 'UND', 0, '0', 1),
(89, '10B02004', 'BANDAS DE GOMA ROJAS Nº 84 250 GRS.', 'UND', 0, '0', 1),
(90, '10B02005', 'BANDAS DE GOMA GRUESA ROJA 250 GRS.', 'UND', 0, '0', 1),
(91, '10B03000', 'BLOCK', 'UND', 0, '0', 0),
(92, '10B03001', 'BLOCK RAYADO CARTA ALPES 100 H', 'UND', 0, '0', 1),
(93, '10B03002', 'BLOCK RAYADO CARTA CARIBE 80 H', 'UND', 0, '3,21', 1),
(94, '10B03003', 'BLOCK RAYADO CARTA CARIBE 40 H', 'UND', 0, '1,71', 1),
(95, '10B03004', 'BLOCK RAYADO CARTA LORO 40 H', 'UND', 0, '0', 1),
(96, '10B03005', 'BLOCK DE DIBUJO MEDIANO', 'UND', 0, '1,71', 1),
(97, '10B03006', 'BLOCK DE TAQUIGRAFIA C/RAYA GDE.', 'UND', 0, '1,69', 1),
(98, '10B03007', 'BLOCK DE TAQUIGRAFIA C/RAYA PÑO.', 'UND', 0, '0', 1),
(99, '10B03008', 'BLOCK DE NOTAS BLANCO Nº 1', 'UND', 0, '0,62', 1),
(100, '10B03009', 'BLOCK DE NOTAS BLANCO Nº 2', 'UND', 0, '1,03', 1),
(101, '10B03010', 'BLOCK DE NOTAS BLANCO Nº 3', 'UND', 0, '1,92', 1),
(102, '10B03011', 'BLOCK DE ANALISIS 4 COL.', 'UND', 0, '0', 1),
(103, '10B03012', 'BLOCK DE ANALISIS 6 COL.', 'UND', 0, '0', 1),
(104, '10B03013', 'BLOCK DE RAYA T/CARTA', 'UND', 0, '0', 1),
(105, '10B03014', 'BLOCK DE ANALISIS 12 COL.', 'UND', 0, '0', 1),
(106, '10B03020', 'BLOCK DE FACTURA PEQ.', 'UND', 0, '0', 1),
(107, '10B03021', 'BLOCK DE DIBUJO PEQUEÑO ESPIRAL', 'UND', 0, '0', 1),
(108, '10B03022', 'BLOCK FACT. GDE. 30 H C/C', 'UND', 0, '0', 1),
(109, '10B03023', 'BLOCK FACT. GDE. 80 H C/C', 'UND', 0, '1755', 1),
(110, '10B03024', 'BLOCK CUADRICULADO T/CARTA', 'UND', 0, '12', 1),
(111, '10B03025', 'BLOCK DE GIRO X 25', 'UND', 0, '2,38', 1),
(112, '10B03026', 'BLOCK DE RECIBO', 'UND', 0, '1250', 1),
(113, '10B03027', 'BLOCK DE RAYA T/CARTA 80 HOJAS', 'UND', 0, '3,21', 1),
(114, '10B03028', 'BLOCK DE CARTULINA DE CONSTRUCCION', 'UND', 0, '0', 1),
(115, '10B03029', 'BLOCK DE PAPEL LUSTRILLO', 'UND', 0, '0', 1),
(116, '10B04000', 'BOLIGRAFOS', 'UND', 0, '0', 0),
(117, '10B04001', 'BOLIGRAFOS KILOMETRICO INKJOY AZULES', 'UND', 0, '4,46', 1),
(118, '10B04002', 'BOLIGRAFOS FABER CASTELL C/TAPA NE 034', 'UND', 0, '4,46', 1),
(119, '10B04003', 'BOLIGRAFOS FABER CASTELL C/TAPA RO 034', 'UND', 0, '4,46', 1),
(120, '10B04004', 'BOLIGRAFOS MONGOL OFIC. MEDIO AZ', 'UND', 0, '4,36', 1),
(121, '10B04005', 'BOLIGRAFOS MONGOL OFIC. MEDIO NE', 'UND', 0, '4,36', 1),
(122, '10B04006', 'BOLIGRAFOS MONGOL OFIC. MEDIO RO', 'UND', 0, '4,36', 1),
(123, '10B04007', 'BOLIGRAFOS KILOMETRICO INKJOY NEGROS', 'UND', 0, '4,46', 1),
(124, '10B04008', 'BOLIGRAFOS KORES COLOR NEGRO', 'UND', 0, '9,97', 1),
(125, '10B04009', 'BOLIGRAFOS KORES COLOR AZUL', 'UND', 0, '9,97', 1),
(126, '10B04010', 'BOLIGRAFOS SOLITA C/TAPA AZ', 'UND', 0, '4,95', 1),
(127, '10B04011', 'BOLIGRAFOS SOLITA C/TAPA NE', 'UND', 0, '0', 1),
(128, '10B04012', 'BOLIGRAFOS SOLITA C/TAPA RO', 'UND', 0, '0', 1),
(129, '10B04013', 'BOLIGRAFOS KILOMETRICO AZUL', 'UND', 0, '11,34', 1),
(130, '10B04014', 'BOLIGRAFOS DE OFICINA NEGROS', 'UND', 0, '11,34', 1),
(131, '10B04015', 'BOLIGRAFOS DE OFICINA ROJO', 'UND', 0, '11,34', 1),
(132, '10B04020', 'MARCADORES UNIB AZUL', 'UND', 0, '29,99', 1),
(133, '10B04021', 'BOLIGRAFOS UNI-BALL 104 NEGRO', 'UND', 0, '26,99', 1),
(134, '10B04022', 'BOLIGRAFOS UNIBMICRO ROJO', 'UND', 0, '26,99', 1),
(135, '10B04023', 'BOLIGRAFOS KORES COLOR ROJO', 'UND', 0, '3,67', 1),
(136, '10B04024', 'BOLIGRAFOS KILOMETRICO ROJO', 'UND', 0, '4,95', 1),
(137, '10B04025', 'BOLIGRAFOS NEGRO (CAJA)', 'UND', 0, '4,46', 1),
(138, '10B04026', 'BOLIGRAFOS FABER CASTELL REF. 061 NEGRO', 'UND', 0, '11,64', 1),
(139, '10B04027', 'BOLIGRAFOS FABER CASTELL REF. 061 AZUL', 'UND', 0, '0', 1),
(140, '10B04028', 'BOLIGRAFOS DE OFICINA AZUL', 'UND', 0, '4,46', 1),
(141, '10B04029', 'BOLIGRAFOS RETRATIL MARATHON 2000 NEGRO', 'UND', 0, '0', 1),
(142, '10B04030', 'MARCADORES FINOS ROJO', 'UND', 0, '0', 1),
(143, '10B04031', 'BOLIGRAFOS KILOMETRICO NEGRO', 'UND', 0, '0', 1),
(144, '10B05000', 'BORRADORES', 'UND', 0, '0', 0),
(145, '10B05001', 'BORRADOR NATA 612', 'UND', 0, '0', 1),
(146, '10B05002', 'BORRADOR NATA 620', 'UND', 0, '0,39', 1),
(147, '10B05003', 'BORRADOR NATA 624', 'UND', 0, '0', 1),
(148, '10B05004', 'BORRADOR DE PIZARRA ACRILICA BORDE ALUMINIO', 'UND', 0, '5,15', 1),
(149, '10B05005', 'BORRADOR DE PIZARRA ACRILICA', 'UND', 0, '0', 1),
(150, '10B05006', 'BORRADOR DE PIZARRA NORMAL', 'UND', 0, '0', 1),
(151, '10B06000', 'BATERIAS', 'UND', 0, '0', 0),
(152, '10B06001', 'BAT. AA ALCALINA X 2', 'UND', 0, '3', 1),
(153, '10B06002', 'BAT. AAA ALCALINA', 'UND', 0, '0', 1),
(154, '10B06003', 'BAT. 9 VOL. RAYOVAC', 'UND', 0, '0', 1),
(155, '10B06004', 'BAT. AA RECARGABLES BLISTER DE 2', 'UND', 0, '0', 1),
(156, '10B06005', 'BAT. ALCALINAS C', 'UND', 0, '0', 1),
(157, '10B06006', 'BATERIA AA ALCALINA X 2', 'UND', 0, '0', 1),
(158, '10B06007', 'BATERIAS GRANDES TIPO D P/LINTERNAS', 'UND', 0, '0', 1),
(159, '10B06008', 'BAT. AAA ALCALINA SONY BLIST. X 2', 'UND', 0, '0', 1),
(160, '10B06009', 'BAT. ALCALINAS AAA ENERGIZER RECARGABLE X 2', 'UND', 0, '0', 1),
(161, '10B06010', 'BAT. AA ALCALINA BLI X 2 SONY', 'UND', 0, '2,33', 1),
(162, '10B06011', 'BAT. ALCALINA "AA" DURACEL BLISTER X 12', 'UND', 0, '0', 1),
(163, '10B07000', 'BARRA TERMICA', 'UND', 0, '0', 0),
(164, '10B07001', 'BARRA TERMICA P/ENCUADERNAR T/CARTA 4 PINES', 'UND', 0, '0', 1),
(165, '10B07002', 'BARRA TERMICA P/ENCUADERNAR T/CARTA 10 PEINES GBC X100', 'UND', 0, '0', 1),
(166, '10B08000', 'BOLAS DE ANIME', 'UND', 0, '0', 0),
(167, '10B08002', 'BOLAS DE ANIME Nº 6', 'UND', 0, '0', 1),
(168, '10B08003', 'BOLAS DE ANIME Nº 7', 'UND', 0, '0', 1),
(169, '10B08004', 'BOLAS DE ANIME Nº 8', 'UND', 0, '0', 1),
(170, '10B09000', 'BANDERITAS 3M', 'UND', 0, '0', 0),
(171, '10B09001', 'BANDERITAS ESTANDAR 680 (3M) NEON ROSADAS PAQ. X 50', 'UND', 0, '0', 1),
(172, '10B09002', 'BANDERITAS ESTANDAR 3 COLORES PAQ. X 130', 'UND', 0, '0', 1),
(173, '10BO8000', 'BOLAS DE ANIME', 'UND', 0, '0', 0),
(174, '10BO8001', 'BOLAS DE ANIME Nº 5', 'UND', 0, '0', 1),
(175, '10C01000', 'CARPETAS', 'UND', 0, '0', 0),
(176, '10C01001', 'CARP. FIBRA OFICIO POPULAR X 25', 'UND', 0, '21,5', 1),
(177, '10C01002', 'CARP. FIBRA CARTA X 25', 'UND', 0, '20,93', 1),
(178, '10C01003', 'CARP. FIBRA OFICIO X 25', 'UND', 0, '28,75', 1),
(179, '10C01004', 'CARP. FIBRA MODERNO CARTA X 25', 'UND', 0, '21,38', 1),
(180, '10C01005', 'CARP. FIBRA CARIBE 1ERA. T/OFICIO X 25', 'UND', 0, '27,5', 1),
(181, '10C01006', 'CARP. FIBRA AKTIVA OFICIO X 25', 'UND', 0, '0', 1),
(182, '10C01007', 'CARP. FIBRA CARIBE 1ERA. T/CARTA X 25', 'UND', 0, '0', 1),
(183, '10C01020', 'CARP. MANILA OSLO OFICIO X 100', 'UND', 0, '21', 1),
(184, '10C01021', 'CARP. FIBRA AKTIVA CARTA X 25', 'UND', 0, '20', 1),
(185, '10C01022', 'CARP. MANILA SUPREMO OFICIO', 'UND', 0, '26', 1),
(186, '10C01023', 'CARP. MANILA SUPREMO CARTA X 100', 'UND', 0, '20', 1),
(187, '10C01025', 'CARP. COLGANTE ACCO T/CARTA X 25', 'UND', 0, '26,5', 1),
(188, '10C01030', 'CARP. 3/A CARTA 1/2 " C/FUNDA ACCO BL', 'UND', 0, '6,17', 1),
(189, '10C01031', 'CARP. 3/A CARTA 1 " C/FUNDA BLANCA', 'UND', 0, '6,92', 1),
(190, '10C01032', 'CARP. 3/A CARTA 1 1/2 " C/FUNDA BLANCA', 'UND', 0, '7,75', 1),
(191, '10C01033', 'CARP. 3/A CARTA 2 " C/FUNDA BLANCA', 'UND', 0, '7,75', 1),
(192, '10C01034', 'CARP. 3/A CARTA 3 " C/FUNDA ACCO BL', 'UND', 0, '11,06', 1),
(193, '10C01035', 'CARP. 3/A CARTA 2" NEGRAS', 'UND', 0, '0', 1),
(194, '10C01036', 'CARP.COLG. ARCHIMOVIL GANCHOS Y PESTA X 100', 'UND', 0, '0', 1),
(195, '10C01040', 'CARP. DATA 9 1/2 X 11 Nº 2', 'UND', 0, '0', 1),
(196, '10C01041', 'CARP. DATA 14 7/8 X 11 Nº 3', 'UND', 0, '0', 1),
(197, '10C01045', 'CARP. C/LIGA PLASTICA OFICIO', 'UND', 0, '4,53', 1),
(198, '10C01046', 'CARP. COLG. MOD. FM-8 VERDE VISOR FRONTAL CAL.18', 'UND', 0, '0', 1),
(199, '10C01047', 'CARP. COLG. C/GANCHO LATERAL CL 1-5 CAJA X 20 B/N', 'UND', 0, '0', 1),
(200, '10C01050', 'CARP. TRANSPARENTE CARTA PAQ X 50', 'UND', 0, '0', 1),
(201, '10C01051', 'CARP. MANILA OSLO CARTA X 100', 'UND', 0, '0', 1),
(202, '10C01052', 'CARPETA PARA F/C T/CARTA PLASTICA', 'UND', 0, '0', 1),
(203, '10C01053', 'CARPETA DE FIBRA T/OFICIO', 'UND', 0, '0', 1),
(204, '10C01054', 'CARPETAS FIBRA T/CARTA S/F S/G', 'UND', 0, '0', 1),
(205, '10C01055', 'CARPETAS DE PRESENTACION C/40 FUNDAS', 'UND', 0, '0', 1),
(206, '10C01056', 'CARPETAS HV-40 X 100', 'UND', 0, '0', 1),
(207, '10C01057', 'CARPETAS PORTA CATALAGOS 20 HOJAS', 'UND', 0, '0', 1),
(208, '10C01058', 'CARPETA MANILA T/OFICIO x 100', 'UND', 0, '0', 1),
(209, '10C01059', 'CARP. MANILA T/CARTA X 100', 'UND', 0, '0', 1),
(210, '10C01060', 'CARPETAS ARCHIMOVIL HV-40 MARRON', 'UND', 0, '0', 1),
(211, '10C02000', 'CARTELERAS', 'UND', 0, '0', 0),
(212, '10C02001', 'CARTELERA DE CORCHO C/FIELTRO 0.60 X 0.90', 'UND', 0, '0', 1),
(213, '10C02002', 'CARTELERA DE CORCHO C/FIELTRO 0.80 X 1.20', 'UND', 0, '0', 1),
(214, '10C02010', 'CARTELERA DE CORCHO S/FIELTRO 0.60 X 0.90', 'UND', 0, '0', 1),
(215, '10C02011', 'CARTELERA DE CORCHO S/FIELTRO 0.80 X 1.20', 'UND', 0, '0', 1),
(216, '10C02012', 'CARTELERA DE CORCHO S/FIELTRO, 0.40 X 0.60', 'UND', 0, '0', 1),
(217, '10C02013', 'CARTELERA DE DIRECTORIO 0.60 X 0.90 C/VIDRIO Y LLAVE', 'UND', 0, '0', 1),
(218, '10C02014', 'CARTELERA DE CORCHO C/FIELTRO 2.00 X 1.00 MTS.', 'UND', 0, '0', 1),
(219, '10C0214', 'CARTELERA DE DIRECTORIO 0.80 X 1.20 C/VIDRIO Y LLAVE', 'UND', 0, '0', 1),
(220, '10C03000', 'CARTULINAS', 'UND', 0, '0', 0),
(221, '10C03001', 'CART BRISTOL 0.90 CARTA BLANCA', 'UND', 0, '0', 1),
(222, '10C03002', 'CART BRISTOL 0.90 CARTA COLOR', 'UND', 0, '0', 1),
(223, '10C03005', 'CARTULINA OPALINA T/CARTA BLANCA X 100', 'UND', 0, '0', 1),
(224, '10C03006', 'CART OPALINA 110 CARTA COLOR', 'UND', 0, '0', 1),
(225, '10C03007', 'CARTULINA OPALINA CARTA BLANCA PAQ X 25', 'UND', 0, '0', 1),
(226, '10C03008', 'CARTULINA P/ENCUADERNACION COLOR VERDE PAQ X 50', 'UND', 0, '0', 1),
(227, '10C03009', 'CARTULINA OPALINA 200 GR. T/CARTA BLANCA X 100', 'UND', 0, '26,6', 1),
(228, '10C03010', 'CART BRISTOL 0.90 66 X 96 BLANCA', 'UND', 0, '0', 1),
(229, '10C03011', 'CART BRISTOL 0.90 66 X 96 COLOR', 'UND', 0, '0', 1),
(230, '10C03012', 'CARTULINA PARA ENCUADERNACION T/CARTA PAQ. X 100', 'UND', 0, '26', 1),
(231, '10C03015', 'CART HILO 0.90 CARTA BLANCA X 100', 'UND', 0, '0', 1),
(232, '10C03016', 'CARTULINA ESCOLAR BLANCA', 'UND', 0, '0', 1),
(233, '10C03017', 'CARTULINAS DOBLE FAZ', 'UND', 0, '0', 1),
(234, '10C03018', 'CARTULINA T/CARTA KIMBERLY PAQ. X 20', 'UND', 0, '0', 1),
(235, '10C03019', 'CARTULINA BRISTOL COLORES T/CARTA PAQ. X 100', 'UND', 0, '0', 1),
(236, '10C03020', 'CARTULINA BRISTOL BLANCA T/CARTA PAQ. X 100', 'UND', 0, '0', 1),
(237, '10C03021', 'CARTULINA BRISTOL AZUL CLARO T/CARTA 1X100', 'UND', 0, '0', 1),
(238, '10C03022', 'CARTULINA BRISTOL AZUL OSCURO T/CARTA X 100', 'UND', 0, '0', 1),
(239, '10C03023', 'CSRTULINA HILO BLANCA T/CARTA X 100', 'UND', 0, '0', 1),
(240, '10C03024', 'CARTULINA HILO BLANCA T/CARTA PAQ. X 25', 'UND', 0, '0', 1),
(241, '10C03025', 'CARTULINA FLUORESCENTE AMARILLO', 'UND', 0, '0', 1),
(242, '10C03026', 'CARTULINA FLUORESCENTE FUCCIA', 'UND', 0, '0', 1),
(243, '10C03027', 'CARTULINA FLUORESCENTE AZUL', 'UND', 0, '0', 1),
(244, '10C03028', 'CARTULINAS FUORESCENTE ANARANJADAS', 'UND', 0, '0', 1),
(245, '10C04000', 'CLIPS', 'UND', 0, '0', 0),
(246, '10C04001', 'CLIPS OFICA Nº 1', 'UND', 0, '0,88', 1),
(247, '10C04002', 'CLIPS MARIPOSA GRANDE', 'UND', 0, '2,15', 1),
(248, '10C04003', 'CLIPS DE COLORES', 'UND', 0, '1,7', 1),
(249, '10C04004', 'CLIPS ACE MARIPOSA Nº 1', 'UND', 0, '0', 1),
(250, '10C04005', 'CLIPS ACE MARIPOSA Nº 2', 'UND', 0, '0', 1),
(251, '10C04006', 'CLIPS ACE MARIPOSA Nº 3', 'UND', 0, '2,4', 1),
(252, '10C04007', 'CLIPS Nº 1', 'UND', 0, '0,72', 1),
(253, '10C04008', 'CLIPS Nº 1 TULSA', 'UND', 0, '0', 1),
(254, '10C04009', 'CLIPS MARIPOSA GRANDES', 'UND', 0, '2,33', 1),
(255, '10C04010', 'CLIPS MARIPOSA FANAGRA Nº 3', 'UND', 0, '2,45', 1),
(256, '10C05000', 'CINTAS ADHESIVAS', 'UND', 0, '0', 0),
(257, '10C05001', 'CINTA ADHESIVA P/EMBALAR MORROPAC 2"', 'UND', 0, '0', 1),
(258, '10C05002', 'CINTA ADH TRANSP PEGAFAN 3472', 'UND', 0, '0', 1),
(259, '10C05003', 'CINTA ADH TRANSP CELOVEN 1272', 'UND', 0, '1,3', 1),
(260, '10C05004', 'CINTA ADHESIVA TRANSP. 3436', 'UND', 0, '0,84', 1),
(261, '10C05005', 'CINTA ADH TRANSP CELOVEN 3472', 'UND', 0, '0', 1),
(262, '10C05006', 'CINTA ADH CELOVEN INVICEL 3436', 'UND', 0, '2,53', 1),
(263, '10C05007', 'CINTA ADH P/EMBALAR MORROPAC MARRON', 'UND', 0, '2,16', 1),
(264, '10C05008', 'CINTA ADH P/EMBALAR MORROPAC TRANSP', 'UND', 0, '2,16', 1),
(265, '10C05009', 'CINTA MAGICA SCOCHT 3M', 'UND', 0, '0', 1),
(266, '10C05010', 'CINTA P/MAQ. DE ESC. NAKAJIMA 640', 'UND', 0, '0', 1),
(267, '10C05011', 'CINTA ADHESIVA P/EMBALAR TRANSP. 2"', 'UND', 0, '0', 1),
(268, '10C05012', 'CINTA ADHESIVA 1" X 50 MTS.', 'UND', 0, '0', 1),
(269, '10C05013', 'CINTA ADH P/EMBALAR MORROPAC TRANSP. 90 MTS.', 'UND', 0, '0', 1),
(270, '10C06000', 'CINTAS P/MAQ. DE ESCRIBIR Y CA', 'UND', 0, '0', 0),
(271, '10C06001', 'CINTA CALCULADORA BICOLOR', 'UND', 0, '2,85', 1),
(272, '10C06002', 'CINTA KORES GR 146C IBM 196/210', 'UND', 0, '0', 1),
(273, '10C06003', 'CINTA KORES GR 153C BRO.AX10', 'UND', 0, '7,27', 1),
(274, '10C06004', 'CINTA KORES GR 155C CA.AP200/500', 'UND', 0, '0', 1),
(275, '10C06005', 'CINTA KORES GR 167C OLIV.PRAX 35/45', 'UND', 0, '0', 1),
(276, '10C06006', 'CINTA KORES GR 187C KORES', 'UND', 0, '9,22', 1),
(277, '10C06007', 'CINTA KORES GR 188C', 'UND', 0, '8,74', 1),
(278, '10C06008', 'CINTA KORES GR 143 LIFT-OFF X 6', 'UND', 0, '7,08', 1),
(279, '10C06009', 'CINTAS CORRECTORAS MAQUINA DE ESCRIBIR GR-314', 'UND', 0, '0', 1),
(280, '10C06010', 'CINTA DE MARCAJE P/CALCULADORA CASIO FR-510 IR-40T', 'UND', 0, '0', 1),
(281, '10C06011', 'CINTA P/MAQ. DE ESCRIBIR OLIVETY GR-313C', 'UND', 0, '0', 1),
(282, '10C06012', 'CINTAS PRINTRONIC P/C300/600 GENERICA', 'UND', 0, '8500', 1),
(283, '10C06013', 'CINTA P/MAQUINA DE ESCRIBIR GR. 155C', 'UND', 0, '8500', 1),
(284, '10C06014', 'CINTAS P/MAQ. ESCRIBIR IBM 6747 GR. 173C', 'UND', 0, '0', 1),
(285, '10C06015', 'CINTAS CORRECTORAS P/MAQ. IBM 140', 'UND', 0, '0', 1),
(286, '10C06016', 'CINTA MAQUINA DE ESCRIBIR OLYMPIA COMPAQ S GR-163', 'UND', 0, '0', 1),
(287, '10C06017', 'CINTA IBM 140C 82C', 'UND', 0, '0', 1),
(288, '10C06018', 'CINTA FULMARK P/EPSON FX-890', 'UND', 0, '0', 1),
(289, '10C06019', 'CINTA STAR SP-200', 'UND', 0, '0', 1),
(290, '10C07000', 'CORRECTORES', 'UND', 0, '0', 0),
(291, '10C07001', 'CORRECTOR LIQUIDO KORES', 'UND', 0, '1,96', 1),
(292, '10C07002', 'CORRECTOR 2 EN 1', 'UND', 0, '0', 1),
(293, '10C07003', 'CORRECTOR LIQUIDO TIPP-EX', 'UND', 0, '2,78', 1),
(294, '10C07004', 'CORRECTOR LIQ. PAPER BOLIGRAFO', 'UND', 0, '0', 1),
(295, '10C07005', 'CORRECTOR TIPP-EX BOLIGRAFO', 'UND', 0, '0', 1),
(296, '10C07006', 'CORRECTOR KORES ROLLER', 'UND', 0, '3,84', 1),
(297, '10C07007', 'CORRECTOR TIPO BOLIGRAFO', 'UND', 0, '0', 1),
(298, '10C08000', 'CAJAS CHICAS Y COFRES', 'UND', 0, '0', 0),
(299, '10C08001', 'CAJA CHICA GRANDE', 'UND', 0, '0', 1),
(300, '10C08002', 'CAJA CHICA MEDIANA', 'UND', 0, '0', 1),
(301, '10C08003', 'CAJA CHICA PEQUEÑA', 'UND', 0, '0', 1),
(302, '10C09000', 'CD''S VIRGENES', 'UND', 0, '0', 0),
(303, '10C09001', 'CD''S VIRGENES HP C/FUNDA PLASTICA', 'UND', 0, '2,2', 1),
(304, '10C09002', 'CD´S VIRGENES MAXELL C/FUNDA', 'UND', 0, '0', 1),
(305, '10C09003', 'CD´S VIRGENES HP C/FUNDA', 'UND', 0, '1,27', 1),
(306, '10C09004', 'CD´S VIRGENES C/FUNDA', 'UND', 0, '0,87', 1),
(307, '10C09005', 'CD´S VIRGENES SONY TORRE 100 X 1', 'UND', 0, '0', 1),
(308, '10C09006', 'CD´S VIRGENES HP CON ESTUCHE RIGIDO', 'UND', 0, '1,27', 1),
(309, '10C09007', 'DVD+WR C/FUNDA PLASTICA', 'UND', 0, '3', 1),
(310, '10C09008', 'CD''S+RW PHILLIPS', 'UND', 0, '4', 1),
(311, '10C09009', 'CD VIRGEN BENQ C/FUNDA', 'UND', 0, '2,79', 1),
(312, '10C09010', 'CD -RW REESCRIBIBLE C/ESTUCHE', 'UND', 0, '4,7', 1),
(313, '10C09011', 'CD´S VIRGENES HP EN TORRE 50X1)', 'UND', 0, '43,65', 1),
(314, '10C09012', 'CD´S VIRGENES MATRIX C/FUNDAS PLASTICAS', 'UND', 0, '0', 1),
(315, '10C09013', 'CD´S VIRGENES BENQ COLORES TORRE X 50', 'UND', 0, '0', 1),
(316, '10C09014', 'DVD-R VIRGENES BENQ. TORRE X 100', 'UND', 0, '0', 1),
(317, '10C09015', 'CD''S VIRGENES DVD-R C/FUNDA', 'UND', 0, '0', 1),
(318, '10C10000', 'CUADERNOS', 'UND', 0, '0', 0),
(319, '10C10001', 'CUADERNOS COCIDOS SURTIDOS 100 HOJAS', 'UND', 0, '0', 1),
(320, '10C10005', 'CUADERNO DE CONTABILIDAD 4 COL. 12 PAG.', 'UND', 0, '0', 1),
(321, '10C1003', 'CUADERNOS DE DOBLE LINEA CARIBE 100 H.', 'UND', 0, '0', 1),
(322, '10C1004', 'CUADERNOS CUADRICULADO CARIBE 100 H', 'UND', 0, '0', 1),
(323, '10C11000', 'CREYONES', 'UND', 0, '0', 0),
(324, '10C11001', 'CREYONES MADERA X 12 COLORES SURTIDO', 'UND', 0, '0', 1),
(325, '10C11002', 'CREYONES DE MADERA F. CASTELL X 12 COLORES SURTIDOS', 'UND', 0, '0', 1),
(326, '10C12000', 'CINTAS P/MINI DVD', 'UND', 0, '0', 0),
(327, '10C12001', 'CINTAS P/MINI DVD DE CAMARA 60 MIN. MAXELL', 'UND', 0, '0', 1),
(328, '10C12002', 'CINTA VHS 160 MIN. GX MOD.T-160 MAXELL', 'UND', 0, '0', 1),
(329, '10C12003', 'CINTAS MINI DV DE CÁMARA FILMADORA DVM-60', 'UND', 0, '0', 1),
(330, '10C12004', 'CINTAS PARA FILMADORA HI 8 SONY P6-120XRM', 'UND', 0, '0', 1),
(331, '10C13000', 'CINTAS PORTA CARNETS', 'UND', 0, '0', 0),
(332, '10C13001', 'CINTAS P/PORTACARNETS', 'UND', 0, '0', 1),
(333, '10C16000', 'CASSETTE', 'UND', 0, '0', 0),
(334, '10C16001', 'CASSETTE DE AUDIO 60 MIN. (UR.60) MAXELL', 'UND', 0, '0', 1),
(335, '10C16002', 'CASSETE DE AUDIO MAXELL 90 MIN. (UR-90)', 'UND', 0, '0', 1),
(336, '10C17000', 'CUCHILLAS', 'UND', 0, '0', 0),
(337, '10C17001', 'CUCHILLAS P/EXACTOS SNAP-OF 11-300 BLI X 10', 'UND', 0, '0', 1),
(338, '10C17002', 'CUCHILLA P/EXACTOS SNAP-ON 11301 ST BLI X 10', 'UND', 0, '0', 1),
(339, '10C17003', 'CUCHILLAS GRANDE P/EXACTOS STANLEY', 'UND', 0, '0', 1),
(340, '10C20000', 'CHINCHES', 'UND', 0, '0', 0),
(341, '10C20001', 'CHINCHES COLORES SURTIDO CJA. X 100', 'UND', 0, '2,2', 1),
(342, '10C20002', 'CHINCHES UNICOLOR', 'UND', 0, '0', 1),
(343, '10C20005', 'CHINCHES P/MAPAS CJA. X 55', 'UND', 0, '0', 1),
(344, '10C21000', 'CREYONES', 'UND', 0, '0', 0),
(345, '10C21001', 'CREYONES DE CERA X 12', 'UND', 0, '0', 1),
(346, '10C21002', 'COLORES DE MADERA BEROL HECHIZO', 'UND', 0, '0', 1),
(347, '10C21003', 'CREYONES DE CERA DELGADO 24 COL.', 'UND', 0, '0', 1),
(348, '10C21004', 'CREYONES DE MADERA F. CASTELL 24 COL', 'UND', 0, '0', 1),
(349, '10C21005', 'CREYONES SOLITA CAJA X 12 COL.', 'UND', 0, '0', 1),
(350, '10C22000', 'CARTUCHERAS', 'UND', 0, '0', 0),
(351, '10C22001', 'CARTUCHERAS UNISEX UNICOLOR', 'UND', 0, '0', 1),
(352, '10C23000', 'CARPETAS UNA', 'UND', 0, '0', 0),
(353, '10C23001', 'CARP. COLGANTE ACCO T/OFICIO X 25', 'UND', 0, '0', 1),
(354, '10C24000', 'CALCULADORAS', 'UND', 0, '0', 0),
(355, '10C24001', 'CALCULADORAS DE BOLSILLO HL820 LV 8 DIG.', 'UND', 0, '0', 1),
(356, '10C24002', 'CALCULADORA CASIO MOD. GX -14S 14 DIG.', 'UND', 0, '0', 1),
(357, '10C25000', 'COMPAS ESCOLAR METALICO', 'UND', 0, '0', 0),
(358, '10C26000', 'COMPAS', 'UND', 0, '0', 0),
(359, '10C27000', 'CINTA TROQUELADORA', 'UND', 0, '0', 0),
(360, '10C27001', 'CINTA TROQUELADORA PAYMASTER 9000 NEGRA', 'UND', 0, '0', 1),
(361, '10C28000', 'CARTON MICROARRUGADO', 'UND', 0, '0', 0),
(362, '10C28001', 'CARTON MICROARRUGADO X 10', 'UND', 0, '0', 1),
(363, '10C29000', 'CARTULINA DOBLE FAZ', 'UND', 0, '0', 0),
(364, '10C29001', 'CARTULINA DOBLE FAZ X 100', 'UND', 0, '0', 1),
(365, '10D01000', 'DISKETTES', 'UND', 0, '0', 0),
(366, '10D01001', 'DISKETTES IMATION 3.5 " 1.44MB HD', 'UND', 0, '9,88', 1),
(367, '10D01002', 'DISCO DURO WESTER DIGITAL SERIAL ATA II 16MB', 'UND', 0, '9,35', 1),
(368, '10D01003', 'ZIP 100 MB IOMEGA', 'UND', 0, '0', 1),
(369, '10D01004', 'DISKETTES SONY 3 5" 1.44MB HD', 'UND', 0, '0', 1),
(370, '10D02000', 'DISPENSADOR', 'UND', 0, '0', 0),
(371, '10D02001', 'DISPENSADOR DE CINTA ADHESIVA 3M C48', 'UND', 0, '6,32', 1),
(372, '10D02002', 'DISPENSADOR DE CINTA ADHESIVA EAGLE GRANDE', 'UND', 0, '6,27', 1),
(373, '10D02003', 'DISPENSADOR BRILUX 9"', 'UND', 0, '8,2', 1),
(374, '10D02004', 'DISPENSADOR DE CINTA ADHESIVA GRANDE', 'UND', 0, '0', 1),
(375, '10D02005', 'DISPENSADOR DE CINTA P/EMBALAR 60 CMS. DE PAPEL KRAFT', 'UND', 0, '0', 1),
(376, '10D02006', 'DISPENSADOR DE CINTA P/EMBALAR MORROPAC', 'UND', 0, '0', 1),
(377, '10D03000', 'DESTRUCTORA', 'UND', 0, '0', 0),
(378, '10D03001', 'DESTRUCTORA DE PAPEL ELECTRONICA DAHLE MOD. 30104', 'UND', 0, '0', 1),
(379, '10D03002', 'DESTRUCTORA DE PAPEL ELECT. DAHLE MOD. 30104 ALEMANA', 'UND', 0, '0', 1),
(380, '10D03003', 'DESTRUCTORA DE PAPEL ELECTRONICA DAHLE MOD. 30206', 'UND', 0, '0', 1),
(381, '10D03004', 'DESTRUCTORA DE PAPEL ELECTRONICA DAHLE, MOD. 20090', 'UND', 0, '0', 1),
(382, '10D03005', 'DESTRUCTORA DE DOCUMENTOS FELLOWES PS67/CS 8 HOJAS', 'UND', 0, '0', 1),
(383, '10D03006', 'DESTRUCTORA DE PAPEL COMIX MOD. S290 TIBURON 12H', 'UND', 0, '0', 1),
(384, '10D03007', 'DESTRUCTORA DE PAPEL OFETECH MOD. 2415 CDC 15 HOJAS', 'UND', 0, '0', 1),
(385, '10D04000', 'DICCIONARIO', 'UND', 0, '0', 0),
(386, '10D04001', 'DICCIONARIO ESCOLAR BASICO', 'UND', 0, '0', 1),
(387, '10D05000', 'DVD VIRGEN', 'UND', 0, '0', 0),
(388, '10D05001', 'DVD VIRGEN DUAL LAYER SG-DIGITAL 8.5 GB 8X X 25', 'UND', 0, '0', 1),
(389, '10E01000', 'ENGRAPADORAS', 'UND', 0, '0', 0),
(390, '10E01001', 'ENGRAPADORA ALICATE ACE CLIPER', 'UND', 0, '0', 1),
(391, '10E01002', 'ENGRAPADORA SWINGLINE TIBURON', 'UND', 0, '46,07', 1),
(392, '10E01003', 'ENGRAPADORA ALICATE MAXI 2200', 'UND', 0, '47,34', 1),
(393, '10E01004', 'ENGRAPADORA RAPID 41', 'UND', 1, '0', 1),
(394, '10E01005', 'ENGRAPADORA ELECTRICA KW-TRIO MOD. 5991 25 HOJAS', 'UND', 0, '0', 1),
(395, '10E01006', 'ENGRAPADORA WEX 50 HOJAS', 'UND', 0, '0', 1),
(396, '10E01007', 'ENGRAPADORA TIPO ALICATE TAFF', 'UND', 0, '0', 1),
(397, '10E01020', 'ENGRAPADORA TIPO ALICATE OFICA', 'UND', 0, '0', 1),
(398, '10E01030', 'ENGRAPADORA SEMI-INDUSTRIAL KW 100 HOJAS', 'UND', 0, '0', 1),
(399, '10E01031', 'ENGRAPADORA SEMI- IND. KW K50 LCN 240 H.', 'UND', 0, '105,85', 1),
(400, '10E01032', 'ENGRAPADORA ELECTRIC RAPID 5080 80 HOJAS', 'UND', 0, '0', 1),
(401, '10E02000', 'ESCALIMETROS', 'UND', 0, '0', 0),
(402, '10E03000', 'ETIQUETAS', 'UND', 0, '0', 0),
(403, '10E03001', 'SERVIDOR HP PROLAINT ML-110', 'UND', 0, '0', 1),
(404, '10E03002', 'ETIQUETAS STAR P/ARCHIVADOR', 'UND', 0, '0', 1),
(405, '10E03003', 'ETIQUETAS AUTOADHESIVA STAR BORDE AZUL X 48 SOBRES', 'UND', 0, '0', 1),
(406, '10E03004', 'ETIQUETAS AUTO-ADHESIVAS P/PESTAÑAS DE CARP.', 'UND', 0, '0', 1),
(407, '10E03005', 'ETIQUETAS PARA ETIQUETADORAS SATO MOD. PB-216 CAJ.X 100X800', 'UND', 0, '0', 1),
(408, '10E03006', 'ETIQUETAS OJETES X 48', 'UND', 0, '0', 1),
(409, '10E03007', 'ETIQUETAS AUTOAD.T/CARTA', 'UND', 0, '0', 1),
(410, '10E03015', 'ETIQUETAS ADHESIVA P/CD''S X 100', 'UND', 0, '0', 1),
(411, '10E03016', 'ETIQUETAS F/C REF. FC 1200 CAJA X 1200', 'UND', 0, '0', 1),
(412, '10E03017', 'ETIQUETAS T/CARTA BCA.PX25', 'UND', 0, '0', 1),
(413, '10E03018', 'ETIQUETAS P/CD STAR PAQ. 25X2', 'UND', 0, '0', 1),
(414, '10E04000', 'ESCUADRAS', 'UND', 0, '0', 0),
(415, '10E04001', 'JUEGO DE ESCUADRA 45 GDOS.', 'UND', 0, '0', 1),
(416, '10E04002', 'JUEGO DE ESCRITORIO 5 PIEZAS MAYA METALICA', 'UND', 0, '0', 1),
(417, '10E05000', 'ESTUCHES GEOMETRICOS', 'UND', 0, '0', 0),
(418, '10E06000', 'ESTUCHES', 'UND', 0, '0', 0),
(419, '10E06001', 'ESTUCHES P/CD PLASTICOS', 'UND', 0, '0', 1),
(420, '10E06002', 'ESTUCHES P/CD PLASTICOS', 'UND', 0, '0', 1),
(421, '10E06003', 'ESTUCHES P/CD PLASTICOS PAQ. X 50', 'UND', 0, '0', 1),
(422, '10E06004', 'ESTUCHES P/CD PLASTICOS PAQ. X 100', 'UND', 0, '0', 1),
(423, '10E06005', 'ESTUCHES DE CD`S COLORES VARIADOS', 'UND', 0, '0,5', 1),
(424, '10E06007', 'ESCALIMETRO DE PLASTICO 30 CMS.', 'UND', 0, '0', 1),
(425, '10E07000', 'ESPIRALES P/ENCUADERNAR', 'UND', 0, '0', 0),
(426, '10E07001', 'ESPIRAL CONT. NEGROS 42 MM', 'UND', 0, '0', 1),
(427, '10E07002', 'ESPIRALES PLASTICOS 120 HOJAS CAJA X 50', 'UND', 0, '0', 1),
(428, '10E07003', 'ESPIRAL CONT. NEGROS 25 MM', 'UND', 0, '0', 1),
(429, '10E07004', 'ESPIRAL CONT.NEGROS 33 MM', 'UND', 0, '0', 1),
(430, '10E07005', 'ESPIRAL CONT. NEGRO 23 MM', 'UND', 0, '0', 1),
(431, '10E07006', 'ESPIRAL CONT. NEGROS 30 MM.', 'UND', 0, '0', 1),
(432, '10E07007', 'ESPIRALES PLASTICOS P/ENCUADERNAR 3/8"', 'UND', 0, '0', 1),
(433, '10E07008', 'ESPIRALES PLASTICOS P/ENCUADERNAR 9/16"', 'UND', 0, '0', 1),
(434, '10E20000', 'EXACTOS (CUCHILLAS P/CORTE)', 'UND', 0, '0', 0),
(435, '10E20002', 'EXACTOS BEST VALUE DE METAL', 'UND', 0, '0', 1),
(436, '10E20010', 'EXACTOS STANLEY METAL MOD. 10175', 'UND', 0, '11382', 1),
(437, '10E20011', 'CUCHILLA X-ACTO No.11 CON MANGO', 'UND', 0, '15', 1),
(438, '10E20012', 'CUCHILLA P/EXACTOS GRANDE BLIS X 5', 'UND', 0, '0', 1),
(439, '10E20013', 'CUCHILLA P/EXACTOS PEQUEÑA BLIS X 5', 'UND', 0, '0', 1),
(440, '10E2003', 'EXACTO CORTA PAPEL TIPO LAPIZ', 'UND', 0, '0', 1),
(441, '10EN1000', 'ENCUADERNADORA', 'UND', 0, '0', 0),
(442, '10EN1001', 'ENCUADERNADORA MANUAL MARCA: TAHSIN MOD. TCC-21 450 HOJAS', 'UND', 0, '0', 1),
(443, '10EN1002', 'ENCUADERNADORA TAHSIN MODELO TCC-242', 'UND', 0, '0', 1),
(444, '10EN1003', 'ENCUADERNADORA DURACOIL PLUS CARTA/OFIC.ESPIR.CONT.', 'UND', 0, '0', 1),
(445, '10EN1004', 'ENCUADERNADORA CB-1250/ENC. ANILLOS, 2 PALANCAS', 'UND', 0, '0', 1),
(446, '10ES1000', 'ESTAMBRE', 'UND', 0, '0', 0),
(447, '10ES1001', 'ESTAMBRE COLEGIAL X 20', 'UND', 0, '0', 1),
(448, '10F01000', 'FORMAS CONTINUAS CARBON', 'UND', 0, '0', 0),
(449, '10F01001', 'FORMAS CONT. 14 7/8 X 11 1 PARTE BL', 'UND', 0, '130', 1),
(450, '10F01002', 'FORMAS CONT. 14 7/8 X 11 2 PARTES BL', 'UND', 0, '0', 1),
(451, '10F01003', 'FORMAS CONT. 14 7/8 X 11 3 PARTES BL', 'UND', 0, '0', 1),
(452, '10F01004', 'FORMAS CONTINUA 14 7/8 X 11 UNA PARTE VERDE', 'UND', 0, '0', 1),
(453, '10F01010', 'FORMAS CONT. 9 1/2 X 11 1 PARTE BL', 'UND', 0, '78,52', 1),
(454, '10F01011', 'FORMAS CONT. 9 1/2 X 11 2 PARTES BL', 'UND', 0, '131,98', 1),
(455, '10F01012', 'FORMAS CONT. 9 1/2 X 11 3 PARTES BL', 'UND', 0, '0', 1),
(456, '10F01020', 'FORMAS CONT. 9 1/2 X 5 1/2 1 PARTE BL', 'UND', 0, '0', 1),
(457, '10F01021', 'FORMAS CONT. 9 1/2 X 5 1/2 2 PARTES BL', 'UND', 0, '149,34', 1),
(458, '10F01022', 'FORMAS CONT. 9 1/2 X 5 1/2 3 PARTES BL', 'UND', 0, '0', 1),
(459, '10F01023', 'FORMAS CONT. 9 1/2 X 5 1/2 2 P BL QUIMICO', 'UND', 0, '0', 1),
(460, '10F02000', 'FORMAS CONTINUAS QUIMICO', 'UND', 0, '0', 0),
(461, '10F02001', 'FORMAS CONT. 9 1/2 X 11 2 P BL QUIMICO', 'UND', 0, '0', 1),
(462, '10F02002', 'FORMAS CONT. 9 1/2 X 11 3P BL QUIMICO', 'UND', 0, '0', 1),
(463, '10F02003', 'FORMAS CONTINU 9 1/2 X 11" 4 PARTES QUIMICO', 'UND', 0, '0', 1),
(464, '10F02004', 'FORMAS CONTINUA 9 1/2 X 5 1/2" QUIMICO 2 PARTES', 'UND', 0, '0', 1),
(465, '10F03000', 'FUNDAS PLASTICAS PROTECTORAS', 'UND', 0, '0', 0),
(466, '10F03001', 'FUNDAS PROTECTORA T/CARTA', 'UND', 0, '7', 1),
(467, '10F03002', 'FUNDAS PROTECTORAS T/CARTA X 25 SOLITA', 'UND', 0, '0', 1),
(468, '10F03003', 'FUNDAS PROTECTORAS SOLITA T/CARTA X 100 PAQ.', 'UND', 0, '10,32', 1),
(469, '10F03004', 'FUNDAS PLASTICAS P/CD''S', 'UND', 0, '0', 1),
(470, '10F04000', 'FORMATOS ESPECIALES', 'UND', 0, '0', 0),
(471, '10F04001', 'FORMAS LEC 200681 QUIMICO PAQ. X 25', 'UND', 0, '0', 1),
(472, '10F04002', 'FORMAS LEC 20065 PAQ. X 50', 'UND', 0, '0', 1),
(473, '10F04003', 'RECIBO DE CAJA CHICA', 'UND', 0, '0', 1),
(474, '10F04004', 'FORMAS LEC 20069 PAQ. QUIMICO', 'UND', 0, '0', 1),
(475, '10F04005', 'FORMAS LEC REF. 800098 COMP. EGRESO PEQ. X 25 X 3', 'UND', 0, '0', 1),
(476, '10F05000', 'FICHAS RAYAS', 'UND', 0, '0', 0),
(477, '10F05001', 'FICHAS RAYAS GRANDE 5 X 8', 'UND', 0, '0', 1),
(478, '10F05002', 'FICHAS RAYAS MEDIANO 3 X 5, X 100', 'UND', 0, '0', 1),
(479, '10F05003', 'FOAMI CARTA X 12', 'UND', 0, '0', 1),
(480, '10F06000', 'FUNDAS PLASTICAS PROTECTORAS', 'UND', 0, '0', 0),
(481, '10F06001', 'FORMAS CONTINUAS 9 1/2 X 11 1 PARTE BL UN DESGLOSE', 'UND', 0, '0', 1),
(482, '10F07000', 'FORMAS LEC', 'UND', 0, '0', 0),
(483, '10F07001', 'FORMAS LEC REF. 800099 COMP- EGRESO GDE. X 25X3', 'UND', 0, '0', 1),
(484, '10F07002', 'FORMAS LEC REF. 20055', 'UND', 0, '0', 1),
(485, '10F07003', 'FORMAS LEC REF. 8000097 PEQ. DUPLICADO', 'UND', 0, '0', 1),
(486, '10F07004', 'FORMAS ITEVECA COMP. DE EGRESO REF. 986898 C/CINTA ADH', 'UND', 0, '0', 1),
(487, '10F07005', 'FORMAS LEC 10-02-1 X 50 HOJA DE VIDA', 'UND', 0, '0', 1),
(488, '10F07006', 'FORMAS LEC 35-05 FONO-MEMO', 'UND', 0, '0', 1),
(489, '10F08000', 'FECHADORES', 'UND', 0, '0', 0),
(490, '10FE8000', 'COMPROBANTE DE EGRESO', 'UND', 0, '0', 0),
(491, '10FE8001', 'COMPROBANTE DE EGRESO (20065)906090 ITEVECA X 50', 'UND', 0, '0', 1),
(492, '10G01000', 'GANCHOS P/CARPETAS', 'UND', 0, '0', 0),
(493, '10G01001', 'GANCHOS P/CARPETAS ACCO', 'UND', 0, '3,66', 1),
(494, '10G01002', 'GANCHOS DOBLE CLIPS 32 MM X12', 'UND', 0, '0', 1),
(495, '10G01003', 'GANCHOS DOBLE CLIPS 15 MM X12', 'UND', 0, '0', 1),
(496, '10G01004', 'GANCHOS DOBLE CLIPS 3/4" CAJA X 12', 'UND', 0, '1,94', 1),
(497, '10G01005', 'GANCHOS DOBLE CLIPS 1" CAJA X 12', 'UND', 0, '3,07', 1),
(498, '10G01006', 'GANCHOS DOBLE CLIPS 1 1/4" CAJA X 12', 'UND', 0, '4,16', 1),
(499, '10G01007', 'GANCHOS DOBLE CLIPS 1 5/8" CAJA X 12', 'UND', 0, '4,85', 1),
(500, '10G01008', 'GANCHOS DOBLE CLIPS 1 1/2" CAJA X 12', 'UND', 0, '0', 1),
(501, '10G01009', 'GANCHOS DOBLE CLIPS 2" CAJA X 12', 'UND', 0, '9,57', 1),
(502, '10G01010', 'GANCHOS DOBLE CLIPS 1/2" CAJ. X 12', 'UND', 0, '1,78', 1),
(503, '10G01011', 'GANCHOS DOBLE CLIPS 41 MM X 12', 'UND', 0, '0', 1),
(504, '10G01016', 'GOMA EN BARRA SOLITA 15 GR', 'UND', 0, '0', 1),
(505, '10G02000', 'GOMAS DE PEGAR', 'UND', 0, '0', 0),
(506, '10G02001', 'GOMA DE PEGAR RUBBER CEMENT GALON', 'UND', 0, '0', 1),
(507, '10G02002', 'GOMA ELEFANTE 135 CC', 'UND', 0, '0', 1),
(508, '10G02003', 'GOMA DE PEGAR BLANCA 220CC', 'UND', 0, '0', 1),
(509, '10G02010', 'PEGA EN BARRA', 'UND', 0, '2,35', 1),
(510, '10G02011', 'GOMA EN BARRA PRITT 20 GRS.', 'UND', 0, '2,96', 1),
(511, '10G02012', 'GOMA EN BARRA KORES 8 GRS.', 'UND', 0, '1,08', 1),
(512, '10G02013', 'GOMA EN BARRA KORES 15 GRS.', 'UND', 0, '1,7', 1),
(513, '10G02014', 'GOMA EN BARRA 21 GRS. ARTESCO', 'UND', 0, '5,24', 1),
(514, '10G02015', 'GOMA EN BARRA GRANDE', 'UND', 0, '0', 1),
(515, '10G02017', 'GOMA EN BARRA SOLITA 35 GR', 'UND', 0, '0', 1),
(516, '10G02018', 'GOMA EN BARRA SOLIT 35 GRS.', 'UND', 0, '0', 1),
(517, '10G02019', 'GOMA DE PEGAR ELEFANTE 500 CC.', 'UND', 0, '0', 1),
(518, '10G02020', 'SILICON LIQUIDO', 'UND', 0, '0', 1),
(519, '10G02021', 'GOMA DE PEGAR RUBBER CEMENT 125 CC', 'UND', 0, '0', 1),
(520, '10G02022', 'GOMA DE PEGAR EN BARRA 8 GRS. EAGLE', 'UND', 0, '0,66', 1),
(521, '10G02023', 'PEGA RUBBER CEMENT 1 GALON', 'UND', 0, '0', 1),
(522, '10G02024', 'GOMA DE PEGAR EN BARRA 3M SCOTCH PEQ.', 'UND', 0, '0,92', 1),
(523, '10G02025', 'GOMA DE PEGAR SUPER GLUR HANDY JOE', 'UND', 0, '0', 1),
(524, '10G03000', 'GRAPAS', 'CAJ', 0, '0', 0),
(525, '10G03001', 'GRAPAS CORRUGADAS ACE NACIONAL', 'UND', 0, '5,35', 1),
(526, '10G03002', 'GRAPAS CORRUGADAS WINGO', 'UND', 0, '5,81', 1),
(527, '10G03003', 'GRAPAS CORRUGADAS TULSA', 'UND', 0, '0', 1),
(528, '10G03004', 'GRAPAS CORRUGADAS', 'UND', 0, '0', 1),
(529, '10G03005', 'GRAPAS CORRUGADAS ACE', 'UND', 0, '5,35', 1),
(530, '10G03006', 'GRAPAS INDUSTRIALES 23/17', 'UND', 0, '0', 1),
(531, '10G03007', 'GRAPAS INDUSTRIALES 23/12', 'UND', 0, '6,25', 1),
(532, '10G03010', 'GRAPAS LISAS SWIGLINE', 'UND', 0, '0', 1),
(533, '10G03011', 'GRAPAS LISAS WINGO', 'UND', 0, '3,6', 1),
(534, '10G03012', 'GRAPAS LISAS', 'UND', 0, '0', 1),
(535, '10G03013', 'GRAPAS LISAS FANAGRA', 'UND', 0, '0', 1),
(536, '10G03014', 'GRAPAS LISAS ACE', 'UND', 0, '5,1', 1),
(537, '10G03015', 'GRAPAS WINGO LISAS 23/14', 'UND', 0, '0', 1),
(538, '10G03020', 'GRAPAS INDUSTRIALES 23/8', 'UND', 0, '4,32', 1),
(539, '10G03021', 'GRAPAS INDUSTRIALES 23/10', 'UND', 0, '5,76', 1),
(540, '10G03022', 'GRAPAS INDUSTRIALES 23/14', 'UND', 0, '0', 1),
(541, '10G03023', 'GRAPAS CORRUGADAS OSLO', 'UND', 0, '4,96', 1),
(542, '10G03024', 'GRAPAS LISAS OSLO', 'UND', 0, '3,87', 1),
(543, '10G03025', 'GRAPAS CORRUGADAS RAPID', 'UND', 0, '0', 1),
(544, '10G04000', 'GUILOTINAS', 'UND', 0, '0', 0),
(545, '10G04001', 'GUILLOTINA KW 12" MOD. 3016', 'UND', 0, '91,95', 1),
(546, '10G04002', 'GUILLOTINA KW 15" PLASTICO', 'UND', 0, '75875', 1),
(547, '10G04003', 'GUILLOTINA KW 18" PLASTICO', 'UND', 0, '0', 1),
(548, '10G04004', 'GUILLOTINA KW 12"', 'UND', 0, '0', 1),
(549, '10G04005', 'GUILLOTINA 15" ARTTER', 'UND', 0, '0', 1),
(550, '10G04010', 'GUILLOTINA PREMIER 12"', 'UND', 0, '0', 1),
(551, '10G04011', 'GUILLOTINA ROTATIVA 12"', 'UND', 0, '0', 1),
(552, '10G04012', 'GUILLOTINA ROTATIVA 15"', 'UND', 0, '0', 1),
(553, '10G04013', 'GUILLOTINA DAHLE MOD. 30104 ELECTRONICA', 'UND', 0, '0', 1),
(554, '10G04014', 'DESTRUCTORA DE DOC. M. SELLOWES, MOD. PS60 12 HOJAS', 'UND', 0, '0', 1),
(555, '10G06000', 'GANCHOS', 'UND', 0, '0', 0),
(556, '10G06001', 'GANCHOS DOBLE CLIPS 25 MM X 12', 'UND', 0, '0', 1),
(557, '10G06002', 'GANCHOS DOBLE CLIPS 51 MM', 'UND', 0, '0', 1),
(558, '10G06003', 'GANCHOS DOBLE CLIPS PEQUEÑOS', 'UND', 0, '0', 1),
(559, '10G06007', 'GANCHOS DOBLE CLIPS MEDIANOS', 'UND', 0, '0', 1),
(560, '10GO5000', 'GOMA FOAMI', 'UND', 0, '0', 0),
(561, '10GO5001', 'GOMA FOAMI UNICOLOR PAQ. X 12', 'UND', 0, '0', 1),
(562, '10H01000', 'HOJAS DE EXAMEN', 'UND', 0, '0', 0),
(563, '10H01001', 'HOJAS DE EXAMEN PAQ. X 100', 'UND', 0, '0', 1),
(564, '10H03000', 'HOJAS PONCHADAS', 'UND', 0, '0', 0),
(565, '10H03001', 'HOJAS PONCHADAS DE 1 LINEA X 80', 'UND', 0, '0', 1),
(566, '10HO2000', 'HOJILLA P/EXACTOS', 'UND', 0, '0', 0),
(567, '10HO2001', 'HOJILLA P/EXACTOS GRANDE', 'UND', 0, '0', 1),
(568, '10L01000', 'LAPICES', 'UND', 0, '0', 0),
(569, '10L01001', 'LAPIZ GRAFITO MONGOL Nº 2', 'UND', 0, '8,72', 1),
(570, '10L01002', 'LAPIZ GRAFITO', 'UND', 0, '3,83', 1),
(571, '10L01003', 'LAPIZ GRAFITO GRADUADO P/DIBUJO', 'UND', 0, '0', 1),
(572, '10L01004', 'LAPIZ DE CHEQUEO BICOLOR', 'UND', 1, '9,26', 1),
(573, '10L01005', 'LAPIZ GRAFITO (CAJA)', 'UND', 0, '0', 1),
(574, '10L01009', 'LAPIZ FABER CASTELL Nº 2', 'UND', 0, '0', 1),
(575, '10L02000', 'LIBRETAS', 'UND', 0, '0', 0),
(576, '10L02001', 'LIBRETAS INDICE GRANDE NORMA', 'UND', 0, '16,33', 1),
(577, '10L02002', 'LIBRETAS INDICE LIDER', 'UND', 0, '0', 1),
(578, '10L02003', 'LIBRETAS INDICE PEQUEÑA NORMA', 'UND', 0, '0', 1),
(579, '10L02004', 'LIBRETAS RAYA GRANDE CARIBE 100 HOJAS', 'UND', 0, '3,66', 1),
(580, '10L02005', 'LIBRETAS COSIDA DE UNA LINEA 100 H.', 'UND', 0, '0', 1),
(581, '10L02006', 'LIBRETAS GRANDE LIDER 144 HOJAS', 'UND', 0, '0', 1),
(582, '10L02007', 'LIBRETAS EMPASTADA 100 HOJAS', 'UND', 0, '9,76', 1),
(583, '10L02008', 'LIBRETAS ESPIRAL PEQUEÑA CUADRICULADO', 'UND', 0, '0', 1),
(584, '10L02009', 'LIBRETAS ESPIRALES PEQ. 6 MAT.', 'UND', 0, '0', 1),
(585, '10L02010', 'LIBRETAS DE 100 HOJAS TESIS', 'UND', 0, '3,66', 1),
(586, '10L02020', 'LIBRETAS ESPIRAL GDE 4 MAT. 160 H', 'UND', 0, '0', 1),
(587, '10L02021', 'LIBRETAS ESPIRAL GRANDE', 'UND', 0, '0', 1),
(588, '10L02022', 'LIBRETAS ESPIRAL GRANDE 2 MAT.', 'UND', 0, '3,9', 1),
(589, '10L02023', 'LIBRETAS ESPIRALES GRANDES 6 MAT.', 'UND', 0, '0', 1),
(590, '10L02024', 'LIBRETAS COSIDA CUADRICULADO CARIBE 100 H.', 'UND', 0, '0', 1),
(591, '10L02025', 'LIBRETAS COSIDA DE DOBLE LINEA CARIBE 100 H.', 'UND', 0, '0', 1),
(592, '10L03000', 'LIBROS CONTABLES Y DE ACTAS', 'UND', 0, '0', 0),
(593, '10L03001', 'LIBRO DE ACTAS 200 FOLIOS', 'UND', 0, '0', 1),
(594, '10L03002', 'LIBROS DE ACTAS DE 400 FOLIOS', 'UND', 0, '0', 1),
(595, '10L03003', 'LIBRO DE CONTABILIDAD 2 COLUMNAS 200 FOLIOS', 'UND', 0, '0', 1),
(596, '10L03004', 'LIBRO DE CONTABILIDAD 3 COLUMNAS 200 FOLIOS', 'UND', 0, '10,98', 1),
(597, '10L03005', 'LIBRO CONTABILIDAD 3 COLUMNAS 100 FOLIOS', 'UND', 0, '0', 1),
(598, '10L03006', 'LIBROS DE ACTAS 100 FOLIOS', 'UND', 0, '0', 1),
(599, '10L03010', 'LIBROS DE ACTAS 200 FOLIOS', 'UND', 0, '12,66', 1),
(600, '10L03011', 'LIBRO DE ACTAS 300 FOLIOS', 'UND', 0, '17,87', 1),
(601, '10L03012', 'LIBRO DE ACTAS 400 FOLIOS', 'UND', 0, '26,63', 1),
(602, '10L03013', 'LIBRO DE ACTAS 500 FOLIOS', 'UND', 0, '0', 1),
(603, '10L03014', 'LIBROS P/CORRESPONDENCIA 400 HOJAS', 'UND', 0, '0', 1),
(604, '10L04000', 'LAMINAS DE CORCHO', 'UND', 0, '0', 0),
(605, '10L04001', 'LAMINA DE CORCHO 0.60 X 0.90 0,5MM', 'UND', 0, '0', 1),
(606, '10L05000', 'LIMPIA TIPO', 'UND', 0, '0', 0),
(607, '10L05001', 'LIMPIADOR P/PIZARRAS BLANCA', 'UND', 0, '2000', 1),
(608, '10L06000', 'LAMINAS DE ROTULACION', 'UND', 0, '0', 0),
(609, '10L06001', 'LAMINAS P/PLASTIFICAR X 100 75 MICRAS T/CARTA', 'UND', 0, '0', 1),
(610, '10L06002', 'LAMINAS P/PASTIFICAR X 100 P/RIF', 'UND', 0, '0', 1),
(611, '10L06003', 'LAMINAS P/PASTIFICAR 67X99 MM 125 MCRAS T/CARNET', 'UND', 0, '0', 1),
(612, '10L06004', 'LAMINAS DE PLASTIFICAR X 100 P/CEDULA', 'UND', 0, '0', 1),
(613, '10L07000', 'LIMPIADOR PIZARRA', 'UND', 0, '0', 0),
(614, '10LA0000', 'LAMPARA DE BILLETES', 'UND', 0, '0', 0),
(615, '10LA0001', 'LAMPARA DETECTORA DE BILLETES HTC-35', 'UND', 0, '0', 1),
(616, '10M01000', 'MARCADORES', 'UND', 0, '0', 0),
(617, '10M01001', 'MARCADORES GRUESOS F/CASTELL AZ', 'UND', 0, '0', 1),
(618, '10M01002', 'MARCADORES GRUESOS F/CASTELL RO', 'UND', 0, '0', 1),
(619, '10M01003', 'MARCADORES GRUESOS F/CASTELL ROJO', 'UND', 0, '0', 1),
(620, '10M01004', 'MARCADORES GRUESOS F/CASTELL VERDE', 'UND', 0, '0', 1),
(621, '10M01005', 'MARCADORES GRUESOS F/CASTELL NEGRO', 'UND', 0, '0', 1),
(622, '10M01010', 'MARCADORES GRUESOS SHARPIE AZUL', 'UND', 0, '18,82', 1),
(623, '10M01011', 'MARCADORES GRUESOS SHARPIE NEGRO', 'UND', 0, '18,82', 1),
(624, '10M01012', 'MARCADORES GRUESOS MARKER ROJOS', 'UND', 0, '0', 1),
(625, '10M01020', 'MARCADORES GRUESOS KORES AZUL', 'UND', 0, '14,9', 1),
(626, '10M01021', 'MARCADORES GRUESOS SIGNAL PRO NEGRO', 'UND', 0, '14,9', 1),
(627, '10M01022', 'MARCADORES GRUESOS SIGNAL PRO ROJO', 'UND', 0, '14,9', 1),
(628, '10M01023', 'MARCADORES GRUESOS SIGNAL PRO VERDE', 'UND', 0, '14,9', 1),
(629, '10M01030', 'MARCADORES GRUESOS MARKETTE AZUL', 'UND', 0, '0', 1),
(630, '10M01031', 'MARCADORES GRUESO MARKETTE NEGRO', 'UND', 0, '0', 1),
(631, '10M01032', 'MARCADORES GRUESOS MARKETTE ROJO', 'UND', 0, '0', 1),
(632, '10M01033', 'MARCADORES GRUESOS MAKETTE VERDE', 'UND', 0, '0', 1),
(633, '10M01034', 'MARCADORES GRUESOS MARKETTE MARRON', 'UND', 0, '0', 1),
(634, '10M01040', 'MARCADORES GRUESOS NEGROS', 'UND', 0, '0', 1),
(635, '10M01041', 'MARCADORES GRUESOS OFICA NEGRO', 'UND', 0, '0', 1),
(636, '10M01042', 'MARCADORES GRUESOS ROJO', 'UND', 0, '0', 1),
(637, '10M01043', 'MARCADORES P/ACETATO AZUL', 'UND', 0, '0', 1),
(638, '10M01050', 'MARCADORES FINOS FABER CASTELL AZUL', 'UND', 0, '11,28', 1),
(639, '10M01051', 'MARCADORES FINOS NEGRO', 'UND', 0, '11,28', 1),
(640, '10M01052', 'MARCADORES FINOS FABER CASTELL ROJO', 'UND', 0, '11,28', 1),
(641, '10M01060', 'MARCADORES FINOS TARGET AZUL', 'UND', 0, '0', 1),
(642, '10M01061', 'MACADORES FINOS TARGET NEGRO', 'UND', 0, '7190', 1),
(643, '10M01062', 'MARCADORES FINOS TARGET ROJO', 'UND', 0, '0', 1),
(644, '10M01071', 'MARCADORES GRUESOS COLORES VARIOS', 'UND', 0, '0', 1),
(645, '10M01072', 'MARCADORES ULTRAFINO NEGRO', 'UND', 0, '0', 1),
(646, '10M01073', 'MARCADORES FINOS MONOPOL ROJO', 'UND', 0, '0', 1),
(647, '10M01080', 'MARCADORES FINOS AZUL', 'UND', 0, '0', 1),
(648, '10M01081', 'MARCADORES FINOS TOP NEGRO', 'UND', 0, '0', 1),
(649, '10M01082', 'MARCADORES FINOS TOP ROJOS', 'UND', 0, '0', 1),
(650, '10M01090', 'MARCADORES ULTRAFINO FABER CASTELL AZUL', 'UND', 0, '12,24', 1),
(651, '10M01091', 'MARCADORES ULTRAFINO FABER CASTELL NEGRO', 'UND', 0, '0', 1),
(652, '10M01092', 'MARCADORES ULTRAFINO F/CASTELL ROJO', 'UND', 0, '12,24', 1),
(653, '10M01093', 'MARCADOR ULTRAFINO FABER AZUL', 'UND', 0, '0', 1),
(654, '10M01094', 'MARCADORES ULTRAFINO NEGRO', 'UND', 0, '12,24', 1),
(655, '10M01095', 'MARCADORES ULTRAFINO PAPER MATE ROJO', 'UND', 0, '0', 1),
(656, '10M01100', 'MARCADORES P/ACETATO FABER CASTELL 421-F AZUL', 'UND', 0, '0', 1),
(657, '10M01101', 'MARCADORES P/ACETATO FABER CASTELL 421-F NEGRO', 'UND', 0, '0', 1),
(658, '10M01102', 'MARCADORES P/ACETATO FABER CASTELL 421-F ROJO', 'UND', 0, '0', 1),
(659, '10M01103', 'MARCADORES GRUESOS AZUL', 'UND', 0, '0', 1),
(660, '10M01104', 'MARCADORES ULTRAFINOS ROJOS TARGET', 'UND', 0, '0', 1),
(661, '10M01105', 'MARCADORES FINOS STYLO NEGRO', 'UND', 0, '0', 1),
(662, '10M01106', 'MARCADORES P/ACETATO NEGROS', 'UND', 0, '0', 1),
(663, '10M01107', 'MARCADORES GRUESO PARA PIZARRA', 'UND', 0, '0', 1),
(664, '10M01108', 'MARCADORES GRUESOS SHARPIE NE/AZ/RO/VE/MA/NA', 'UND', 0, '0', 1),
(665, '10M01109', 'MARCADORES GRUESOS SHARPIE ROJO', 'UND', 0, '0', 1),
(666, '10M01110', 'MARCADORES GRUESOS NEGROS (CAJA)', 'UND', 0, '0', 1),
(667, '10M02000', 'MARCADOR RESALTADOR', 'UND', 0, '0', 0),
(668, '10M02001', 'MARCADORES RESALTADORES FABER CASTELL AMARILLO', 'UND', 0, '6940', 1),
(669, '10M02002', 'MARCADORES RESALTADORES FABER CASTELL AZUL', 'UND', 0, '6940', 1),
(670, '10M02003', 'MARCADORES FINOS STYLO AZUL', 'UND', 0, '6028', 1),
(671, '10M02004', 'MARCADORES RESALTADORES FABER CASTELL ROSADO', 'UND', 0, '6940', 1),
(672, '10M02005', 'MARCADORES RESALTADORES FABER CASTELL VERDE', 'UND', 0, '6940', 1),
(673, '10M02006', 'MARCADORES RESALTADORES COLORES VARIADOS', 'UND', 0, '0', 1),
(674, '10M02007', 'MARCADORES RESALTADORES VISION AMARILLOS', 'UND', 0, '8901', 1),
(675, '10M02008', 'MARCADORES RESALTADORES VISION AZUL', 'UND', 0, '8901', 1),
(676, '10M02009', 'MARCADORES RESALTADORES VISION ROSADO', 'UND', 0, '8901', 1),
(677, '10M02010', 'MARCADORES RESALTADORES VERDE', 'UND', 0, '8901', 1),
(678, '10M02011', 'MARCADORES RESALTADORES VISION NARANJA', 'UND', 0, '8901', 1),
(679, '10M02020', 'MARCADORES RESALTADORES ALERTA AMARILLO', 'UND', 0, '0', 1),
(680, '10M02021', 'MARCADORES RESALTADORES ALERTA AZULES', 'UND', 0, '0', 1),
(681, '10M02022', 'MARCADORES RESALTADORES', 'UND', 0, '0', 1),
(682, '10M02023', 'MARCADORES RESALTADORES ROSADO', 'UND', 0, '0', 1),
(683, '10M02024', 'MARCADORES RESALTADORES AZUL', 'UND', 0, '0', 1),
(684, '10M02030', 'MARCADORES RESALTADORES AMARILLO', 'UND', 0, '0', 1),
(685, '10M02031', 'MARCADORES RESALTADORES OFICA AMARILLO', 'UND', 0, '0', 1),
(686, '10M02032', 'MARCADORES RESALTADORES NARANJA', 'UND', 0, '0', 1),
(687, '10M02033', 'RESALTADORES AMARILLOS', 'UND', 0, '0', 1),
(688, '10M02034', 'MARCADORES RESALTADORES STYLO VERDE', 'UND', 0, '0', 1),
(689, '10M02040', 'MARCADORES RESALTADORES VISTA VISION AMARILLO', 'UND', 0, '11', 1),
(690, '10M02041', 'MARCADORES RESALTADORES VISTA VISION AZUL', 'UND', 0, '8030', 1),
(691, '10M02042', 'MARCADORES RESALTADORES VISTA VISION NARANJA', 'UND', 0, '8030', 1),
(692, '10M02043', 'MARCADORES RESALTADORES VISTA VISION ROSADO', 'UND', 0, '8030', 1),
(693, '10M02044', 'MARCADORES RESALTADORES VISTA VISION VERDE', 'UND', 0, '8030', 1),
(694, '10M02060', 'MARCADORES P/PIZARRA ROJO', 'UND', 0, '11500', 1),
(695, '10M02061', 'MARCADORES P/PIZARRA NEGRO (CAJA)', 'UND', 0, '13595', 1),
(696, '10M02062', 'MARCADORES P/PIZARRA FABER CASTELL ROJO', 'UND', 0, '13595', 1),
(697, '10M02063', 'MARCADORES P/PIZARRA VERDE', 'UND', 0, '11500', 1),
(698, '10M02065', 'MARCADORES P/PIZARRA MAGISTRAL AZUL', 'UND', 0, '16000', 1),
(699, '10M02066', 'MARCADORES P/PIZARRA MAGISTRAL NEGRO', 'UND', 0, '16000', 1),
(700, '10M02067', 'MARCADORES P/PIZARRA MAGISTRAL ROJO', 'UND', 0, '16000', 1),
(701, '10M02068', 'MARCADORES P/PIZARRA', 'UND', 0, '18', 1),
(702, '10M02070', 'MARCADORES P/PIZARRA AZUL', 'UND', 0, '0', 1),
(703, '10M02071', 'MARCADORES P/PIZARRA NEGRO', 'UND', 0, '0', 1),
(704, '10M02072', 'MARCADORES P/PIZARRA STYLO ROJO', 'UND', 0, '0', 1),
(705, '10M02073', 'MARCADORES P/PIZARRA STYLO VERDE', 'UND', 0, '0', 1),
(706, '10M02080', 'MARCADORES P/PIZARRA WYTEBORD AZUL', 'UND', 0, '0', 1),
(707, '10M02081', 'MARCADORES P/PIZARRA WYTEBORD NEGRO', 'UND', 0, '0', 1),
(708, '10M02082', 'MARCADORES P/PIZARRA WYTEBORD ROJO', 'UND', 0, '0', 1),
(709, '10M02083', 'MARCADORES P/PIZARRA WYTEBORD VERDE', 'UND', 0, '0', 1),
(710, '10M02084', 'MARCADORES RESALTADORES VARIOS COLORES', 'UND', 0, '0', 1),
(711, '10M05000', 'MINAS DE GRAFITO', 'UND', 0, '0', 0),
(712, '10M05001', 'MINAS 0.5 MM CAJA X 12 TUBOS', 'UND', 0, '1633', 1),
(713, '10M05002', 'MINAS FABER CASTELL 0.7 MM TUBO X 12', 'UND', 0, '1470', 1),
(714, '10M05003', 'MINAS PENTEL 0.5 MM TUBO', 'UND', 0, '1344', 1),
(715, '10M05004', 'MINAS PENTEL 0.7 MM', 'UND', 0, '0', 1),
(716, '10M06000', 'MARGARITA P/MAQUINA', 'UND', 0, '0', 0),
(717, '10MA6000', 'MARGARITA P/MAQUINA', 'UND', 0, '0', 0),
(718, '10MA6001', 'MARGARITA P/MAQUINA ESC.BROTHER ML 300', 'UND', 0, '0', 1);
INSERT INTO `articulo` (`idArticulo`, `codigo`, `descripcion`, `presentacion`, `ubicacion`, `foto`, `idCategoria`) VALUES
(719, '10O01000', 'OREJETAS', 'UND', 0, '0', 0),
(720, '10O01001', 'OREJETAS P/CARPETAS MAYKA PAQ. X 25', 'UND', 0, '1467', 1),
(721, '10P01000', 'PAPEL P/FOTOCOPIADORA', 'UND', 0, '0', 0),
(722, '10P01001', 'PAPEL P/FOTOC. T/CARTA HAMERMILL', 'UND', 0, '16,5', 1),
(723, '10P01002', 'PAPEL P/FOTOC. XEROX T/CARTA', 'UND', 0, '0', 1),
(724, '10P01003', 'PAPEL P/FOTOCOPIADORA T/CARTA', 'UND', 0, '8070', 1),
(725, '10P01004', 'PAPEL P/FOTOC. REPROGRAF T/CARTA', 'UND', 0, '17,46', 1),
(726, '10P01005', 'PAPEL P/FOTOC. T/OFICIO ALPES', 'UND', 0, '0', 1),
(727, '10P01006', 'PAPEL P/FOTOC. EXTRAOFICIO', 'UND', 0, '0', 1),
(728, '10P01010', 'PAPEL T/FOTOC. ALPES T/OFICIO', 'UND', 0, '0', 1),
(729, '10P01011', 'PAPEL P/FOTOC.DIGIJETT/OFICIO', 'UND', 0, '10200', 1),
(730, '10P01012', 'PAPEL P/FOCOT. XEROX T/OFICIO', 'UND', 0, '0', 1),
(731, '10P01013', 'PAPEL P/FOTOC. REPROGRAF T/OFICIO', 'UND', 0, '20,66', 1),
(732, '10P01014', 'PAPEL P/FOTOC. T/CARTA', 'UND', 0, '0', 1),
(733, '10P01015', 'PAPEL CREPE PAQ. X 10', 'UND', 0, '0', 1),
(734, '10P01016', 'PAPEL FOTOC. T/EXTRAOFICIO', 'UND', 0, '22', 1),
(735, '10P01021', 'PAPEL P/FOTOC. REPROGRAF EXTRAOFICIO', 'UND', 0, '0', 1),
(736, '10P01026', 'PAPEL P/FOTOC. DOBLE CARTA', 'UND', 0, '0', 1),
(737, '10P01027', 'PAPEL P/FOTOC, T/CARTA ALPES', 'UND', 0, '0', 1),
(738, '10P02000', 'PAPELES 66X96', 'UND', 0, '0', 0),
(739, '10P02001', 'PAPEL BOND 66 X 96 B-20 X 500 BLANCO', 'UND', 0, '0', 1),
(740, '10P02002', 'PAPEL BOND 66 X 96 B-16 X 500 BLANCO', 'UND', 0, '154,5', 1),
(741, '10P02003', 'PAPEL BOND 66 X 96 B-16 COLORES', 'UND', 0, '0', 1),
(742, '10P02004', 'PAPEL DE SEDA X 100', 'UND', 0, '0', 1),
(743, '10P03000', 'PAPEL P/PLOTER', 'UND', 0, '0', 0),
(744, '10P03001', 'PAPEL P/PLOTER B-24 150 MT. 36" BLANCO TECNIPLOT', 'UND', 0, '0', 1),
(745, '10P03002', 'PAPEL BOND BLANCO B-24 36" 151 YARDAS 45MTS.', 'UND', 0, '65440', 1),
(746, '10P03003', 'PAPEL P/ PLOTTER BOND B-24 36" 150''', 'UND', 0, '0', 1),
(747, '10P03004', 'PAPEL P/ PLOTTER HP Q1427A HIGH GLOSS-PHOTO 36" 100`', 'UND', 0, '0', 1),
(748, '10P03005', 'PAPEL P/PLOTTER BOND 24 36" X 50 YDS.', 'UND', 0, '0', 1),
(749, '10P04000', 'PAPEL /PARA MULTIGRAFOS', 'UND', 0, '0', 0),
(750, '10P04001', 'PAPEL P/FOTOC. T/OFICIO', 'UND', 0, '22,78', 1),
(751, '10P04002', 'PAPEL P/FOTOC. T/CARTA OFFICE-DEPOT', 'UND', 0, '0', 1),
(752, '10P05000', 'PAPEL CARBON', 'UND', 0, '0', 0),
(753, '10P05001', 'PAPEL CARBON NEGRO T/CARTA', 'UND', 0, '10800', 1),
(754, '10P05002', 'PAPEL CARBON NEGRO T/OFICIO', 'UND', 0, '12070', 1),
(755, '10P05003', 'PAPEL CARBON KORES AZUL T/CARTA', 'UND', 0, '17,9', 1),
(756, '10P05004', 'PAPEL CARBON KORES AZUL T/OFICIO', 'UND', 0, '12655', 1),
(757, '10P06000', 'PAPELES ESPECIALES', 'UND', 0, '0', 0),
(758, '10P06001', 'PAPEL FOTOGRAFICO CARTA MATE COD. S041062 X 100 HOJAS', 'UND', 0, '26800', 1),
(759, '10P06002', 'PAPEL FOTOGRAFICO T/CARTA KORES PAQ. X 50', 'UND', 0, '25000', 1),
(760, '10P06003', 'PAPEL FOTOGRAFICO S041070', 'UND', 0, '0', 1),
(761, '10P06004', 'PAPEL FOTOG. EPSON HIGH QUALITY INK JET PARER S041111', 'UND', 0, '0', 1),
(762, '10P06005', 'PAPEL VEGETAL PLIEGO 0.90 X 1.00 70/75 GRS.', 'UND', 0, '0', 1),
(763, '10P06006', 'PAPEL BOND BASE 20 AMARILLO', 'UND', 0, '0', 1),
(764, '10P06007', 'PAPEL FOTOG. EPSON T/C SEMIBRILLANTE S041331 PAQ. X 20', 'UND', 0, '0', 1),
(765, '10P06008', 'PELICULA P/ FAX PANASONIC KXFP-205, KXFA-91 CJA. X 2', 'UND', 0, '0', 1),
(766, '10P06009', 'PAPEL P/EMBALAR MARRON 97GRS. M2 ROLLO 17 KGS. 1MTS.', 'UND', 0, '0', 1),
(767, '10P06010', 'PAPEL P/EMBALAR KRAF MARRON 60 CMS. 10 KGS.', 'UND', 0, '0', 1),
(768, '10P06011', 'PAPEL BOND B-20 DE 36"', 'UND', 0, '0', 1),
(769, '10P06012', 'PAPEL KIMBERLING MARFIL NATURAL 90 GRS. RES. X 500 T/C', 'UND', 0, '0', 1),
(770, '10P06013', 'PAPEL KRAF DE 1,50 MTS. ANCHO CAL. 97 35 KGS.', 'UND', 0, '0', 1),
(771, '10P06014', 'PAPEL KRAF 1 MTS. ANCHO, CAL. 97, 25 KGS.', 'UND', 0, '0', 1),
(772, '10P06015', 'PAPEL P/FOTOC. T/EXTRAOFICIO REPORT', 'UND', 0, '0', 1),
(773, '10P06016', 'BOBINAS AIRPACK BURBUJAS PEQ. DE 1,20 X 1,00 MTS.', 'UND', 0, '0', 1),
(774, '10P06017', 'PAPEL FOTOG. PRIMIUM HP INSTANT DRY GLOSS PHOTO PAPER Q7993A', 'UND', 0, '0', 1),
(775, '10P06018', 'PAPEL KRAF 0,70 MTS.ALTO 13 KGS.50 GRS.BLCO.300 MTS.', 'UND', 0, '0', 1),
(776, '10P06019', 'PAPEL KRAF 0,45 MTS.ALTO 8 KGS.50 GRS.BLCO.300 MTS.', 'UND', 0, '0', 1),
(777, '10P07000', 'PAPELERAS ACRILICAS', 'UND', 0, '0', 0),
(778, '10P07001', 'PAPELERAS ACRILICAS', 'UND', 0, '23', 1),
(779, '10P08000', 'PASTA', 'UND', 0, '0', 0),
(780, '10P08001', 'PASTA CUENTA FACIL', 'UND', 0, '2,4', 1),
(781, '10P09000', 'PAPELERA MALLA', 'UND', 0, '0', 0),
(782, '10P09001', 'PAPELERA MALLA METALICA NEGRA 30 X 24', 'UND', 0, '0', 1),
(783, '10P10000', 'PERFORADORES', 'UND', 0, '0', 0),
(784, '10P10001', 'PERFORADOR GRANDE 2 HUECOS', 'UND', 0, '11510', 1),
(785, '10P10002', 'PERFORADOR 3 HUECOS KW 45 HOJAS', 'UND', 0, '0', 1),
(786, '10P10003', 'PERFORADOR 3 HUECOS 30 HOJAS', 'UND', 0, '0', 1),
(787, '10P10004', 'PERFORADOR 2 HUECOS SOLITA MAXI 3000', 'UND', 0, '15016', 1),
(788, '10P10005', 'PERFORADOR SEMI IND. KW 952 8CM 150 H', 'UND', 0, '0', 1),
(789, '10P10006', 'PERFORADOR OFICA 1050 GRANDE 40 HOJAS', 'UND', 0, '25,46', 1),
(790, '10P10007', 'PERFORADOR 2 HUECOS PREMIER', 'UND', 0, '6580', 1),
(791, '10P10008', 'PERFORADOR 3 HUECOS 12 HOJAS', 'UND', 0, '0', 1),
(792, '10P10010', 'PERFORADOR 3 HUECOS SWINGLINE 74250, 28 HOJAS', 'UND', 0, '114513', 1),
(793, '10P10011', 'PERFORADOR 2 HUECOS 7080 OSLO', 'UND', 0, '0', 1),
(794, '10P10012', 'PERFORADOR KW 952 150 HOJAS 8 CM', 'UND', 0, '0', 1),
(795, '10P10013', 'PERFORADOR 2 HUECOS PEQUEÑO', 'UND', 0, '12277', 1),
(796, '10P10014', 'PERFORADOR 2 HUECOS 190 HOJAS KW TRIO 9330', 'UND', 0, '0', 1),
(797, '10P10015', 'PERFORADOR KW MODELO 953 32 HOJAS', 'UND', 0, '35217', 1),
(798, '10P10016', 'PERFORADOR KW TRIO MOD. 9574 65 HOJAS', 'UND', 0, '0', 1),
(799, '10P10017', 'PERFORADOR DE CARNET', 'UND', 0, '0', 1),
(800, '10P11000', 'PIZARRAS', 'UND', 0, '0', 0),
(801, '10P11001', 'PIZARRA BLANCA 1.20 X 2.40 MTS.', 'UND', 0, '0', 1),
(802, '10P11002', 'PIZARRA BLANCA 0.40 X 0.60', 'UND', 0, '0', 1),
(803, '10P11003', 'PIZARRA BLANCA 0.80 X 1.20', 'UND', 0, '0', 1),
(804, '10P11004', 'PIZARRA BLANCA 1.50 X 1.00', 'UND', 0, '0', 1),
(805, '10P11005', 'PIZARRA BLANCA 1.00 X 1.80', 'UND', 0, '0', 1),
(806, '10P11006', 'PIZARRA BLANCA 1.00 X 2.00', 'UND', 0, '0', 1),
(807, '10P11007', 'PIZARRA Y TRIPODE 0.66 X 1', 'UND', 0, '0', 1),
(808, '10P12000', 'PORTADORES', 'UND', 0, '0', 0),
(809, '10P12003', 'PORTA LAPIZ MALLA DE METAL', 'UND', 0, '0', 1),
(810, '10P12004', 'PORTA LAPICES ACRILICOS', 'UND', 0, '2', 1),
(811, '10P12005', 'PORTA CLIPS ACRILICOS', 'UND', 0, '1,3', 1),
(812, '10P12006', 'PORTA CLIPS IMANTADO', 'UND', 0, '0', 1),
(813, '10P12007', 'PORTA SELLOS 6 PTOS.', 'UND', 0, '0', 1),
(814, '10P12008', 'PORTA CLIPS MALLA METAL', 'UND', 0, '0', 1),
(815, '10P12009', 'PORTA CARNET', 'UND', 0, '0', 1),
(816, '10P12010', 'PORTA CINTA /EMBALAJE', 'UND', 0, '0', 1),
(817, '10P12011', 'PORTA CD´S CAP. 80 CD´S', 'UND', 0, '0', 1),
(818, '10P12015', 'GANCHOS DOBLE CLIPS 19 MM X 12', 'UND', 0, '0', 1),
(819, '10P12020', 'PORTAMINAS PENTEL', 'UND', 0, '0', 1),
(820, '10P12021', 'PORTAMINAS STABILO', 'UND', 0, '0', 1),
(821, '10P12022', 'PORTAMINAS PENTEL SIDE FX', 'UND', 0, '0', 1),
(822, '10P12023', 'PORTAMINAS PENTEL ENERGIZE', 'UND', 0, '0', 1),
(823, '10P13000', 'PORTAMINAS', 'UND', 0, '0', 0),
(824, '10P13001', 'PORTAMINAS METALICOS PENTEL SS465', 'UND', 0, '28000', 1),
(825, '10P13002', 'PORTAMINA PENTEL 465 ACERO', 'UND', 0, '0', 1),
(826, '10P14000', 'PINCELES GRUESO', 'UND', 0, '0', 0),
(827, '10P14001', 'PINCELES ESCOLARES Nº 7', 'UND', 0, '0', 1),
(828, '10P15000', 'PINCELES FINOS', 'UND', 0, '0', 0),
(829, '10P15002', 'PINCELES ESCOLARES Nº 8', 'UND', 0, '0', 1),
(830, '10P15003', 'PINCELES ESCOLARES Nº 6', 'UND', 0, '0', 1),
(831, '10P16000', 'PINTADEDOS', 'UND', 0, '0', 0),
(832, '10P16001', 'PINTADEDOS COLORES SURTIDOS SOLITA', 'UND', 0, '1938', 1),
(833, '10P17000', 'PLASTIDEDO', 'UND', 0, '0', 0),
(834, '10P17001', 'PLASTIDEDO SOLITA COL. SURTIDOS', 'UND', 0, '0', 1),
(835, '10P18000', 'PINTURA', 'UND', 0, '0', 0),
(836, '10P18001', 'PINTURA AL FRIO X 12', 'UND', 0, '0', 1),
(837, '10P19000', 'PAPEL CONTAC', 'UND', 0, '0', 0),
(838, '10P19001', 'PAPEL GLASE 200 GRS. 66X96 RES. X 125', 'UND', 0, '0', 1),
(839, '10P19002', 'PAPEL CONTAC TRANSP.', 'UND', 0, '0', 1),
(840, '10P20000', 'PORTA CARNETS', 'UND', 0, '0', 0),
(841, '10P20001', 'PORTA CARNETS PLASTICOS HORIZONTALES PAQ. X 100', 'UND', 0, '0', 1),
(842, '10P20002', 'PORTA DISTINTIVO PLASTICOS 9X12 PAQ. X 100', 'UND', 0, '0', 1),
(843, '10P21000', 'PLASTILINA', 'UND', 0, '0', 0),
(844, '10P21001', 'PLASTILINA COLORES SURTIDOS CAJA X 100', 'UND', 0, '0', 1),
(845, '10P22000', 'PORTA TACO ACRILICO', 'UND', 0, '0', 0),
(846, '10P22001', 'PALETAS DE HELADO X 12 X 12', 'UND', 0, '0', 1),
(847, '10P22002', 'PORTA TACOS ACRILICO', 'UND', 0, '0', 1),
(848, '10P23000', 'PORTA DISKETTES', 'UND', 0, '0', 0),
(849, '10P23001', 'PORTA DISKETTES EN ACRILICOS PARA 50', 'UND', 0, '0', 1),
(850, '10P24000', 'PORTADAS DE VINIL', 'UND', 0, '0', 0),
(851, '10P24001', 'PORTADAS DE VINIL P/ENCUAD. AZUL TRASLUCIDO PAQX 50', 'UND', 0, '0', 1),
(852, '10P25000', 'PLUMA TINTA CHINA', 'UND', 0, '0', 0),
(853, '10P25001', 'PLUMA TINTA CHINA.', 'UND', 0, '0', 1),
(854, '10P26000', 'PLUMA TINTA CHINA', 'UND', 0, '0', 0),
(855, '10P27000', 'PABILO', 'UND', 0, '0', 0),
(856, '10P28000', 'PABILOS', 'UND', 0, '0', 0),
(857, '10P28001', 'PALETAS DE HELADO NATURALES PAQ. X 50', 'UND', 0, '0', 1),
(858, '10P29000', 'PAPEL LUSTRILLO', 'UND', 0, '0', 0),
(859, '10P30000', 'PORTA DISTINTIVOS', 'UND', 0, '0', 0),
(860, '10P31000', 'PAPEL CREPE', 'UND', 0, '0', 0),
(861, '10P32000', 'PAPEL CREPE', 'UND', 0, '0', 0),
(862, '10P33000', 'PORTA LAPIZ DE MALLA', 'UND', 0, '0', 0),
(863, '10P34000', 'PAPEL DE EXAMEN', 'UND', 0, '0', 0),
(864, '10P34001', 'PAPEL DE EXAMEN X 100', 'UND', 0, '0', 1),
(865, '10PE2000', 'PESTAÑAS PLASTICAS', 'UND', 0, '0', 0),
(866, '10PE2001', 'PESTAÑAS PLASTICAS PARA CARPETAS PAQ. X 25', 'UND', 0, '0', 1),
(867, '10R01000', 'REGLAS', 'UND', 0, '0', 0),
(868, '10R01001', 'REGLAS PLASTICAS 30 CM', 'UND', 0, '550', 1),
(869, '10R01002', 'REGLAS PLASTICAS 60 CMS', 'UND', 0, '0', 1),
(870, '10R01003', 'REGLAS PLASTICAS 90 CMS', 'UND', 0, '0', 1),
(871, '10R01004', 'REGLAS METALICAS 30 CMS', 'UND', 0, '2890', 1),
(872, '10R01005', 'REGLAS METALICAS 60 CMS', 'UND', 0, '0', 1),
(873, '10R01006', 'REGLAS METALICAS 90 CMS', 'UND', 0, '0', 1),
(874, '10R02000', 'ROLLOS DE PAPEL', 'UND', 0, '0', 0),
(875, '10R02001', 'ROLLOS PAPEL SUMADORA 2 1/4"', 'UND', 0, '0,83', 1),
(876, '10R02003', 'ROLLO REGISTRADORA 3" BLANCO', 'UND', 0, '1,48', 1),
(877, '10R02004', 'ROLLOS PAPEL REGISTRADORA 3" QUIMICO 2P', 'UND', 0, '0', 1),
(878, '10R02005', 'ROLLO BLANCO P/ PUNTO DE VENTA QUIMICO', 'UND', 0, '0', 1),
(879, '10R02010', 'PAPEL P/FAX 25 METROS', 'UND', 0, '4466', 1),
(880, '10R02011', 'PAPEL P/FAX HANSA 50 MTS.', 'UND', 0, '9025', 1),
(881, '10R02012', 'WINDOWS SERVER CAL 2008 SNGL OLPNL USER', 'UND', 0, '0', 1),
(882, '10R02013', 'ROLLOS PAPEL THERMICO 80 MM P/IMPRESORA FISCAL', 'UND', 0, '0', 1),
(883, '10R02014', 'ROLLOS PAPEL THERMICO 3"', 'UND', 0, '0', 1),
(884, '10R03000', 'ROLLOS PAPEL CONTAC', 'UND', 0, '0', 0),
(885, '10R05000', 'ROLLOS CALCULADORA', 'UND', 0, '0', 0),
(886, '10R05001', 'CINTA DOBLE FAX 1/2" X 1.90 3M', 'UND', 0, '0', 1),
(887, '10R05002', 'ROLLOS CALCULADORA 2 3/4"', 'UND', 0, '0', 1),
(888, '10R06000', 'RESORTE CABEZAL DESTRUCTORA', 'UND', 0, '0', 0),
(889, '10R06001', 'RESORTE DE PRESION DE CABEZAL DESTRUCTORA FELLOWES', 'UND', 0, '0', 1),
(890, '10RO4000', 'ROTAFOLIOS', 'UND', 0, '0', 0),
(891, '10RO4001', 'ROTAFOLIO CON BASE ALUMINIO 0.65X1X1.80', 'UND', 0, '0', 1),
(892, '10RO5000', 'RODILLO ENTINTADOR', 'UND', 0, '0', 0),
(893, '10RO5001', 'RODILLO ENTINTADOR IR-40T CASIO', 'UND', 0, '0', 1),
(894, '10S01000', 'SACAPUNTAS', 'UND', 0, '0', 0),
(895, '10S01002', 'SACAPUNTA ELECTRICO BOSTON', 'UND', 0, '0', 1),
(896, '10S01003', 'SACAPUNTA ELECTRICO EAGLE', 'UND', 0, '47,18', 1),
(897, '10S01004', 'SACAPUNTA ELECTRICO KW-TRIO', 'UND', 0, '0', 1),
(898, '10S01005', 'SACAPUNTA C/DEPOSITO', 'UND', 0, '2', 1),
(899, '10S01006', 'SACAPUNTA ELECTRICO PRINTA', 'UND', 0, '0', 1),
(900, '10S02002', 'SACAGRAPAS.', 'UND', 0, '0', 1),
(901, '10S02003', 'SACAGRAPAS', 'UND', 0, '0', 1),
(902, '10S02004', 'SEPARADORES APOLO 5 DIV.', 'UND', 0, '0', 1),
(903, '10S02005', 'SACAGRAPA OSLO', 'UND', 0, '1,25', 1),
(904, '10S02016', 'SOBRES MANILA CARTA', 'UND', 0, '0', 1),
(905, '10S02017', 'SACAGRAPA METALICO SOLITA SKRE-GRAP', 'UND', 0, '3', 1),
(906, '10S03000', 'SEPARADORES', 'UND', 0, '0', 0),
(907, '10S03002', 'SEPARADORES DE COLORES 8 DIV.', 'UND', 0, '2,73', 1),
(908, '10S03003', 'SEPARADORES NUMERICOS PLASTICOS PAQ. X 10', 'UND', 0, '0', 1),
(909, '10S03006', 'SEPARADORES BLANCOS 8 DIV.', 'UND', 0, '3,07', 1),
(910, '10S03007', 'SEPARADORES DE INDICE ALFABETICO PLASTICOS PAQ. X 20 UND.', 'UND', 0, '0', 1),
(911, '10S04000', 'SELLOS', 'UND', 0, '0', 0),
(912, '10S04001', 'SELLOS DE CAUCHO NUMERADOR DE 6 DIG.', 'UND', 0, '0', 1),
(913, '10S04002', 'SELLOS FECHADORES DE GOMA', 'UND', 0, '0', 1),
(914, '10S04003', 'SELLO HUMEDO RECIBIDO', 'UND', 0, '0', 1),
(915, '10S04004', 'SELLO AUTOMATICO RECIBIDO', 'UND', 0, '0', 1),
(916, '10S05000', 'SOBRES', 'UND', 0, '0', 0),
(917, '10S05002', 'SOBRES MANILA 1/2 CARTA CARIBE', 'UND', 0, '88', 1),
(918, '10S05004', 'SOBRES MANILA T/CARTA CARIBE', 'UND', 0, '0,15', 1),
(919, '10S05006', 'SOBRES MANILA T/OFICIO', 'UND', 0, '0,19', 1),
(920, '10S05008', 'SOBRES MANILA T/EXTRAOFICIO CARIBE', 'UND', 0, '0,32', 1),
(921, '10S05010', 'SOBRES MANILA RX', 'UND', 0, '210', 1),
(922, '10S05012', 'SOBRES MANILA DE PAGO CARIBE', 'UND', 0, '0,07', 1),
(923, '10S05013', 'SOBRE BLANCOS T/OFICIO', 'UND', 0, '195', 1),
(924, '10S05014', 'SOBRES PLASTICOS REUSABLES DE COLORES T/OFICIO', 'UND', 0, '0', 1),
(925, '10S05015', 'SOBRES MANILA MEDIO OFICIO', 'UND', 0, '0', 1),
(926, '10S05020', 'SOB. BLANCO Nº 11 S/VENTANA', 'UND', 0, '38', 1),
(927, '10S05022', 'SOBRES BLANCOS T/CARTA', 'UND', 0, '0', 1),
(928, '10S05023', 'SOBRES BLANCOS 1/2 CARTA', 'UND', 0, '0', 1),
(929, '10S06000', 'STENCILES', 'UND', 0, '0', 0),
(930, '10S06001', 'STENCILES KORES CAJA X 24', 'UND', 0, '0', 1),
(931, '10S07000', 'SCANNER', 'UND', 0, '0', 0),
(932, '10S07001', 'SCANNER HP MOD. 3180', 'UND', 0, '0', 1),
(933, '10S08000', 'SERAFINES', 'UND', 0, '0', 0),
(934, '10S08001', 'SERAFINES 2" Nº 06 CAJA X 100', 'UND', 0, '0', 1),
(935, '10S09000', 'SOBRES PLASTICOS T/CARTA', 'UND', 0, '0', 0),
(936, '10S09001', 'SOBRES PLASTICOS REUSABLES DE COLORES T/CARTA', 'UND', 0, '0', 1),
(937, '10T01002', 'TABLA DE CHEQUEO CARTON PIEDRA', 'UND', 0, '5,63', 1),
(938, '10T01004', 'TABLA DE CHEQUEO METALICA', 'UND', 0, '0', 1),
(939, '10T01006', 'TABLA DE CHEQUEO ACRILICA', 'UND', 0, '0', 1),
(940, '10T01008', 'TARJETERO TIPO ALBUM', 'UND', 0, '12200', 1),
(941, '10T01010', 'TARJETERO METÁLICO 400 TARJ. ALFABÉTICO', 'UND', 0, '0', 1),
(942, '10T02000', 'TACOS', 'UND', 0, '0', 0),
(943, '10T02002', 'TACOS BLANCOS 9 X 9 X 500 CARIBE', 'UND', 0, '2,61', 1),
(944, '10T02004', 'TIJERAS 6" MANGO DE PLASTICO', 'UND', 0, '0', 1),
(945, '10T02010', 'TACOS ADHESIVO KORES REF. 653 50 X 40', 'UND', 0, '0,63', 1),
(946, '10T02012', 'TACOS ADHESIVO KORES REF. 654 75 X 75', 'UND', 0, '1,09', 1),
(947, '10T02014', 'TACOS ADHESIVO KORES REF. 657 100 X 75', 'UND', 0, '2,1', 1),
(948, '10T02015', 'TACOS BLANCOS', 'UND', 0, '0', 1),
(949, '10T02016', 'TACOS ADHESIVO DE COLORES 1.5 X 2"', 'UND', 0, '0', 1),
(950, '10T02017', 'TACOS ADHESIVOS FOSFORECENTES DE COLORES', 'UND', 0, '0', 1),
(951, '10T03000', 'TARJETAS', 'UND', 0, '0', 0),
(952, '10T03001', 'TARJETAS DE PVC DE 0.3 STANDARD P/CARNETS', 'UND', 0, '0', 1),
(953, '10T04000', 'TIJERAS', 'UND', 0, '0', 0),
(954, '10T04002', 'TIJERAS OFICA 6" MANGO PLASTICO', 'UND', 0, '2225', 1),
(955, '10T04004', 'TIJERA PUNTA ROMA', 'UND', 0, '0', 1),
(956, '10T04010', 'TIJERAS OFFICE LINE 6" MANGO PLAST.', 'UND', 0, '2,35', 1),
(957, '10T04011', 'TIJERAS 7" MANGO PLASTICO', 'UND', 0, '0', 1),
(958, '10T04012', 'TIJERAS 6" MANGO DE PLASTICO KORES', 'UND', 0, '4,1', 1),
(959, '10T05000', 'TINTAS P/SELLOS', 'UND', 0, '0', 0),
(960, '10T05002', 'TINTA P/SELLOS ROLAPICA AZUL', 'UND', 0, '4,65', 1),
(961, '10T05003', 'TINTA P/SELLOS ROLAPLICA NEGRA', 'UND', 0, '4,65', 1),
(962, '10T05004', 'TINTA P/SELLOS ROLAPLICA ROJA', 'UND', 0, '4,65', 1),
(963, '10T05005', 'TINTA P/SELLOS ROLAPLICA VERDE', 'UND', 0, '4,65', 1),
(964, '10T05006', 'TINTA P/SELLOS ROLAPLICA VIOLETA', 'UND', 0, '3300', 1),
(965, '10T05007', 'TINTA P/SELLO LIDERPEN NEGRA', 'UND', 0, '2450', 1),
(966, '10T05008', 'TINTA P/SELLOS AUTOMATICOS NEGRA', 'UND', 0, '0', 1),
(967, '10T05009', 'TINTA P/SELLOS AUTOMATICOS AZUL', 'UND', 0, '0', 1),
(968, '10T06000', 'TIRROS', 'UND', 0, '0', 0),
(969, '10T06002', 'TIRRO CELOVEN 1"', 'UND', 0, '1795', 1),
(970, '10T06003', 'TIRRO CELOVEN', 'UND', 0, '978', 1),
(971, '10T06004', 'TIRRO CELOVEN 1 1/2"', 'UND', 0, '0', 1),
(972, '10T06005', 'TIRRO CELOVEN 2"', 'UND', 0, '3640', 1),
(973, '10T06006', 'TIRRO CELOVEN 3/4" 3440 18 MM X 30 MTS.', 'UND', 0, '1420', 1),
(974, '10T07000', 'TRANSPARENCIAS', 'UND', 0, '0', 0),
(975, '10T07002', 'TRANSPARENCIA P/IMPRESORA LASER APOLLO PAQ. X 100', 'UND', 0, '33800', 1),
(976, '10T07004', 'TRANSPARENCIA INK JET APOLLO PAQ. X 50', 'UND', 0, '32720', 1),
(977, '10T07005', 'TRANSPARENCIA P/IMPRESORA INJET PAQ. X 25', 'UND', 0, '0', 1),
(978, '10T07006', 'TRANSPARENCIA P/FOTOC. KRONALINE PAQ. X 100', 'UND', 0, '0', 1),
(979, '10T08000', 'TIZAS', 'UND', 0, '0', 0),
(980, '10T08001', 'TIZAS BLANCAS CAJA X 72', 'UND', 0, '0', 1),
(981, '10T08002', 'TIZAS BLANCAS CAJA X 12', 'UND', 0, '0', 1),
(982, '10T08003', 'TIZA DE COLORES CAJ X 72', 'UND', 0, '0', 1),
(983, '10T08004', 'TIZAS DE COLORES CAJ X 12', 'UND', 0, '0', 1),
(984, '10T09000', 'TAPAS', 'UND', 0, '0', 0),
(985, '10T09001', 'TAPAS DE VINYL P/ENCUADERNAR DELGADAS', 'UND', 0, '0', 1),
(986, '10T10000', 'TEMPERA', 'UND', 0, '0', 0),
(987, '10T10001', 'TEMPERA DE 6 COLORES', 'UND', 0, '0', 1),
(988, '10T11000', 'TINTA P/SELLOS DE GOTERO', 'UND', 0, '0', 0),
(989, '10T11001', 'TINTA P/SELLOS ROLAPLICA', 'UND', 0, '0', 1),
(990, '20000000', 'CONSUMIBLES', 'UND', 0, '0', 0),
(991, '20BR1000', 'PELICULA PARA FAX BROTHER', 'UND', 0, '0', 0),
(992, '20BR1001', 'PELICULA PARA FAX BROTHER PC-402RF CAJ X 2', 'UND', 0, '0', 1),
(993, '20BR2000', 'CARTU PARA FAX BROTHER', 'UND', 0, '0', 0),
(994, '20BR2001', 'BROTHER CARTUCHO NE LC61', 'UND', 0, '0', 1),
(995, '20BR2002', 'BROTHER CARTUCHO AM LC61', 'UND', 0, '0', 1),
(996, '20BR2003', 'BROTHER CARTUCHO AZ LC61', 'UND', 0, '0', 1),
(997, '20BR2004', 'BROTHER CARTUCHO RO LC61', 'UND', 0, '0', 1),
(998, '20CA1000', 'TINTAS CANON', 'UND', 0, '0', 0),
(999, '20CA1001', 'CANON TINTA C-02 BJC-1000 NEGRO', 'UND', 0, '0', 1),
(1000, '20CA1002', 'CANON TINTA C-05 BJC-1000 COLOR', 'UND', 0, '0', 1),
(1001, '20CA1003', 'CANON TINTA C-10 BJC-30/70 NEGRO', 'UND', 0, '0', 1),
(1002, '20CA1004', 'CANON TINTA C-11E BCJ-70 COLOR', 'UND', 0, '0', 1),
(1003, '20CA1005', 'CANON TINTA BC-20 BJC-2000/2100/4000 NEGRO', 'UND', 0, '0', 1),
(1004, '20CA1006', 'CANON TINTA C-21E BJC-2000/2100/4000/5100 COLOR', 'UND', 0, '0', 1),
(1005, '20CA1007', 'CANON TINTA CI-10 BJC-30/50/70/80/85 TANK NEGRO', 'UND', 0, '0', 1),
(1006, '20CA1008', 'CANON TINTA CI-11C BJC-50/70/80/85 TANK COLOR', 'UND', 0, '0', 1),
(1007, '20CA1009', 'CANON TINTA CI-11N BJC-BJC-30/50/70/80/85 NEGRO', 'UND', 0, '0', 1),
(1008, '20CA1010', 'CANON TINTA CI-15C CARTUCHO', 'UND', 0, '0', 1),
(1009, '20CA1011', 'CANON TINTA CI-15N CARTUCHO', 'UND', 0, '0', 1),
(1010, '20CA1012', 'CANON TINTA CI-21C BJC-2000/2100/4000/5000 TANK COLOR', 'UND', 0, '0', 1),
(1011, '20CA1013', 'CANON TINTA CI-21N BJC-2000/2100/4000/5100 TANK NEGRO', 'UND', 0, '0', 1),
(1012, '20CA1014', 'CANON TINTA CI-24C SERIE S200/S300/I300 MULTIPASS F20', 'UND', 0, '0', 1),
(1013, '20CA1015', 'CANON TINTA CI-24N SERIE S200/S300/I300 MULTIPASS F20', 'UND', 0, '0', 1),
(1014, '20CA1016', 'CANON TINTA CI-3C BJC-3000/6000 TANK CYAN', 'UND', 0, '0', 1),
(1015, '20CA1017', 'CANON TINTA CI-3M BJC-3000/6000 TANK MAGENTA', 'UND', 0, '0', 1),
(1016, '20CA1018', 'CANON TINTA CI-3N BJC- 3000/6000 TANK NEGRO', 'UND', 0, '0', 1),
(1017, '20CA1019', 'CANON TINTA CI-3Y BJC-3000/6000 TANK YELLOW', 'UND', 0, '0', 1),
(1018, '20CA1020', 'CANON TINTA CI-6C CARTUCHO CYAN', 'UND', 0, '0', 1),
(1019, '20CA1021', 'CANON TINTA CI-6M CARTUCHO MAGENTA', 'UND', 0, '0', 1),
(1020, '20CA1022', 'CANON TINTA CI-6N CARTUCHO NEGRO', 'UND', 0, '0', 1),
(1021, '20CA1023', 'CANON TINTA CI-6Y CARTUCHO YELLOW', 'UND', 0, '0', 1),
(1022, '20CA1024', 'CANON TINTA CI-8C CARTUCHO', 'UND', 0, '0', 1),
(1023, '20CA1025', 'CANON TINTA CI-8M CARTUCHO MAGENTA', 'UND', 0, '0', 1),
(1024, '20CA1026', 'CANON TINTA CI-8N CARTUCHO NEGRO', 'UND', 0, '0', 1),
(1025, '20CA1027', 'CANON TINTA CI-8Y CARTUCHO YELLOW', 'UND', 0, '0', 1),
(1026, '20CA1028', 'CANON TINTA JI-201Y BJC-600 YELLOW', 'UND', 0, '0', 1),
(1027, '20CA1029', 'CANON TINTA JI-643N BJC-800 SERIES NEGRO', 'UND', 0, '0', 1),
(1028, '20CA1030', 'CANON TINTA BX-3 FAX B-540/550/640 NEGRO', 'UND', 0, '0', 1),
(1029, '20CA1031', 'CANON TINTA PG-40 BLACK', 'UND', 0, '0', 1),
(1030, '20CA1032', 'CANON CL41 COLOR IP1200/1300/1600/1700/2200/62100/63200/6220', 'UND', 0, '0', 1),
(1031, '20CA2000', 'TONER CANON', 'UND', 0, '0', 0),
(1032, '20CA2001', 'CANON TONER F416601 NP-1010/1020', 'UND', 0, '0', 1),
(1033, '20CA2002', 'CANON GPR-10 2010/1230/1270/1310/1330/1370/1610', 'UND', 0, '0', 1),
(1034, '20CA2003', 'CANON GPR-2 IMAGE RUNNER 330/400', 'UND', 0, '0', 1),
(1035, '20CA2004', 'CANON GPR-4 TONER 5000S', 'UND', 0, '0', 1),
(1036, '20CA2005', 'CANON GPR-6 TONER IR 2200/3300', 'UND', 0, '0', 1),
(1037, '20CA2006', 'CANON GPR-8 TONER IR 1600/2000', 'UND', 0, '0', 1),
(1038, '20CA2007', 'CANON NP-6/7/8 NP-6000/7000/8000', 'UND', 0, '0', 1),
(1039, '20CA2008', 'CANON NPG1 TONER NP-1215/1520/2020/2120/6221', 'UND', 0, '0', 1),
(1040, '20CA2009', 'CANON NPG11 NP-6012/6412/7120/7130', 'UND', 0, '0', 1),
(1041, '20CA2010', 'CANON NPG15 NP-7160/7161/7163/7164/7210', 'UND', 0, '0', 1),
(1042, '20CA2011', 'CANON NPG4 NP-4050/4080', 'UND', 0, '0', 1),
(1043, '20CA2012', 'CANON NP- 1010/1020', 'UND', 0, '0', 1),
(1044, '20CA2013', 'CANON GPR-16 TONER IR 3750/4570/3530/3245', 'UND', 0, '0', 1),
(1045, '20CA2014', 'CANON S35 TONER', 'UND', 0, '0', 1),
(1046, '20CA2015', 'CANON A30 PC1/PC2/2LX/3II/5II/5L/6/6RE/65/7/8/11/11R', 'UND', 0, '0', 1),
(1047, '20CA2016', 'CANON E-20 PC310/320/330/330I', 'UND', 0, '0', 1),
(1048, '20CA2017', 'CANON PG-40 PC-210/230/300/530/550/710', 'UND', 0, '0', 1),
(1049, '20CA2018', 'CANON TONER FX-02 L5000/L5500/L7000/7100/7500', 'UND', 0, '0', 1),
(1050, '20CA2019', 'KATUM TONER P/CANON FX-3', 'UND', 0, '0', 1),
(1051, '20CA2020', 'CANON TONER FX-3CFX-L3500/4000/4500IF MULTIPASS L6000', 'UND', 0, '0', 1),
(1052, '20CA2021', 'CANON TONER GPR 16 (IR 3570/4570)', 'UND', 0, '0', 1),
(1053, '20CA2022', 'CANON TONER GPR-15 IR 2270/2870', 'UND', 0, '0', 1),
(1054, '20CA2023', 'TONER BROTHER TN-250 P/FAX MFC 4800', 'UND', 0, '0', 1),
(1055, '20CA2024', 'CANON TONER NP-6050', 'UND', 0, '0', 1),
(1056, '20CA2025', 'CANON IR 2270/2870 GPR-15', 'UND', 0, '0', 1),
(1057, '20CA2026', 'CANON TAMBOR MF-8180', 'UND', 0, '0', 1),
(1058, '20CA2027', 'CANON TONER LASERJET LBP-2410 EP-87 NEGRO', 'UND', 0, '0', 1),
(1059, '20CA2028', 'CANON TONER LASERJET LBP-2410 EP-87 AMARILLO', 'UND', 0, '0', 1),
(1060, '20CA2029', 'CANON TONER LASERJET LBP 2410 EP87 AZUL', 'UND', 0, '0', 1),
(1061, '20CA2030', 'CANON TONER LASERJET LBP-2410 EP87 MAGENTA', 'UND', 0, '0', 1),
(1062, '20CA2031', 'CANON TONER GPR-22 1019J/1023/1023N/1025IF', 'UND', 0, '0', 1),
(1063, '20CA2032', 'CANON GPR-18 IR-2016J/2020J/2022', 'UND', 0, '0', 1),
(1064, '20CA2033', '/1025/1025IF', 'UND', 0, '0', 1),
(1065, '20CA2034', 'CANON TONER GPR-16 GENERICO', 'UND', 0, '0', 1),
(1066, '20CA2035', 'CANON EP-87 AMARILLO TONER LBP-2410', 'UND', 0, '0', 1),
(1067, '20CA2036', 'CANON EP-87 CYAN TONER LBP-2410', 'UND', 0, '0', 1),
(1068, '20CA2037', 'CANON EP-87 MAGENTA TONER LBP-2410', 'UND', 0, '0', 1),
(1069, '20CA2038', 'CANON EP-87 NEGRO TONER LBP 2410', 'UND', 0, '0', 1),
(1070, '20CA2039', 'CANON GPR-11 TONER IR C3200 /3220 NEGRO', 'UND', 0, '0', 1),
(1071, '20CA2040', 'CANON NPG-14, P/FOTOC. NP-6045', 'UND', 0, '0', 1),
(1072, '20CA2041', 'CANON GPR-11 TONER IR C3200 /3220 CYAN', 'UND', 0, '0', 1),
(1073, '20CA2042', 'CANON GPR-11 TONER IR C3200 /3220 MAGENTA', 'UND', 0, '0', 1),
(1074, '20CA2043', 'CANON GPR-11 TONER IR C3200 /3220 YELLOW', 'UND', 0, '0', 1),
(1075, '20CA2044', 'CANON E40 TONER PC940', 'UND', 0, '0', 1),
(1076, '20CA2045', 'GPR-34 TONER IR-2535/2545', 'UND', 0, '0', 1),
(1077, '20CA2046', 'CANON GPR-34 TONER IR-2535/2545', 'UND', 0, '0', 1),
(1078, '20CA2047', 'CANON GPR-17 IR 6570/5570', 'UND', 0, '0', 1),
(1079, '20CA2048', 'CANON GPR-22 1019J IR-1023 IR-1023N IR-1023J', 'UND', 0, '0', 1),
(1080, '20CA2049', 'TONER COMPATIBLE C/CANON GPR-34', 'UND', 0, '0', 1),
(1081, '20CA2050', 'TONER COMPATIBLE C/CANON GPR-16', 'UND', 0, '0', 1),
(1082, '20CA3000', 'TONER COMPATIBLE', 'UND', 0, '0', 0),
(1083, '20CA3001', 'CANON CILINDRO FOTOC. 7130 NPG-11', 'UND', 0, '0', 1),
(1084, '20CA3002', 'CANON MODULO DE COPIADO 1023 GPR-22', 'UND', 0, '0', 1),
(1085, '20CA3003', 'TONER COMPATIBLE C/CANON GPR-22', 'UND', 0, '0', 1),
(1086, '20CA4000', 'TONER COMPATIBLE', 'UND', 0, '0', 0),
(1087, '20CA4001', 'TONER COMPATIBLE C/CANON GPR-18', 'UND', 0, '0', 1),
(1088, '20CI1000', 'CINTAS CITIZEN', 'UND', 0, '0', 0),
(1089, '20CI1001', 'CINTA PLASTICA MAGICA 3436', 'UND', 0, '0', 1),
(1090, '20CI2000', 'CINTAS CANON', 'UND', 0, '0', 0),
(1091, '20CI2001', 'CINTA DE SEGURIDAD STRAINER P/CANON AP200/500 GR.155', 'UND', 0, '0', 1),
(1092, '20CI2002', 'CINTAS P/CANON 200/500 CORREGIBLE GR 155C', 'UND', 0, '0', 1),
(1093, '20CO1000', 'COMBO TINTAS EPSON', 'UND', 0, '0', 0),
(1094, '20CO1001', 'COMBO 4 CARTUCHOS CMY133 K132', 'UND', 0, '0', 1),
(1095, '20DE1000', 'PELICULAS DELCOP', 'UND', 0, '0', 0),
(1096, '20DE1001', 'PELICULA P/FAX DELCOP MOD. L-75/L-80', 'UND', 0, '0', 1),
(1097, '20DE2000', 'TONER DELCOP', 'UND', 0, '0', 0),
(1098, '20DE2001', 'DELCOP TONER L75 P/FAX', 'UND', 0, '0', 1),
(1099, '20DE2002', 'DELCOP TONER 2805 MFP BLACK', 'UND', 0, '0', 1),
(1100, '20DE2003', 'DELCOP TONER CLASE A 170', 'UND', 0, '0', 1),
(1101, '20DE2004', 'DELCOP DC 2115 / MFP 2118 / 2118F', 'UND', 0, '0', 1),
(1102, '20DV+000', 'DVD+RW', 'UND', 0, '0', 0),
(1103, '20DVD000', 'DVD+RW', 'UND', 0, '0', 0),
(1104, '20DVD001', 'DVD VIRGEN BENQ', 'UND', 0, '0', 1),
(1105, '20DVD002', 'DVD+WR VIRGEN C/FUNDA PROTECTORAS', 'UND', 0, '0', 1),
(1106, '20DVD003', 'DVD MINI SONY 60 MIN.', 'UND', 0, '0', 1),
(1107, '20DVD004', 'DVD VIRGEN DUAL LAYER', 'UND', 0, '0', 1),
(1108, '20DVD005', 'DVD VIRGEN C/ESTUCHE', 'UND', 0, '1350', 1),
(1109, '20DVD006', 'DVD VIRGEN', 'UND', 0, '1230', 1),
(1110, '20EP1000', 'TINTAS EPSON', 'UND', 0, '0', 0),
(1111, '20EP1001', 'EPSON 020025 CARTUCHO STYLUS 400/800/+/1000', 'UND', 0, '0', 1),
(1112, '20EP1002', 'EPSON 020031 CARTUCHOS STYLUS 300', 'UND', 0, '0', 1),
(1113, '20EP1003', 'EPSON 020034 CARTUCHO NEGRO STUYLUS COL/PRO/XL', 'UND', 0, '0', 1),
(1114, '20EP1004', 'EPSON 020036 CARTUCHO COLOR STYLUS COL/PRO/XL', 'UND', 0, '0', 1),
(1115, '20EP1005', 'EPSON 020047 CARTUCHO NEGRO STYLUS 820/II/200', 'UND', 0, '0', 1),
(1116, '20EP1006', 'EPSON 020049 CARTUCHO COLOR STYLUS 820/II/1500', 'UND', 0, '0', 1),
(1117, '20EP1007', 'EPSON 020062 CARTUCHO NEGRO STYLUS 1500', 'UND', 0, '0', 1),
(1118, '20EP1008', 'EPSON 020097 CARTUCHO COLOR STYLUS 200/500', 'UND', 0, '0', 1),
(1119, '20EP1009', 'EPSON 189108 CARTUCHO NEGRO SC 740/800/850/860/1520', 'UND', 0, '0', 1),
(1120, '20EP1010', 'EPSON 020110 CARTUCHO NEGRO STYLUS 3000', 'UND', 0, '0', 1),
(1121, '20EP1011', 'EPSON 020122 CARTUCHO YELLOW STYLUS 3000', 'UND', 0, '0', 1),
(1122, '20EP1012', 'EPSON 020126 CARTUCHO MAGENTA STYLUS 3000', 'UND', 0, '0', 1),
(1123, '20EP1013', 'EPSON 020130 CARTUCHO CYAN STYLUS 3000', 'UND', 0, '0', 1),
(1124, '20EP1014', 'EPSON 020138 CARTUCHO NEGRO Y C', 'UND', 0, '0', 1),
(1125, '20EP1015', 'EPSON 191089 CARTUCHO COLOR SC', 'UND', 0, '0', 1),
(1126, '20EP1016', 'EPSON 020193 CARTUCHO STYLUS PHOTO 750 COLOR', 'UND', 0, '0', 1),
(1127, '20EP1017', 'EPSON 187093 CARTUCHO NEGRO SC 400/500/600/440/640/660/670', 'UND', 0, '0', 1),
(1128, '20EP1018', 'EPSON T003011 CARTUCHO NEGRO STYLUS COLOR 900/980', 'UND', 0, '0', 1),
(1129, '20EP1019', 'EPSON T005011 CARTUCHO COLOR STYLUS COLOR 900/980', 'UND', 0, '0', 1),
(1130, '20EP1020', 'EPSON T007201 CARTUCHO NEGRO STYLUS 870/1270/1280', 'UND', 0, '0', 1),
(1131, '20EP1021', 'EPSON T008201 CARTUCHO NEGRO COLOR STYLUS 870', 'UND', 0, '0', 1),
(1132, '20EP1022', 'EPSON T090120 STYLUS C92/CX 5600 -BLACK', 'UND', 0, '0', 1),
(1133, '20EP1023', 'EPSON T009201 CARTUCHO COLOR STYLUS 900/1270/1280', 'UND', 0, '0', 1),
(1134, '20EP1024', 'EPSON T014201 CARTUCHO COLOR STYLUS 480', 'UND', 0, '0', 1),
(1135, '20EP1025', 'EPSON T017201 CARTUCHO NEGRO STYLUS 777 (T017311)', 'UND', 0, '0', 1),
(1136, '20EP1026', 'EPSON T018201 CARTUCHO COLOR STYLUS COLOR 777/777', 'UND', 0, '0', 1),
(1137, '20EP1027', 'EPSON T019201 SC 880/880I (B,D)', 'UND', 0, '0', 1),
(1138, '20EP1028', 'EPSON T020201 STYLUS COLOR 880 COLOR', 'UND', 0, '0', 1),
(1139, '20EP1029', 'EPSON T026201 INK CARTRIDGE BLACK STYLUS PHOTO 820', 'UND', 0, '0', 1),
(1140, '20EP1030', 'EPSON T027201 INK CARTRIDGE COLOR STYLUS PHOTO 820', 'UND', 0, '0', 1),
(1141, '20EP1032', 'EPSON T028201 CARTUCHO COLOR STYLUS C60', 'UND', 0, '0', 1),
(1142, '20EP1033', 'EPSON T029201 CARTUCHO COLOR STYLUS C60', 'UND', 0, '0', 1),
(1143, '20EP1034', 'EPSON T032120 STYLUS C80/C82/CX5200/CX5400- BLACK', 'UND', 0, '0', 1),
(1144, '20EP1035', 'EPSON T032220 INK CARTRIDGE CYAN STYLUS C80', 'UND', 0, '0', 1),
(1145, '20EP1036', 'EPSONT032320 INK CARTRIDGE MAGENTA STYLUS C80', 'UND', 0, '0', 1),
(1146, '20EP1037', 'EPSON T032420 CARTUCHO YELLOW PIGMENTADO C80', 'UND', 0, '0', 1),
(1147, '20EP1038', 'EPSON T036120 INK CART BLAC C42', 'UND', 0, '0', 1),
(1148, '20EP1039', 'EPSON T037020 INK CART COLOR C42', 'UND', 0, '0', 1),
(1149, '20EP1040', 'EPSON T038120 STYLUS C43 - BLACK INK CARTRIDGE', 'UND', 0, '0', 1),
(1150, '20EP1041', 'EPSON T039020 STYLUS C43 - COLOR INK CARTRIDGE', 'UND', 0, '0', 1),
(1151, '20EP1042', 'EPSON T040120 INK CARTRIDGE BLACK STYLUS C62', 'UND', 0, '0', 1),
(1152, '20EP1043', 'EPSON T041020 INK CARTRIDGE COLOR STYLUS C62', 'UND', 0, '0', 1),
(1153, '20EP1044', 'EPSON T042220 STYLUS C82/CX5200/CX5400 CYAN', 'UND', 0, '0', 1),
(1154, '20EP1045', 'EPSON T042320 STYLUS C827CX5200/CX5400 MAGENTA', 'UND', 0, '0', 1),
(1155, '20EP1046', 'EPSON T042420 STYLUS C82/CX5200/CX5400 YELLOW', 'UND', 0, '0', 1),
(1156, '20EP1047', 'EPSON T046120 BLACK INK CARTRIDGE STYLUS C63/83', 'UND', 0, '0', 1),
(1157, '20EP1048', 'EPSON T047220 CYAN INK CARTRIDGE STYLUS C63/83', 'UND', 0, '0', 1),
(1158, '20EP1049', 'EPSON T047320 MAGENTA INK CARTRIDGE STYLUS C63/83', 'UND', 0, '0', 1),
(1159, '20EP1050', 'EPSON T047420 YELLOW INK CARTRIDGE STYLUS C63/83', 'UND', 0, '0', 1),
(1160, '20EP1051', 'EPSON T048120 CARTUCHO NEGRO STYLUS PH 200/300/300M', 'UND', 0, '0', 1),
(1161, '20EP1052', 'EPSON T048220 ACRTUCHO CYAN STYLUS PH 200/300/300M', 'UND', 0, '0', 1),
(1162, '20EP1053', 'EPSON T048420 CARTUCHO YELLOW STYLUS PH 200/300/300M', 'UND', 0, '0', 1),
(1163, '20EP1054', 'EPSON T048320 CARTUCHO LT MAGENTA STYLUS PH 200/300/300M', 'UND', 0, '0', 1),
(1164, '20EP1055', 'EPSON T063120 CARTUCHO STYLUS C67/87/CX3700/41 NEGRO', 'UND', 0, '0', 1),
(1165, '20EP1056', 'EPSON T063220 CARTUCHO STYLUS C67/87/CX3700/410 CYAN', 'UND', 0, '0', 1),
(1166, '20EP1057', 'EPSON T063320 CARTUCHO STYLUS C67/87/CX3700/410 MAGENTA', 'UND', 0, '0', 1),
(1167, '20EP1058', 'EPSON T063420 CARTUCHO STYLUS C67/87/CX3700/41 YELLOW', 'UND', 0, '0', 1),
(1168, '20EP1059', 'EPSON TINTA T034120 NEGRO', 'UND', 0, '0', 1),
(1169, '20EP1060', 'EPSON S187093 NEGRO SC400/500/600//700/1200', 'UND', 0, '0', 1),
(1170, '20EP1061', 'EPSON T073120 TINTA NE C79/CX3900/CX4900/CX5900', 'UND', 0, '0', 1),
(1171, '20EP1062', 'EPSON STYLUS', 'UND', 0, '0', 1),
(1172, '20EP1063', 'EPSON T073220 TINTA CIAN C79 CX3900/CX4900/CX5900', 'UND', 0, '0', 1),
(1173, '20EP1064', 'EPSON 073320 STY TINTA MAG. C79/CX3900/CX4900/CX5900', 'UND', 0, '0', 1),
(1174, '20EP1065', 'EPSON T073420 TINTA YELLOW C79 /CX3900/CX4900/CX5900', 'UND', 0, '0', 1),
(1175, '20EP1066', 'EPSON T073320 TINTA MAG.C79/CX3900/CX4900/CX5900', 'UND', 0, '0', 1),
(1176, '20EP1067', 'EPSON T054120 STYLUS PHOTO R1800 BLACK', 'UND', 0, '0', 1),
(1177, '20EP1068', 'EPSON T054220 STYLUS PHOTO R800/1800 CYAN', 'UND', 0, '0', 1),
(1178, '20EP1069', 'EPSON T054320 STYLUS PHOTO R800/1800 MAGENTA', 'UND', 0, '0', 1),
(1179, '20EP1070', 'EPSON T054420 STYLUS PHOTO R800/1800 YELLOW', 'UND', 0, '0', 1),
(1180, '20EP1071', 'EPSON T054720 STYLUS PHOTO R800/1800 RED', 'UND', 0, '0', 1),
(1181, '20EP1072', 'EPSON T054820 STYLUS PHOTO R800/1800 MATTE BLACK', 'UND', 0, '0', 1),
(1182, '20EP1073', 'EPSON T054920 STYLUS PHOTO R800/1800 BLUE', 'UND', 0, '0', 1),
(1183, '20EP1074', 'EPSON S020062 TINTA 1500 NEGRA', 'UND', 0, '0', 1),
(1184, '20EP1075', 'EPSON T048520 CARTUCHO LT CYAN-STY 200/300/300M', 'UND', 0, '0', 1),
(1185, '20EP1076', 'STYLUS C92/CX 5600 -BLACK INK CARTRIDGE', 'UND', 0, '0', 1),
(1186, '20EP1077', 'EPSON T072126 IMPRES. C110 NEGRO CARTUCHO DUAL', 'UND', 0, '0', 1),
(1187, '20EP1078', 'EPSON T103120 TINTAS IMP. TX600W', 'UND', 0, '0', 1),
(1188, '20EP1079', 'EPSON T103220 TINTA IMP. TX600W CYAN', 'UND', 0, '0', 1),
(1189, '20EP1080', 'EPSON T103320 IMP. TX600W MAGENTA', 'UND', 0, '0', 1),
(1190, '20EP1081', 'EPSON T103420 IMPR. TX600W YELOW', 'UND', 0, '0', 1),
(1191, '20EP1082', 'EPSON T132120 TINTAS BLACK T22/TX120', 'UND', 0, '0', 1),
(1192, '20EP1083', 'EPSON T133220 TINTAS CYAN T22/TX120/TX320F', 'UND', 0, '0', 1),
(1193, '20EP1084', 'EPSON T133320 TINTAS MAGENTA T22/TX120/TX320F', 'UND', 0, '0', 1),
(1194, '20EP1085', 'EPSON T133420 TINTAS YELLOW T22/TX120/TX320F', 'UND', 0, '0', 1),
(1195, '20EP1086', 'EPSON T140120 STYLUS NEGRO TX42WD 560WD 620FWD', 'UND', 0, '0', 1),
(1196, '20EP1087', 'EPSON T140220 STYLUS AZUL TX42WD 560WD 620FWD', 'UND', 0, '0', 1),
(1197, '20EP1088', 'EPSON T140320 STYLUS ROJO TX42WD 560WD 620FWD', 'UND', 0, '0', 1),
(1198, '20EP1089', 'EPSON T140420 STYLUS AMARILLO TX42WD 560WD 620FWD', 'UND', 0, '0', 1),
(1199, '20EP1090', 'CARTUCHO COMPATIBLE C/EPSON C79/CX3900 T073120 NEGRO', 'UND', 0, '0', 1),
(1200, '20EP1091', 'CARTUCHO COMPATIBLE C/EPSON C79/CX3900 T073220 CYAN', 'UND', 0, '0', 1),
(1201, '20EP1092', 'CARTUCHO COMPATIBLE C/EPSON C79/CX3900 T073320 MAGENTA', 'UND', 0, '0', 1),
(1202, '20EP1093', 'CARTUCHO COMPATIBLE C/EPSON C79/CX3900 T073420 YELLOW', 'UND', 0, '0', 1),
(1203, '20EP1094', 'BOTELLA DE TINTA EPSON 664 CYAN L110/200/210/355 T664220', 'UND', 0, '0', 1),
(1204, '20EP1095', 'BOTELLA DE TINTA EPSON 664 MAG L/110/200/210/355 T664320', 'UND', 0, '0', 1),
(1205, '20EP1096', 'BOTELLA DE TINTA EPSON 664 YELLOW L/110/200/210/355 T664320', 'UND', 0, '0', 1),
(1206, '20EP1097', 'EPSON T664120 TINTA NEGRA L210', 'UND', 0, '0', 1),
(1207, '20EP1098', 'EPSON T664220 TINTA CYAN L210', 'UND', 0, '0', 1),
(1208, '20EP1099', 'EPSON T664320 TINTA MAGENTA L210', 'UND', 0, '0', 1),
(1209, '20EP1100', 'EPSON T664420 TINTA YELLOW L210', 'UND', 0, '0', 1),
(1210, '20EP2000', 'TONER EPSON', 'UND', 0, '0', 0),
(1211, '20EP2001', 'EPSON 050010 TONER CARTRIDGE EPL 5700/5800', 'UND', 0, '0', 1),
(1212, '20EP2002', 'EPSON 050087 TONER CARTRIDGE EPL 5900/6100', 'UND', 0, '0', 1),
(1213, '20EP2003', 'EPSON 050166 6K TONER CARTRIDGE EPL 6200', 'UND', 0, '0', 1),
(1214, '20EP2004', 'EPSON 050167 3K TONER CARTRIDGE EPL 6200L Y EPL 6200', 'UND', 0, '0', 1),
(1215, '20EP2005', 'EPSON 051016 TONER ACTION LASER 1600/EPL - N1200', 'UND', 0, '0', 1),
(1216, '20EP2006', 'EPSON 051056 TONER EPL - N1600', 'UND', 0, '0', 1),
(1217, '20EP2007', 'EPSON 051068 TONER EPL-N2700', 'UND', 0, '0', 1),
(1218, '20EP2008', 'EPSON S051099 FOTOCONDUCTOR P/IMPRESORA EPL 6200L', 'UND', 0, '0', 1),
(1219, '20EP2009', 'EPSON S050191 TONER CX11NF YELLOW', 'UND', 0, '0', 1),
(1220, '20EP2010', 'EPSON S050192 TONER CX11NF MAGENTA', 'UND', 0, '0', 1),
(1221, '20EP2011', 'EPSON S050193 TONER CX11NF CYAN', 'UND', 0, '0', 1),
(1222, '20EP3000', 'CINTAS EPSON', 'UND', 0, '0', 0),
(1223, '20EP3001', 'KATUM TONER P/CANON NGP-11 FOTOC. 7130', 'UND', 0, '0', 1),
(1224, '20EP3002', 'EPSON S015384 CINTA DFX-9000', 'UND', 0, '0', 1),
(1225, '20EP3003', 'EPSON S015060 CINTA LQ 150', 'UND', 0, '0', 1),
(1226, '20EP3004', 'EPSON 015086 LQ-2070/2080/2170/2180/FX-2170/2180', 'UND', 0, '0', 1),
(1227, '20EP3005', 'EPSON 015091 CINTA FX-980', 'UND', 0, '0', 1),
(1228, '20EP3006', 'EPSON 015329 CINTA FX-890', 'UND', 0, '0', 1),
(1229, '20EP3007', 'EPSON 015335 CINTA FX 2190, LQ 2090', 'UND', 0, '0', 1),
(1230, '20EP3008', 'EPSON 015337 LQ 590', 'UND', 0, '0', 1),
(1231, '20EP3009', 'EPSON CINTA Nº 7753LQ-500/510/570/570+/800/850/870', 'UND', 0, '0', 1),
(1232, '20EP301', 'EPSON ERC-18B GENERICA', 'UND', 0, '0', 1),
(1233, '20EP3010', 'EPSON 7754 CINTA LQ-1010/1050/1070/1070+/1170', 'UND', 0, '0', 1),
(1234, '20EP3011', 'EPSON Nº 7762L CINTA LQ-670/2500/2550/860', 'UND', 0, '0', 1),
(1235, '20EP3012', 'EPSON Nº 8750 CINTA LX-300/T1000', 'UND', 0, '8700', 1),
(1236, '20EP3013', 'EPSON Nº 8753 CINTA LQ-1500', 'UND', 0, '0', 1),
(1237, '20EP3014', 'EPSON 8755 CINTA FX-1050/1170/1180', 'UND', 0, '0', 1),
(1238, '20EP3015', 'EPSON Nº 8762L CINTA LX-80', 'UND', 0, '0', 1),
(1239, '20EP3016', 'EPSON Nº 8766 CINTA DFX-5000 / DFX5000+/ 8000/8500', 'UND', 0, '0', 1),
(1240, '20EP3017', 'EPSON CINTA ERC-09 NEGRA', 'UND', 0, '0', 1),
(1241, '20EP3018', 'EPSON CINTA ERC-18B GENERICA', 'UND', 0, '0', 1),
(1242, '20EP3019', 'EPSON CINTA ERC-23B NEGRA', 'UND', 0, '0', 1),
(1243, '20EP3020', 'EPSON CINTA ERC-27 NEGRA', 'UND', 0, '0', 1),
(1244, '20EP3021', 'EPSON CINTA ERC-31B NEGRA', 'UND', 0, '0', 1),
(1245, '20EP3022', 'EPSON CINTA ERC-31P PURPURA', 'UND', 0, '0', 1),
(1246, '20EP3023', 'EPSON CINTA ERC-32B BLACK', 'UND', 0, '0', 1),
(1247, '20EP3024', 'EPSON CINTA ERC-38B NEGRA', 'UND', 0, '0', 1),
(1248, '20EP3025', 'EPSON CINTA ERC-23B', 'UND', 0, '0', 1),
(1249, '20EP3026', 'CINTA CELOVEN DOBLE FAZ 3/4 X 45', 'UND', 0, '0', 1),
(1250, '20EP3027', 'EPSON # 8750 LX-300', 'UND', 0, '0', 1),
(1251, '20EP3028', 'CINTA P/MAQUINA SWINTEC 1146/1186', 'UND', 0, '0', 1),
(1252, '20EP3029', 'EPSON S0191089 COLOR TINTA 600 /700/800/1200', 'UND', 0, '0', 1),
(1253, '20EP3030', 'EPSON CINTA LQ-590', 'UND', 0, '0', 1),
(1254, '20EP3031', 'CINTAS COMPATIBLE P/EPSON 7753 LQ-300 /500 550 570/580/800', 'UND', 0, '0', 1),
(1255, '20EP3032', 'EPSON 7762L IMP. LQ670/680/860/1060/2500', 'UND', 0, '0', 1),
(1256, '20EP3033', 'CINTAS COMPATIBLE EPSON FX-2190', 'UND', 0, '0', 1),
(1257, '20EP3034', 'CINTAS COMPATIBLE EPSON FX-890', 'UND', 0, '0', 1),
(1258, '20EP3035', 'EPSON S015086 CINTAS LQ 2070/2170/2080/2180', 'UND', 0, '0', 1),
(1259, '20GE1000', 'TONER', 'UND', 0, '0', 0),
(1260, '20GE1001', 'TONER GESTETNER MOD. 2513Z', 'UND', 0, '0', 1),
(1261, '20HP1000', 'TINTAS HP', 'UND', 0, '0', 0),
(1262, '20HP1001', 'HP 51625A COLOR IMP. 310, 500C, 550C, 560C, DESKJET, DESKW', 'UND', 1, '0', 1),
(1263, '20HP1002', 'HP 51626A NEGRO DESKJET PLUS SERIE 500', 'UND', 0, '0', 1),
(1264, '20HP1003', 'HP 51629A NEGRO DESKJET SERIES 600', 'UND', 0, '0', 1),
(1265, '20HP1004', 'HP CB336WL 74XL DESKJET NEGRO', 'UND', 0, '0', 1),
(1266, '20HP1005', 'HP 51640A NEGRO DESKJET 1200C, 1200C/PS Y COPYJET. DESIGNJET', 'UND', 0, '0', 1),
(1267, '20HP1006', 'HP 51640C NEGRO DESKJET 1200C, 1200C/PS Y COPYJET.DESIGN 230', 'UND', 0, '0', 1),
(1268, '20HP1007', 'HP 51640M MAGENTA DESKJET 1200C,1600C Y COPYJET, E1200/1600.', 'UND', 0, '0', 1),
(1269, '20HP1008', 'HP 51640Y YELLOW DESKJET 1200C, 1200C/PS Y COPYJET.', 'UND', 0, '0', 1),
(1270, '20HP1009', 'HP 51641A COLOR DESKJET 820CXI, 820CXI, 850C Y 870CXI. LOR.', 'UND', 0, '0', 1),
(1271, '20HP1010', 'HP 51644C CYAN DESIGNJET 350C,450C,455C, 750CA AND 755CM', 'UND', 0, '0', 1),
(1272, '20HP1011', 'HP 51644Y YELLOW DESIGNJET 350C, 450C, 455CA, 750C Y 755CM.', 'UND', 0, '0', 1),
(1273, '20HP1012', 'HP 51645A DJ 720C/820CXI/850C/880C/890C/1100C Y 1600C', 'UND', 0, '0', 1),
(1274, '20HP1013', 'HP 51649N DESKJET SERIES 600 Y OFFICEJET 500.', 'UND', 0, '0', 1),
(1275, '20HP1014', 'HP C1806A CP INK SYSTEM NEGRO DESIGNJET 2000CP, 2500CP', 'UND', 0, '0', 1),
(1276, '20HP1015', 'HP C1807A CP INK SYSTEM CYAN 2000/2500/3000, 2000CP', 'UND', 0, '0', 1),
(1277, '20HP1016', 'HP C1808A CP INK SYSTEM DESIGNJET 2500CP Y 2000CP. T.', 'UND', 0, '0', 1),
(1278, '20HP1017', 'HP C1809A CP INK SYSTEM YELLOW DESIGNJET 2500CP Y 2000CP.', 'UND', 0, '0', 1),
(1279, '20HP1018', 'HP C1816A PHOTO CRTGE COLOR PARA DESKJET690 SERIES', 'UND', 0, '0', 1),
(1280, '20HP1019', 'HP C1823D COLOR DJ 720C, 880C,890C Y 1120C.', 'UND', 0, '0', 1),
(1281, '20HP1020', 'HP C1823T TWO PACK DESKJET 720C, 890C Y 1120C.', 'UND', 0, '0', 1),
(1282, '20HP1021', 'HP C4836A CYAN INK CARTRIDGE BUSINESS INKJET 2200/2250', 'UND', 0, '0', 1),
(1283, '20HP1022', 'HP C4837A MAGENTA INKJET SERIE 2200/2250/2600.', 'UND', 0, '0', 1),
(1284, '20HP1023', 'HP C4838A YELLOW INK CARTRIDGE BUSINESS INKJET 2200/2250.', 'UND', 0, '0', 1),
(1285, '20HP1024', 'HP C4841A CYAN INK CARTRIDGE 2000C,2000CN Y 2500C COLOR', 'UND', 0, '0', 1),
(1286, '20HP1025', 'HP C4842A YELLOW INK CARTRIDGE 2000C,2000CN Y 2500C COLOR', 'UND', 0, '0', 1),
(1287, '20HP1026', 'HP C4843A MAGENTA INK CARTRIDGE 2000C, 2000CN Y 25000C COLOR', 'UND', 0, '0', 1),
(1288, '20HP1027', 'HP C4844A NEGRO INK CRTG. 2000C,2000CN Y 2500C COLOR.', 'UND', 0, '0', 1),
(1289, '20HP1028', 'HP C4871A NEGRO INK CARTRIDGE 350ML, DESIGNJET', 'UND', 0, '0', 1),
(1290, '20HP1029', 'HP C4872A CYAN INK CARTRIDGE 175ML, DESIGNJET', 'UND', 0, '0', 1),
(1291, '20HP1030', 'HP C4873A YELLOW CARTRIDGE 175ML, DESIGNJET', 'UND', 0, '0', 1),
(1292, '20HP1031', 'HP C4874A MAGENTA INK CARTRIDGE 175ML, DESIGNJET', 'UND', 0, '0', 1),
(1293, '20HP1032', 'HP C4890A SERIE 1050C/1055C', 'UND', 0, '0', 1),
(1294, '20HP1033', 'HP C4891A SERIE 1050C/1055CM CYAN', 'UND', 0, '0', 1),
(1295, '20HP1034', 'HP C4892A SERIE 1050C/1055CM MAGENTA', 'UND', 0, '0', 1),
(1296, '20HP1035', 'HP C4893A SERIE 1050C/1055CM YELLOW', 'UND', 0, '0', 1),
(1297, '20HP1036', 'HP C4811A CYAN DESKJET SERIE 500/800', 'UND', 0, '0', 1),
(1298, '20HP1037', 'HP C4912A MAGENTA DESIGNJET SERIE 500/800', 'UND', 0, '0', 1),
(1299, '20HP1038', 'HP C4913A YELLOW DESIGNJET SERIE 500/800', 'UND', 0, '0', 1),
(1300, '20HP1039', 'HP C4920A NEGRO CP 1160 OFFICEJET SERIE', 'UND', 0, '0', 1),
(1301, '20HP1040', 'HP C4921A CYAN CP 1160 OFFICEJET SERIES', 'UND', 0, '0', 1),
(1302, '20HP1041', 'HP C4922A MAGENTA CP 1160 OFFICEJET SERIES', 'UND', 0, '0', 1),
(1303, '20HP1042', 'HP C4923A YELLOW CP 1160 OFFICEJET SERIES', 'UND', 0, '0', 1),
(1304, '20HP1043', 'HP C4930A NEGRO 5000/5000PS DESIGNJET', 'UND', 0, '0', 1),
(1305, '20HP1044', 'HP C4931A CYAN 5000/5000PS DESINGJET', 'UND', 0, '0', 1),
(1306, '20HP1045', 'HP C4932A MAGENTA 5000/5000PS DESIGNJET', 'UND', 0, '0', 1),
(1307, '20HP1046', 'HP C4933A YELLOW 5000/5000PS DESINGJET', 'UND', 0, '0', 1),
(1308, '20HP1047', 'HP C4934A CYAN LIGHT 3 INK MULTI PACK', 'UND', 0, '0', 1),
(1309, '20HP1048', 'HP C4935A LIGHT MAGENTA 3 INK MULTI PACK', 'UND', 0, '0', 1),
(1310, '20HP1049', 'HP C5010A 14 TRICOLOR INK CRTR. OFFICEJET SERIES', 'UND', 0, '0', 1),
(1311, '20HP1050', 'HP C5011A 14D NEGRO INK CRTG. OFFICEJET SERIES', 'UND', 0, '0', 1),
(1312, '20HP1051', 'HP C5016A 84 NEGRO INK CRTG. DESINGJET 10PS/20PS/50PS', 'UND', 0, '0', 1),
(1313, '20HP1052', 'HP C5017A 84 LIGHT CYAN INK CRTG. DESINGJET 10PS/20PS/50PS', 'UND', 0, '0', 1),
(1314, '20HP1053', 'HP C5018A 84 LIGHT MAGENTA DESINGJET 10PS/20PS/50P', 'UND', 0, '0', 1),
(1315, '20HP1055', 'HP C6578D DESINGJET 970/P1000/P1100.', 'UND', 0, '0', 1),
(1316, '20HP1056', 'HP C6614D 20 NEGRO INK DESKJET 610C/612C/FAX 925XI ONLY.', 'UND', 0, '0', 1),
(1317, '20HP1057', 'HP C6615DL NEG.INK JET,DJ 810C/812C/840C/PSC 500', 'UND', 0, '0', 1),
(1318, '20HP1058', 'HP C6625A COLOR SERIE 825/840 Nº 17', 'UND', 0, '0', 1),
(1319, '20HP1059', 'HP C6628A 19 NEGRO INKJET, DESKJET 350C/350CBI', 'UND', 0, '0', 1),
(1320, '20HP1060', 'HP C6656AN NEG. INKJ, DJ SE. 5000/PHOTOSMAT 7000', 'UND', 0, '0', 1),
(1321, '20HP1061', 'HP C6657AN TRICOLOR INKJET, PHOTOSMART 100', 'UND', 0, '0', 1),
(1322, '20HP1062', 'HP C6658A DESKJET 2110/2210/5550/7750 PHOTOSMART 7350', 'UND', 0, '0', 1),
(1323, '20HP1063', 'HP C8727AN NEGRO INKJET CRTG. DESKJET SERIES 3300', 'UND', 0, '0', 1),
(1324, '20HP1064', 'HP C8728AN TRICOLOR INKJET CART.DESKJET SERIES 3300.', 'UND', 0, '0', 1),
(1325, '20HP1065', 'HP C8765W NEGRO 94 DESKJET 6520/6540/6620/6840', 'UND', 0, '0', 1),
(1326, '20HP1066', 'HP C8766W TRICOLOR 95 DESKJET 5940/6520/6540', 'UND', 0, '0', 1),
(1327, '20HP1067', 'HP C8767W Nº 96 NEG DJ 5940/6520/6540/6620/6840/9800', 'UND', 0, '0', 1),
(1328, '20HP1068', 'HP C8771WL 02 CYAN LAR INKJET PRINT CARTRIDGE', 'UND', 0, '0', 1),
(1329, '20HP1069', 'HP C8772WL 02 MAGENTA LAR INKJET PRINTER CARTRIDGE', 'UND', 0, '0', 1),
(1330, '20HP1070', 'HP C8173WL 02 YELLOW LAR INKJET PRINTER CARTRIDGE', 'UND', 0, '0', 1),
(1331, '20HP1071', 'HP C8774WL 02 LIGHT CYAN LAR PRINTER CARTRIDGE', 'UND', 0, '0', 1),
(1332, '20HP1072', 'HP C9351A 21 BLACK DESKJET 3910/3920/3930/3940', 'UND', 0, '0', 1),
(1333, '20HP1073', 'HP C9352A 22 COLOR DESKJET 3910/3920/3930/3940', 'UND', 0, '0', 1),
(1334, '20HP1074', 'HP C9361W Nº 93 COLOR DESKJET5440/PHOTOSMART 7850 PSC', 'UND', 0, '0', 1),
(1335, '20HP1075', 'HP C9362W Nº 92 BLACK DESKJET 5440/PHOTOSMART 7850 PSC', 'UND', 0, '0', 1),
(1336, '20HP1076', 'HP C9363W Nº 97 DESKJET 6540 LARGE TRICOLOR DESKJET 14 ML', 'UND', 0, '0', 1),
(1337, '20HP1077', 'HP C9364WL Nº 98 BLACK INKJET PRINTER CARTRIDGE', 'UND', 0, '0', 1),
(1338, '20HP1078', 'HP C9368A Nº100 GRAY PHOTO DESKJET 6520/6540/6620/6840/9800', 'UND', 0, '0', 1),
(1339, '20HP1079', 'HP C9369W Nº 99 PHOTO DESKJET 13ML', 'UND', 0, '0', 1),
(1340, '20HP1080', 'HP C9368A 100 GRY PHOTO DESKJET', 'UND', 0, '0', 1),
(1341, '20HP1081', 'HP 74 CV335W C4280/C4260/C5280 NEGRO', 'UND', 0, '0', 1),
(1342, '20HP1082', 'HP 75 CV337W C4280/C4260/C5280 TRICOLOR', 'UND', 0, '0', 1),
(1343, '20HP1083', 'HP CB435A TONER LJP1005/P1006', 'UND', 0, '0', 1),
(1344, '20HP1084', 'HP CE505A TONER LJ P2030/ 2035 /2035N /2300 PAG', 'UND', 0, '0', 1),
(1345, '20HP1085', 'HP 70 CARTUCHO DJ C9455A S Z2100/Z3100 MG', 'UND', 0, '0', 1),
(1346, '20HP1086', 'HP 70CARTUCHO DJ C9454A S Z2100/Z3100 YE', 'UND', 0, '0', 1),
(1347, '20HP1087', 'HP C8721WL TINTA C5180 Nº 02 NEGRO', 'UND', 0, '0', 1),
(1348, '20HP1088', 'HP C8773WL 02 YELLOW INKJET PRINTER CARTRIDGE', 'UND', 0, '0', 1),
(1349, '20HP1089', 'HP C8775WL 02 MAGENTA CLARO INKJET PRINTER CARTRIDGE', 'UND', 0, '0', 1),
(1350, '20HP1090', 'HP CC656A HP 901 TRI-COLOR J4580/J4640/J4680', 'UND', 0, '0', 1),
(1351, '20HP1091', 'HP C4902AL TINTAS 940 NE PRO-8000/8500', 'UND', 0, '0', 1),
(1352, '20HP1092', 'HP C4903AL TINTAS 940 CY PRO-8000/8500', 'UND', 0, '0', 1),
(1353, '20HP1093', 'HP C4904AL TINTAS 940 MA PTO-8000/8500', 'UND', 0, '0', 1),
(1354, '20HP1095', 'HP C4905AL TINTAS 940 YE PRO-8000/8500', 'UND', 0, '0', 1),
(1355, '20HP1096', 'HP C653A TINTA 901 NEGRA', 'UND', 0, '0', 1),
(1356, '20HP1097', 'HP C656A TINTA 901 COLOR', 'UND', 0, '0', 1),
(1357, '20HP1098', 'HP 122 CH561HL TINTA S/DJ-1000 1050/2000/2050/3000/3050, NE', 'UND', 0, '0', 1),
(1358, '20HP1099', 'HP 122 CH562HL TINTA S/DJ-1000/2000 /2050/3050 TRICOLOR', 'UND', 0, '0', 1),
(1359, '20HP1100', 'HP CC653AL HP 901 NEGRO OFFIC J4580/J4640/J4680', 'UND', 0, '0', 1),
(1360, '20HP1101', 'HP C9393AL TINTA OFFIJET PRO K550 YELLOW LARGE Nº 88XL', 'UND', 0, '0', 1),
(1361, '20HP1102', 'HP C9396A TINTA OFFIJET PRO K550 NEGRO LARGE Nº 88XL', 'UND', 0, '0', 1),
(1362, '20HP1103', 'HP 60XL CC641WL NEGRO', 'UND', 0, '0', 1),
(1363, '20HP1104', 'HP 60XL CC644WL TRICOLOR', 'UND', 0, '0', 1),
(1364, '20HP1105', 'HP 122 CH561HL NEGRO', 'UND', 0, '0', 1),
(1365, '20HP1106', 'HP C9391AL TINTA OFFIJET PRO K550 CYAN LARGE Nº 88XL', 'UND', 0, '0', 1),
(1366, '20HP1107', 'HP C9392AL TINTA OFFIJET PRO K550 MAGENTA LARGE Nº 88XL', 'UND', 0, '0', 1),
(1367, '20HP1108', 'HP 122XL CH563HL NEGRO IMP. 1000', 'UND', 0, '0', 1),
(1368, '20HP1109', 'HP 122XL CH564HL COLOR IMP. 1000', 'UND', 0, '0', 1),
(1369, '20HP1110', 'HP C9451A IMP. PLOTTER 70', 'UND', 0, '0', 1),
(1370, '20HP1111', 'HP CN690AL 675N 4000/4400/4575 TINTA NEGRA', 'UND', 0, '0', 1),
(1371, '20HP1112', 'HP CN691AL 675 TRICOLOR 4000/4400/4575 TINTA', 'UND', 0, '0', 1),
(1372, '20HP1113', 'HP 662 CZ103AL TINTA DESKJET NEGRO', 'UND', 0, '0', 1),
(1373, '20HP1114', 'HP 662 CZ104AL TINTA DESKJET TRICOLOR', 'UND', 0, '0', 1),
(1374, '20HP1115', 'HP 950 CN049AL NEGRO TINTA IMP. PRO 8100/8600', 'UND', 0, '0', 1),
(1375, '20HP1116', 'HP 951 CN050AL CYAN TINTA IMP. PRO 8100/8600', 'UND', 0, '0', 1),
(1376, '20HP1118', 'HP 951 CN052AL YELLOW TINTA IMP. 8100/8600', 'UND', 0, '0', 1),
(1377, '20HP1119', 'HP CB316WL TINTA 564 NEGRA', 'UND', 0, '0', 1),
(1378, '20HP1120', 'HP CB318WL TINTA 564 CYAN', 'UND', 0, '0', 1),
(1379, '20HP1121', 'HP CN049AL TINTAS 950 BLACK OP 8100/8600', 'UND', 0, '0', 1),
(1380, '20HP1122', 'HP CN050AL 951 CYAN OF PRO 8600', 'UND', 0, '0', 1),
(1381, '20HP1123', 'HP CN051AL 951 MAG. OF PRO 8600', 'UND', 0, '0', 1),
(1382, '20HP1124', 'HP CN052AL 951 YE OF PRO 8600', 'UND', 0, '0', 1),
(1383, '20HP1125', 'HP 670 CZ113AL TINTA NEGRA IMP 3525/4615/4625', 'UND', 0, '0', 1),
(1384, '20HP1126', 'HP 670 CZ114AL TINTA CYAN IMP 3525/4615/4625', 'UND', 0, '0', 1),
(1385, '20HP1127', 'HP 670 CZ115AL TINTA MAGENTA IMP 3525/4615/4625', 'UND', 0, '0', 1),
(1386, '20HP1128', 'HP 670 CZ116AL TINTA YELLOW IMP 3525/4615/4625', 'UND', 0, '0', 1),
(1387, '20HP1129', 'HP 950XL HY CN046AN CYAN TINTA IMP. PRO 8100/8600', 'UND', 0, '0', 1),
(1388, '20HP1130', 'HP 950XL HY CN046AE MAGENTA TINTA IMP. PRO 8100/8600', 'UND', 0, '0', 1),
(1389, '20HP1131', 'HP 950XL HY CN048AE YELLOW TINTA IMP. PRO 8100/8600', 'UND', 0, '0', 1),
(1390, '20HP1132', 'HP CC656A COLOR 901 S/J4540/4550/4580', 'UND', 0, '0', 1),
(1391, '20HP1133', 'HP 920XL TINTA IMP. OJ 6000/6500/7000/7500A', 'UND', 0, '0', 1),
(1392, '20HP1134', 'HP 662 TRICOLOR CZ104SL PSC2115', 'UND', 0, '0', 1),
(1393, '20HP117', 'HP 951 CN051AL MAGENTA TINTA IMP. 8100/8600', 'UND', 0, '0', 1),
(1394, '20HP2000', 'TONER HP', 'UND', 0, '0', 0),
(1395, '20HP2001', 'HP 92274A 4L/4ML/4P/MP WITH BLACK 3350 PAG.', 'UND', 0, '0', 1),
(1396, '20HP2002', 'HP 92275A IIP/ IIP PLUS/IIIP HP LJ IIP/PLUS/III P P', 'UND', 0, '0', 1);
INSERT INTO `articulo` (`idArticulo`, `codigo`, `descripcion`, `presentacion`, `ubicacion`, `foto`, `idCategoria`) VALUES
(1397, '20HP2003', 'HP 92291A LJ 3SI, 4SI,4SIMX ASER J', 'UND', 0, '0', 1),
(1398, '20HP2004', 'HP 92295A LJ II/D, III/D R JETI/ IID/II', 'UND', 0, '0', 1),
(1399, '20HP2005', 'HP 92298A 4/4M/4 PLUS/4M PLUS/5/5M/5N/68HP', 'UND', 0, '0', 1),
(1400, '20HP2006', 'HP CB338WL 75XL 140 DESKJET COLOR', 'UND', 0, '0', 1),
(1401, '20HP2007', 'HP C3102A CYAN, COLOR LASERJET, 5/ N/M 3000 PAG.', 'UND', 0, '0', 1),
(1402, '20HP2008', 'HP C3103A YELLOW, COLOR LASERJET 5/N/M 3000 PAG.', 'UND', 0, '0', 1),
(1403, '20HP2009', 'HP C3900A 4V,4MV PRINTERS WITH BLACK MICROFINE TONER', 'UND', 0, '0', 1),
(1404, '20HP2010', 'HP C3903A LJ5P/5MP/6P/6MP PRINTERS WITH BLACK', 'UND', 0, '0', 1),
(1405, '20HP2011', 'HP C3906A LJ5L/6L/3100 SERIES PRINTERS WITH BLACK', 'UND', 0, '0', 1),
(1406, '20HP2012', 'HP C3909A LJ5SI/8MIL/MOPIER 240 LASERJET', 'UND', 0, '0', 1),
(1407, '20HP2013', 'HP C4092A 1100/1100A/3200 ULTRA PRECISE PRINT CRTG.', 'UND', 0, '0', 1),
(1408, '20HP2014', 'HP C4096A LASERJET 2100 SERIES', 'UND', 0, '0', 1),
(1409, '20HP2015', 'HP C4127A 4000/4050 SERIES ULTRA PRECISE', 'UND', 0, '0', 1),
(1410, '20HP2016', 'HP C4127X 4000/4050 SERIES ULTRA PRECISE', 'UND', 0, '0', 1),
(1411, '20HP2017', 'HP C4149A 8500 & 8550 CARTRIDGE YIELDS ABOUT 17000 PAG.', 'UND', 0, '0', 1),
(1412, '20HP2018', 'HP C4150A CYAN, CLJ 8500 & 8550 PRINTS 8500 PAG. APROX.', 'UND', 0, '0', 1),
(1413, '20HP2019', 'HP C4151A MAGENTA CLJ 8500 & 8550 PRINTS 8500 PAG. APROX.', 'UND', 0, '0', 1),
(1414, '20HP2020', 'HP C4152A YELLOW CLJ 8500 & 8550 PRINTS 8500 PAG. APROX.', 'UND', 0, '0', 1),
(1415, '20HP2021', 'HP C9731A COLOR LJ PRINT CARTRIDGE CYAN CLJ 5500', 'UND', 0, '0', 1),
(1416, '20HP2022', 'HP C9732A COLOR LJ PRINT CARTRIDGE CLJ 5500', 'UND', 0, '0', 1),
(1417, '20HP2023', 'HP C9733A COLOR LJ PRINT CARTRIDGE MAGENTA CLJ 5500', 'UND', 0, '0', 1),
(1418, '20HP2024', 'HP Q1338A LJ PRINT CARTRIDGE LJ 4200 PRINTS', 'UND', 0, '0', 1),
(1419, '20HP2025', 'HP Q1339A LJ PRINT CARTRIDGE 4300', 'UND', 0, '0', 1),
(1420, '20HP2026', 'HP Q2610A PRINT CARTRIDGE LJ 2350', 'UND', 0, '0', 1),
(1421, '20HP2027', 'HP Q2612A LJ PRINT CART. SERIE LJ 1010/1020', 'UND', 0, '0', 1),
(1422, '20HP2028', 'HP Q2613A LASERJET PRINT CARTRIDGE 1300 SERIES', 'UND', 0, '0', 1),
(1423, '20HP2029', 'HP Q2613X LASERJET PRINT CARTRIDGE 1150 SERIES', 'UND', 0, '0', 1),
(1424, '20HP2030', 'HP Q2670A LS PRINT.CART. NEGRO 3500 & 3700 SERIES', 'UND', 0, '0', 1),
(1425, '20HP2031', 'HP Q2671A LJ PRINT CART. CYAN 3500 SERIES', 'UND', 0, '0', 1),
(1426, '20HP2032', 'HP Q2672A LJ PRINT CART. YELLOW 3500 SERIES', 'UND', 0, '0', 1),
(1427, '20HP2033', 'HP Q2673A LJ PRINT CART. MAGENTA 3500 SERIES', 'UND', 0, '0', 1),
(1428, '20HP2034', 'HP Q2681A LASERJET PRINT CARTRIDGE CYAN 3700 SERIES', 'UND', 0, '0', 1),
(1429, '20HP2035', 'HP Q2682A LASERJET PRINT CARTRIDGE YELLOW 3700 SERIES', 'UND', 0, '0', 1),
(1430, '20HP2036', 'HP Q2683A LJ PRINT CART. MAGENTA 3700 SERIES', 'UND', 0, '0', 1),
(1431, '20HP2037', 'HP Q3960A LJ BLACK PRINT CART. 2550 SERIES', 'UND', 0, '0', 1),
(1432, '20HP2038', 'HP Q3961A LJ CYAN PRINT CART. 2550 SERIES', 'UND', 0, '0', 1),
(1433, '20HP2039', 'HP Q3962A LJ YELLOW PRINT CART. 2550 SERIES', 'UND', 0, '0', 1),
(1434, '20HP2040', 'HP Q3963A LJ MAGENTA PRINT CART. 2550 SERIES', 'UND', 0, '0', 1),
(1435, '20HP2041', 'HP Q3964A LJ IMAGING DRUM 2550 SERIES', 'UND', 0, '0', 1),
(1436, '20HP2042', 'HP Q3971A LASERJET CYAN PRINT CARTRIDGE SMART', 'UND', 0, '0', 1),
(1437, '20HP2043', 'HP Q3972A LASERJET YELLOW PRINT CARTRIDGE 2550 SERIES', 'UND', 0, '0', 1),
(1438, '20HP2044', 'HP Q3973A LASERJET MAGENTA PRINT CARTRIDGE 2550 SERIES', 'UND', 0, '0', 1),
(1439, '20HP2045', 'HP Q5942A LJ BLACK 4250/4350 CART.10.000 PAG.', 'UND', 0, '0', 1),
(1440, '20HP2046', 'HP Q5942X LJ BLACK 4250/4350 PRINT CART. 20.000', 'UND', 0, '0', 1),
(1441, '20HP2047', 'HP Q5945A LASERJET 4350 MFP PRINT CARTRIDGE', 'UND', 0, '0', 1),
(1442, '20HP2048', 'HP Q5949A LJ BLACK SERIES LJ 1160 / 1320-- 2500 PAG.', 'UND', 0, '0', 1),
(1443, '20HP2049', 'HP Q5949X LASERJET 1320 SERIES 6000 PAG.', 'UND', 0, '0', 1),
(1444, '20HP2050', 'HP Q6511A BLACK LASERJET PRINT CARTRIDGE 2400 SERIES', 'UND', 0, '0', 1),
(1445, '20HP2051', 'HP Q6511X LASERJET PRINT CARTRIDGE 2400 SERIES', 'UND', 0, '0', 1),
(1446, '20HP2052', 'HP Q5950A LASERJET BLACK 4700', 'UND', 0, '0', 1),
(1447, '20HP2053', 'HP Q5951A LASERJET4700 CYAN', 'UND', 0, '0', 1),
(1448, '20HP2054', 'HP Q5952A LASERJET 4700 YELLOW', 'UND', 0, '0', 1),
(1449, '20HP2055', 'HP Q5953A LASERJET MAGENTA 4700', 'UND', 0, '0', 1),
(1450, '20HP2056', 'HP Q6000A BLACK PRINT CARTRIDGE 2600 SERIES', 'UND', 0, '0', 1),
(1451, '20HP2057', 'HP Q6001A LASERJET PRINT CARTRIDGE CYAN 2600 SERIES', 'UND', 0, '0', 1),
(1452, '20HP2058', 'HP Q6002A LASERJET PRINT CARTRIDGE YELLOW 2600 SERIES', 'UND', 0, '0', 1),
(1453, '20HP2059', 'HP Q6003A LASERJET PRINT CARTRIDGE MAGENTA 2600 SERIES', 'UND', 0, '0', 1),
(1454, '20HP2060', 'HP Q6470A Lj BLACK CART.SERIE 3600/3800', 'UND', 0, '0', 1),
(1455, '20HP2061', 'HP Q6471A LJ CART.SERIE 3600/3800 CYAN', 'UND', 0, '0', 1),
(1456, '20HP2062', 'HP Q6472A LJ CART.SERIE 3600/3800 YELLOW', 'UND', 0, '0', 1),
(1457, '20HP2063', 'HP Q6473A LJ CART.SERIE 3600/3800 MAGENTA', 'UND', 0, '0', 1),
(1458, '20HP2064', 'HP Q7560A LASERJET PRINT CARTRIDGE YIELD BLACK 3000 6500 PAG', 'UND', 0, '0', 1),
(1459, '20HP2065', 'HP Q7561A LASERJET CYAN PRINT CARTRIDGE AVERAGE/YIELD 3000.', 'UND', 0, '0', 1),
(1460, '20HP2066', 'HP Q7561A LASERJET 3000 AVERAGE/YEILD 3500 PAG.', 'UND', 0, '0', 1),
(1461, '20HP2067', 'HP Q7562A LASERJET PRINT CARTRIDGE YELLOW AVERAGE YEILD', 'UND', 0, '0', 1),
(1462, '20HP2068', 'HP Q7563A LASERJET PRINT CARTRIDGE MAGENTA 3000 AVERAGEYIELD', 'UND', 0, '0', 1),
(1463, '20HP2069', 'HP Q7581A TONER LJ CYAN 3505/3505N/3800', 'UND', 0, '0', 1),
(1464, '20HP2070', 'HP Q7582A TONER LJ YE 3505/3505N/3800', 'UND', 0, '0', 1),
(1465, '20HP2071', 'HP Q7583A LASERJET MAG. 3505/3505N/3800', 'UND', 0, '0', 1),
(1466, '20HP2072', 'HP TONER C4153A DRUM KIT COLOR LASERJET 8500 & 8550.', 'UND', 0, '0', 1),
(1467, '20HP2073', 'HP TONER C4154A TRANSFER KIT CIR LASERJET 8500 & 8550', 'UND', 0, '0', 1),
(1468, '20HP2074', 'HP TONER FUSER KIT 110V, LASERJET 8500 & 8550.', 'UND', 0, '0', 1),
(1469, '20HP2075', 'HP TONER C4156A FUSER KIT, 220V, LASERJET 8500 & 8550.', 'UND', 0, '0', 1),
(1470, '20HP2076', 'HP TONER C4182X CLJ 8100,8150,MOPIER 320 PRINTS 20.000 PAG.', 'UND', 0, '0', 1),
(1471, '20HP2077', 'HP TONER C4191A BLACK, CLJ 4500 COLOR LASERJET 4500 CARTRIDG', 'UND', 0, '0', 1),
(1472, '20HP2078', 'HP TONER C4192A CYAN, CLJ 4500 LASERJET 4500 CARTRIDGE.', 'UND', 0, '0', 1),
(1473, '20HP2079', 'HP TONER C4193A MAENTA, CLJ 4500 COLOR LASERJET 4500 CARTRID', 'UND', 0, '0', 1),
(1474, '20HP2080', 'HP TONER C4194A YELLOW, CLJ 4500 COLOR LASERJET 4500 CARTRID', 'UND', 0, '0', 1),
(1475, '20HP2081', 'HP TONER C4195A DRUM KIT, CLJ 4500. DRUM YIELD ABOUT 25.000', 'UND', 0, '0', 1),
(1476, '20HP2082', 'HP TONER C4196A TRANSFER KIT, COLOR LASERJET 4500.', 'UND', 0, '0', 1),
(1477, '20HP2083', 'HP TONER C4197A FUSER KIT/110 VOLT/LASERJET 4500.', 'UND', 0, '0', 1),
(1478, '20HP2084', 'HP TONER C7115A LASERJET 1200 PRINTER SERIES.', 'UND', 0, '0', 1),
(1479, '20HP2085', 'HP TONER C7115X LASERJET 1200/1220 PRINTER SERIES.', 'UND', 0, '0', 1),
(1480, '20HP2086', 'HP TONER C8061A LASERJET 4100 PRINTER SERIES', 'UND', 0, '0', 1),
(1481, '20HP2087', 'HP TONER C8061X LASERJET 4100 SERIES. 10K CAPACITY.', 'UND', 0, '0', 1),
(1482, '20HP2088', 'HP TONER C8543X LASERJET 9000 SERIES.', 'UND', 0, '0', 1),
(1483, '20HP2089', 'HP TONER C8550A CLJ PRINT CRT BLACK, CLJ 9500 PRINT 25.000 P', 'UND', 0, '0', 1),
(1484, '20HP2090', 'HP TONER C9730A BLACK', 'UND', 0, '0', 1),
(1485, '20HP2091', 'HP TONER C9733A MAGENTA', 'UND', 0, '0', 1),
(1486, '20HP2092', 'HP Q2624A LASERJET SERIES 1150 PRINT CARTRIDGE.', 'UND', 0, '0', 1),
(1487, '20HP2093', 'HP Q2624-A LASERJET CARTRIDGE 1150 SERIES', 'UND', 0, '0', 1),
(1488, '20HP2094', 'HP C7115A TONER LASERJET 1200 PRINTER SERIES.', 'UND', 0, '0', 1),
(1489, '20HP2095', 'KIT DEL TAMBOR HP LASER JET C4195A (4500-4550)', 'UND', 0, '0', 1),
(1490, '20HP2096', 'KIT DE TRANSFERENCIA HP LASER JET C4196A (4500-4550)', 'UND', 0, '0', 1),
(1491, '20HP2097', 'TONER C8061A LASER JET PARA IMPRESORA 4100 SERIES', 'UND', 0, '0', 1),
(1492, '20HP2098', 'TONER HP C9723A LASER JET MAGENTA PARA IMP. 4600-4650', 'UND', 0, '0', 1),
(1493, '20HP2099', 'HP TONER C4092A 1100/1100A/3200', 'UND', 0, '0', 1),
(1494, '20HP2100', 'HP TONER C9721A SERIE 4650', 'UND', 0, '0', 1),
(1495, '20HP2101', 'HP TONER C9722A SERIE 4650', 'UND', 0, '0', 1),
(1496, '20HP2102', 'HP TONER C9723A SERIE 4650', 'UND', 0, '0', 1),
(1497, '20HP2103', 'HP C8061X LASERJET PARA IMPRESORA 4100 SERIES', 'UND', 0, '0', 1),
(1498, '20HP2104', 'HP C4911A CYAN DESIGNJET 500/800 SERIES', 'UND', 0, '0', 1),
(1499, '20HP2105', 'HP C9720A LASERJET NEGRO CARTG. 4600/4650 SERIES', 'UND', 0, '0', 1),
(1500, '20HP2106', 'HP C9721A LASERJET CRTG. CYAN 4600/4650 SERIES', 'UND', 0, '0', 1),
(1501, '20HP2107', 'HP C9730A LASERJET CRTG. BLACK 5500/5550', 'UND', 0, '0', 1),
(1502, '20HP2108', 'HP C4191a TONER P/4500/4550', 'UND', 0, '0', 1),
(1503, '20HP2109', 'C9723A TONER LASER JET 4500 MAGENTA', 'UND', 0, '0', 1),
(1504, '20HP2110', 'HP Q7553A TONER IMP. P2014/P2015 3000 PAG.', 'UND', 0, '0', 1),
(1505, '20HP2111', 'HP C9701A LASERJET CYAN 2500 YIELD', 'UND', 0, '0', 1),
(1506, '20HP2112', 'HP C9702A LASERJET YELLOW 2500 YIELD', 'UND', 0, '0', 1),
(1507, '20HP2113', 'HP C9703A LASERJET MAGENTA 2500 YIELD', 'UND', 0, '0', 1),
(1508, '20HP2114', 'HP C9700A NEGRO PARA IMP LASERJET 1500', 'UND', 0, '0', 1),
(1509, '20HP2115', 'MANTENIMIENTO MODULO DE IMPRESORA HP 1120', 'UND', 0, '0', 1),
(1510, '20HP2116', 'HP CB436A TONER LJ M1120/M1522/P1505N', 'UND', 0, '0', 1),
(1511, '20HP2117', 'HP CB540A TONER NE S/CP1215N/CP1515/CP1518NI', 'UND', 0, '0', 1),
(1512, '20HP2118', 'HP CB541A TONER CY S/CP1215N/CP1515/CP1518NI', 'UND', 0, '0', 1),
(1513, '20HP2119', 'HP CB542A TONER YE S/CP1215/CP1515/CP1518NI', 'UND', 0, '0', 1),
(1514, '20HP2120', 'HP CB543A TONER MA S/CP1215N/CP1515/CP1518NI', 'UND', 0, '0', 1),
(1515, '20HP2121', 'TONER HP LJ Q5942X RECARGADO', 'UND', 0, '0', 1),
(1516, '20HP2122', 'HP CC364A LJ 4014/4015/4515', 'UND', 0, '0', 1),
(1517, '20HP2123', 'HP Q7551A TONER LJ P3005/M3035MPF', 'UND', 0, '0', 1),
(1518, '20HP2124', 'HP CC530A NEGRO IMP. CP2025/CM2320', 'UND', 0, '0', 1),
(1519, '20HP2125', 'HP CC531A CIAN IMP. CP2025/CM2320', 'UND', 0, '0', 1),
(1520, '20HP2126', 'HP CC532A AMARILLO IMP. CP2025/CM2320', 'UND', 0, '0', 1),
(1521, '20HP2127', 'HP CC533A MAGENTA IMP. CP2025/CM2320', 'UND', 0, '0', 1),
(1522, '20HP2128', 'HP TONER Q7553A RECARGA Y CAMBIO DE CILINDRO', 'UND', 0, '0', 1),
(1523, '20HP2129', 'HP C9704A DRUM IMP 1500/2500', 'UND', 0, '0', 1),
(1524, '20HP2130', 'HP CC364X TONER P4015 NEGRO', 'UND', 0, '0', 1),
(1525, '20HP2131', 'HP C4197A KIT FUSOR 1300', 'UND', 0, '0', 1),
(1526, '20HP2132', 'HP CE278A TONER LASER JET M1536DNF/P1566/P1606', 'UND', 0, '0', 1),
(1527, '20HP2133', 'HP CE285A TONER LJ P1102W/M1132/M1212', 'UND', 0, '0', 1),
(1528, '20HP2134', 'HP CE250A TONER LJ CP 3525 NE', 'UND', 0, '0', 1),
(1529, '20HP2135', 'HP CE252A TONER LJ CP 3525 YE', 'UND', 0, '0', 1),
(1530, '20HP2136', 'HP CE253A TONER LJ CP 3525 MA', 'UND', 0, '0', 1),
(1531, '20HP2137', 'HP CE251A TONER LJ CP 3525 CYAN', 'UND', 0, '0', 1),
(1532, '20HP2138', 'HP Q6740A TONER LJ SERIE 3600/3800/CP3505', 'UND', 0, '0', 1),
(1533, '20HP2139', 'HP CE320A TONER 128A NEGRO LJ CP1525N/CM1415FN', 'UND', 0, '0', 1),
(1534, '20HP2140', 'HP CE321A TONER 128A CYAN LJ CP1525N/CM1415FN', 'UND', 0, '0', 1),
(1535, '20HP2141', 'HP CE323A TONER 128A MAGENTA LJ CP1525N/CM1415FN', 'UND', 0, '0', 1),
(1536, '20HP2142', 'HP CE322A TONER 128A YELLOW LJ CP1525N/CM1415FN', 'UND', 0, '0', 1),
(1537, '20HP2143', 'HP C4153A DRUM KIT LASERJET 8500/8550 SERIES, 5000 PAG.BLACK', 'UND', 0, '0', 1),
(1538, '20HP2144', 'HP Q2612AD LJ PRINT CART. SERIE 1010/1020 DUAL', 'UND', 0, '0', 1),
(1539, '20HP2145', 'HP C9722A LASERJET CRTG. YELLOW 4600/4650 SERIES', 'UND', 0, '0', 1),
(1540, '20HP2146', 'HP C9723A LASERJET CRTG. MAGENTA 4600/4650 SERIES', 'UND', 0, '0', 1),
(1541, '20HP2147', 'HP CE255A TONER LASERJET P/ IMPRESORA HP 3015.', 'UND', 0, '0', 1),
(1542, '20HP2148', 'HP CE310A TONER LJ NEGRO IMP.CP1025F/PRO 100 MFT M175 SERIE', 'UND', 0, '0', 1),
(1543, '20HP2149', 'HP CE311A TONER LJ CYAN IMP.CP1025/ PRO 100 M175 SERIE', 'UND', 0, '0', 1),
(1544, '20HP2150', 'HP CE312A TONER LJ AMAR.IMP.CP1025/ PRO 100 M175 SERIE', 'UND', 0, '0', 1),
(1545, '20HP2151', 'HP CE313A TONER LJ MAG. IMP.CP1025/ PRO 100 M175 SERIE', 'UND', 0, '0', 1),
(1546, '20HP2152', 'HP CE410A TONER NEGRO PRO-400', 'UND', 0, '0', 1),
(1547, '20HP2153', 'HP CE411A TONER CYAN PRO 400', 'UND', 0, '0', 1),
(1548, '20HP2154', 'HP CE412A TONER YELLOW PRO 400', 'UND', 0, '0', 1),
(1549, '20HP2155', 'HP CE413A TONER MAGENTA PRO 400', 'UND', 0, '0', 1),
(1550, '20HP2156', 'HP CF280A CART.NEGRO P/ LASERJET PRO 400 M401/M425 SERIE', 'UND', 0, '0', 1),
(1551, '20HP2157', 'HP Q1338D DUAL PACK LJ PRINT CARTRIDGE LJ 4200 PRINTS', 'UND', 0, '0', 1),
(1552, '20HP2158', 'HP CF280X CART.NEGRO P/ LASERJET PRO 400 M401/M425 SERIE', 'UND', 0, '0', 1),
(1553, '20HP2159', 'HP CE390AXTONER 600 M 601 24.000 PAGS.', 'UND', 0, '0', 1),
(1554, '20HP2160', 'HP CE400A TONER SERIE M551N/M511DN NEGRO', 'UND', 0, '0', 1),
(1555, '20HP2161', 'HP Q5942XC LJ BLACK 4250/4350 23.000 PAG.', 'UND', 0, '0', 1),
(1556, '20HP3000', 'TONER COMPATIBLE', 'UND', 0, '0', 0),
(1557, '20HP3001', 'TONER COMPATIBLE C/HP CE255A', 'UND', 0, '0', 1),
(1558, '20HP3002', 'TONER COMPATIBLE C/HP CB435A', 'UND', 0, '0', 1),
(1559, '20KX1000', 'ROLLOS DE PELICULAS PANASONIC', 'UND', 0, '0', 0),
(1560, '20KX1001', 'PELICULA P/FAX PANASONIC KX-FA57A P/MOD.KX-FHD332', 'UND', 0, '0', 1),
(1561, '20KX1002', 'TONER PANASONIC KXFA83 P/FAX KX-FL511/541', 'UND', 0, '0', 1),
(1562, '20KX1003', 'DRUM P/ FAX PANASONIC KX-FL 511 KXFA-84', 'UND', 0, '0', 1),
(1563, '20KX1004', 'PELICULA P/FAX PANASONIC FP-200 KXFA-136', 'UND', 0, '0', 1),
(1564, '20KX1005', 'PELICULA PARA FAX PANASONIC KX-FA55 PARA TELEFAX KX-FP152', 'UND', 0, '0', 1),
(1565, '20KX1006', 'PELICULA P/ PANASONIC FHD332/343 KX-FA57A FULLMARK', 'UND', 0, '0', 1),
(1566, '20KX1007', 'PELICULA P/FAX PANASONIC KXFA-93 GENERICA CAJA X 2 ROLLOS', 'UND', 0, '28,89', 1),
(1567, '20KX1008', 'PELICULA FAX PANASONIC KX-FP332/351 KXFA-57', 'UND', 0, '0', 1),
(1568, '20KX1020', 'PAPEL LUSTRILLO X 100', 'UND', 0, '0', 1),
(1569, '20LE1000', 'TINTAS LEXMARK', 'UND', 0, '0', 0),
(1570, '20LE1001', 'LEXMARK 11A3540 23XX/24XX STANDARD YIELD BLACK RE-INKIN RIBB', 'UND', 0, '0', 1),
(1571, '20LE1002', 'LEXMARK TINTA 13L0034 4227 SERIES PRINTER RIBBON', 'UND', 0, '0', 1),
(1572, '20LE1003', 'LEXMARK TINTA 1040995 6400/6412 GENERAL PURPOSE RIBBON PAK', 'UND', 0, '0', 1),
(1573, '20LE1004', 'LEXMARK TINTA 10N0016 STANDARD YIELD HIGH RESOLUTION BLACK', 'UND', 0, '0', 1),
(1574, '20LE1005', 'LEXMARK TINTA 10N0026 Nº 26 COLOR', 'UND', 0, '0', 1),
(1575, '20LE1006', 'LEXMARK TINTA 10N0217 Nº 17 MODERATE YIELD BLACK CRTG.', 'UND', 0, '0', 1),
(1576, '20LE1007', 'LEXMARK TINTA 10N0227 Nº 27 MODERATE YIELD COLOR CRTG.', 'UND', 0, '0', 1),
(1577, '20LE1008', 'LEXMARK TINTA 12A1970 SUPER SHARP WATERPROOF BLACK CARTRIDGE', 'UND', 0, '0', 1),
(1578, '20LE1009', 'LEXMARK TINTA 12A1980 BABBAGE COLOR SY', 'UND', 0, '0', 1),
(1579, '20LE1010', 'LEXMARK TINTA BABBAGE PHOTO', 'UND', 0, '0', 1),
(1580, '20LE1011', 'LEXMARK TINTA 13400HC 4076 SSWP SY', 'UND', 0, '0', 1),
(1581, '20LE1012', 'LEXMARK TINTA 13619HC 4076 COLOR SY', 'UND', 0, '0', 1),
(1582, '20LE1013', 'LEXMARK TINTA 15M0120 STANDARD YIELD HIGH RESOLUTION COLOR', 'UND', 0, '0', 1),
(1583, '20LE1014', 'LEXMARK TINTA 15M2619 BIRCH LY COLOR X-73', 'UND', 0, '0', 1),
(1584, '20LE1015', 'LEXMARK TINTA 15M2971 X-73 NEGRA', 'UND', 0, '0', 1),
(1585, '20LE1016', 'LEXMARK TINTA Nº 73COLOR', 'UND', 0, '0', 1),
(1586, '20LE1017', 'LEXMARK TINTA 170060 HIH RESOLUTIONCOLOR TPRINT CARTRIDE', 'UND', 0, '0', 1),
(1587, '20LE1018', 'LEXMARK TINTA 170648 INKO MONO LY TINTA', 'UND', 0, '0', 1),
(1588, '20LE1019', 'LEXMARK TINTA 18C0031 RUSHMORE PHOTO', 'UND', 0, '0', 1),
(1589, '20LE1020', 'LEXMARK TINTA 18C0032 BLACK P915/P6250/X5270/X7170', 'UND', 0, '0', 1),
(1590, '20LE1021', 'LEXMARK TINTA 18C0033 COLOR P915/P6250/X5270/X7170', 'UND', 0, '0', 1),
(1591, '20LE1022', 'LEXMARK TINTA 18C0034 RESHMORE HIGH RESOLUTION BLACK', 'UND', 0, '0', 1),
(1592, '20LE1023', 'LEXMARK TINTA 18C0035 RESHMORE HIGH RESOLUTION COLOR', 'UND', 0, '0', 1),
(1593, '20LE1024', 'LEXMARK TINTA 18C0781 # 1 COLOR CARTRIDGE', 'UND', 0, '0', 1),
(1594, '20LE1025', 'LEXMARK TINTA 18L0032 STANDARD YIELD # 82 HIGH RESOLUT BLACK', 'UND', 0, '0', 1),
(1595, '20LE1026', 'LEXMARK TINTA 18L0042 STANDARD YIELD # 83 HIGH RESOL COLOR', 'UND', 0, '0', 1),
(1596, '20LE1027', 'LEXMARK TINTA NEGRA Nº 32', 'UND', 0, '0', 1),
(1597, '20LE1028', 'LEXMARK 18C2090 CART NEGRO 14, Z2300, Z2320, X2600, X2650', 'UND', 0, '0', 1),
(1598, '20LE1029', 'LEXMARK 18C2110 CART COLOR 15, Z2300, Z2320, X2600, X2650', 'UND', 0, '0', 1),
(1599, '20LE2000', 'TONER LEXMARK', 'UND', 0, '0', 0),
(1600, '20LE2001', 'LEXMARK TONER 08A0476 E320/E322 RETUM PRINT CARTRIDGE.', 'UND', 0, '0', 1),
(1601, '20LE2002', 'LEXMARK TONER 08A0478 E320/E322 HIGH YIELD', 'UND', 0, '0', 1),
(1602, '20LE2003', 'LEXMARK TONER 10S0150 E210 2K PRINT CARTRIDGE', 'UND', 0, '0', 1),
(1603, '20LE2004', 'LEXMARK TONER 10S0150 E210 2K PRINT CARTRIDGE', 'UND', 0, '0', 1),
(1604, '20LE2005', 'LEXMARK TONER 12A1451 OPTRA COLOR 1200 MAGENTA CARTRIDGE', 'UND', 0, '0', 1),
(1605, '20LE2006', 'LEXMARK TONER 12A1452 OPTRA COLOR 1200 CYAN CARTRIDGE', 'UND', 0, '0', 1),
(1606, '20LE2007', 'LEXMARK TONER 12A1453 OPTRA COLOR 1200 YELLOW CARTRIDGE', 'UND', 0, '0', 1),
(1607, '20LE2008', 'LEXMARK TONER 12A1454 OPTRA COLOR 1200 BLACK CARTRIDGE.', 'UND', 0, '0', 1),
(1608, '20LE2009', 'LEXMARK TONER 12A4715 X422 HIGH YIELD RETUM PRINT CRTG.', 'UND', 0, '0', 1),
(1609, '20LE2010', 'LEXMARK 12A5845 OPTRA T 25K 5% HIGH YIELD RETUM PROG. PRINT', 'UND', 0, '0', 1),
(1610, '20LE2011', 'LEXMARK TONER 12A6835 T522 HIGH YIELD RETUM PRINT CRTG.', 'UND', 0, '0', 1),
(1611, '20LE2012', 'LEXMARK TONER 12A6865 T620/T622 HIGH YIELD RETURN PRINT CAR', 'UND', 0, '0', 1),
(1612, '20LE2013', 'LEXMARK TONER 12A7400 E321/E323 RETUM PROGRAM PRINT CARTRIDG', 'UND', 0, '0', 1),
(1613, '20LE2014', 'LEXMARK TONER 12A7462 T630/T632/T634 HIGH YIELD RETURN PROGR', 'UND', 0, '0', 1),
(1614, '20LE2015', 'LEXMARK TONER 12A7405 E321/E323HIGH YIELD RETURN PROG. PRINT', 'UND', 0, '0', 1),
(1615, '20LE2016', 'LEXMARK TONER 12A7415 T420 HIGH YIELD RETURN PRINT CRTG.', 'UND', 0, '0', 1),
(1616, '20LE2017', 'LEXMARK TONER 12A7465 T630/T632/T634 EXTRA HIGH YIELD RETURN', 'UND', 0, '0', 1),
(1617, '20LE2018', 'LEXMARK 24018SL E230/232/234/240/330/340/332', 'UND', 0, '0', 1),
(1618, '20LE2019', 'LEXMARK TONER 12A8425 T430 PRINT CARTRIDGE HIGH RESOLUTION', 'UND', 0, '0', 1),
(1619, '20LE2020', 'LEXMARK TONER 12B0090 W820 PRINT CARTRIDGE', 'UND', 0, '0', 1),
(1620, '20LE2021', 'LEXMARK TONER 12L0250 20K W810', 'UND', 0, '0', 1),
(1621, '20LE2022', 'LEXMARK TONER 12L0251 OPTRA W810 PHOTOCONDUTOR KIT', 'UND', 0, '0', 1),
(1622, '20LE2023', 'LEXMARK TONER 12N0768 C910 CYAN CARTRIDGE.', 'UND', 0, '0', 1),
(1623, '20LE2024', 'LEXMARK TONER 12N0769 C910 MAGENTA CARTRIDGE.', 'UND', 0, '0', 1),
(1624, '20LE2025', 'LEXMARK TONER 12N0770 C910 YELLOW CARTRIDGE.', 'UND', 0, '0', 1),
(1625, '20LE2026', 'LEXMARK TONER 12N0771 C910 BLACK KIT.', 'UND', 0, '0', 1),
(1626, '20LE2027', 'LEXMARK TONER 12N0772 C910 COLOR PHOTODEVELOPER', 'UND', 0, '0', 1),
(1627, '20LE2028', 'LEXMARK TONER 12N0773 DEVELOPER C910 NEGRO.', 'UND', 0, '0', 1),
(1628, '20LE2029', 'LEXMARK TONER 12S0400 E220 RETURN PROGRAM PRINT CARTRIDGE.', 'UND', 0, '0', 1),
(1629, '20LE2030', 'LEXMARK TONER 1382925 OPTRA S 17.6K 5% RETURN PROGRAM CRTG.', 'UND', 0, '0', 1),
(1630, '20LE2031', 'LEXMARK TONER 13T0101 6.OK 5% TONER CARTRIDGE', 'UND', 0, '0', 1),
(1631, '20LE2032', 'LEXMARK TONER 15G042C C752/C762 CYAN HIGH YIELD PRINT CRTG.', 'UND', 0, '0', 1),
(1632, '20LE2033', 'LEXMARK TONER 15G042K C752/C762 BLACK HIGH YIELD PRINT CRTG.', 'UND', 0, '0', 1),
(1633, '20LE2034', 'LEXMARK TONER 15G042M C752/C762 MAGENTA HIGH YIELD PRINT CRT', 'UND', 0, '0', 1),
(1634, '20LE2035', 'LEXMARK TONER 15G042Y C752/C762 YELLOW HIGH YIELD PRINT CRTG', 'UND', 0, '0', 1),
(1635, '20LE2036', 'LEXMARK TONER 17G0152 5.OK CARTRIDGE - M410/412', 'UND', 0, '0', 1),
(1636, '20LE2037', 'LEXMARK TONER 17G0154 15.OK -M412 CARTRIDGE (PALLET QTY 55)', 'UND', 0, '0', 1),
(1637, '20LE2038', 'LEXMARK 18S0090 X215MFP 3.2 PRINT CARTRIDGE.', 'UND', 0, '0', 1),
(1638, '20LE2039', 'LEXMARK TONER 20K0504 CARTUCHO FOTO-REVELADOR C510', 'UND', 0, '0', 1),
(1639, '20LE2040', 'LEXMARK TONER 20K0506 UNIDAD DE FUSION C510 LV', 'UND', 0, '0', 1),
(1640, '20LE2041', 'LEXMARK TONER 20K1400 C510 CYAN CARTUCHO DE ALTO RENDIMIENTO', 'UND', 0, '0', 1),
(1641, '20LE2042', 'LEXMARK TONER 20K1401 MAGENTA C510 HIGH RESOLUTION CRTG.', 'UND', 0, '0', 1),
(1642, '20LE2043', 'LEXMARK TONER 20K1402 YELLOW C510 HIGH RESOLUTION CARTRIDG', 'UND', 0, '0', 1),
(1643, '20LE2044', 'LEXMARK TONER 20K1403 BLACK C510 HIGH RESOLUTION CRTG.', 'UND', 0, '0', 1),
(1644, '20LE2045', 'LEXMARK TONER 64018HL HIGH YIELD RETURN PROGRAM PRINT CRTG.', 'UND', 0, '0', 1),
(1645, '20LE2046', 'LEXMARK TONER 64418LX EXTRA HIGT YIELD RETURN PRINT CRTRDGE.', 'UND', 0, '0', 1),
(1646, '20LE2047', 'LEXMARK OPTRA T 25K 5% HIGH YIELD RETURN PROGRAM PRINT CRTRG', 'UND', 0, '0', 1),
(1647, '20LE2048', 'LEXMARK TONER 34018HL HIGH YIELD SUST.12A8405 E-332', 'UND', 0, '0', 1),
(1648, '20LE2049', 'LEXMARK TONER 64018HL S/T-640', 'UND', 0, '311062', 1),
(1649, '20LE2050', 'LEXMARK TONER 17G0154', 'UND', 0, '0', 1),
(1650, '20LE2051', 'LEXMARK FOTOCONDUCTORES PARA E-332', 'UND', 0, '156045', 1),
(1651, '20LE2052', 'LEXMARK TONER C9202KH', 'UND', 0, '0', 1),
(1652, '20LE2053', 'LEXMARK 340A11G TONER SERIE X340', 'UND', 0, '0', 1),
(1653, '20LE2054', 'LEXMARK TONER X3403A11G SERIE X 3XX', 'UND', 0, '0', 1),
(1654, '20LE2055', 'LEXMARK 12A8302 FOTOCONDUCTOR E-332', 'UND', 0, '0', 1),
(1655, '20LE2056', 'LEXMARK X340A11G TONER IMP.X340/X342', 'UND', 0, '0', 1),
(1656, '20M01000', 'MASTER', 'UND', 0, '0', 0),
(1657, '20MA1000', 'MASTER', 'UND', 0, '0', 0),
(1658, '20MA1001', 'MASTER ORIGINAL TR 1510 P/DUPLICADORA RISO', 'UND', 0, '0', 1),
(1659, '20MA1002', 'MASTER MOD.5325/5329/27 CPMT-9 (2)', 'UND', 0, '0', 1),
(1660, '20OF2000', 'TONER PRINT STAR', 'UND', 0, '0', 0),
(1661, '20OF2001', 'TONER PRINT STAR C7115X P/HP LJ 100/1200/1200N/1220', 'UND', 0, '0', 1),
(1662, '20OF2002', 'TONER PRINT STAR C4127X HP LASER JET 4000/4050 07991XPS', 'UND', 0, '0', 1),
(1663, '20P01000', 'PELICULAS', 'UND', 0, '0', 0),
(1664, '20P01001', 'PELICULA P/FAX PANASONIC KXFP-200 KXFA-136 OFICA X 2', 'UND', 0, '0', 1),
(1665, '20PE1000', 'PELICULA P/FAX', 'UND', 0, '0', 0),
(1666, '20PE1001', 'TONER PANASONIC KXFA-83 FAX KX-FL511', 'UND', 0, '0', 1),
(1667, '20PE1002', 'BROTHER 575 PELICULA P/FAX 402 X 2', 'UND', 0, '0', 1),
(1668, '20RC1000', 'TONER', 'UND', 0, '0', 0),
(1669, '20RC1001', 'TONER P/FOTOCOP. RICOH TONER TYPE 1130P', 'UND', 0, '0', 1),
(1670, '20RC1002', 'TONER RICOH 1130D 2015/2016/2020/MP1500', 'UND', 0, '0', 1),
(1671, '20RC1003', 'TONER RICOH T-1140D PARA 1113/1015', 'UND', 0, '0', 1),
(1672, '20RC1004', 'TONER RICOH P/FOTOCOPIADORA 2021D', 'UND', 0, '0', 1),
(1673, '20RC2000', 'TINTA', 'UND', 0, '0', 0),
(1674, '20RC2001', 'TINTA RICOH VT-600 CAJA X 5', 'UND', 0, '0', 1),
(1675, '20RC2002', 'TINTA RISO FR-3910', 'UND', 0, '0', 1),
(1676, '20RC2003', 'TINTA RISOGRAPH 4202 SERIE FR3910UI', 'UND', 0, '0', 1),
(1677, '20RC2004', 'MASTER RISOGRAPH SERIE FR3910', 'UND', 0, '0', 1),
(1678, '20SA1000', 'SAMSUNG', 'UND', 0, '0', 0),
(1679, '20SA1001', 'RECARGA TONER Q2612A Y CILINDRO', 'UND', 0, '0', 1),
(1680, '20SA1002', 'TONER SAMSUNG ML2010 D3', 'UND', 0, '160795', 1),
(1681, '20SA1003', 'TONER SAMSUNG ML-2010 D3 RECARGADO', 'UND', 0, '0', 1),
(1682, '20SA1004', 'TONER SAMSUNG ML-1610 P/IMPRESORA ML-161X SERIES', 'UND', 0, '0', 1),
(1683, '20SA1005', 'TONER SAMSUNG LASER PRINT SCX-4200', 'UND', 0, '0', 1),
(1684, '20SA1006', 'SAMSUNG TONER CLP-K600 BLACK', 'UND', 0, '0', 1),
(1685, '20SA1007', 'SAMSUNG TONER MLT-D105S, S.ML-2580N', 'UND', 0, '0', 1),
(1686, '20SA1008', 'SAMSUNG TONER CLP-Y600 YELLOW', 'UND', 0, '0', 1),
(1687, '20SA1009', 'SAMSUNG TONER CLP-M600 MAG.', 'UND', 0, '0', 1),
(1688, '20SA1010', 'SAMSUNG TONER 4016D3 IMP. 4216ML', 'UND', 0, '0', 1),
(1689, '20SA1011', 'SAMSUNG TONER ML-2010', 'UND', 0, '0', 1),
(1690, '20SA1012', 'KIT FUSOR SAMSUNG CLP 600E', 'UND', 0, '0', 1),
(1691, '20SA1013', 'SAMSUNG TONER MLT-108, ML-2240', 'UND', 0, '0', 1),
(1692, '20SA1014', 'SAMSUNG TONER CLP-K300A NE', 'UND', 0, '0', 1),
(1693, '20SA1015', 'SAMSUNG TONER CLP-C300A AZUL', 'UND', 0, '0', 1),
(1694, '20SA1016', 'SAMSUNG TONER CLP-M300A ROJO', 'UND', 0, '0', 1),
(1695, '20SA1017', 'SAMSUNG TONER CLP-Y300A AMARILLO', 'UND', 0, '0', 1),
(1696, '20SA1018', 'TONER KATUN P/SAMSUNG CLP-K300A NEG.', 'UND', 0, '0', 1),
(1697, '20SA1019', 'TONER KATUN P/SAMSUNG CLP-C300A AZUL', 'UND', 0, '0', 1),
(1698, '20SA1020', 'SAMSUNG TONER MLT-D209L SCX-4828FN, ML2851ND 5K', 'UND', 0, '0', 1),
(1699, '20SA1021', 'TONER KATUN P/SAMSUNG CLP-M300A ROJO', 'UND', 0, '0', 1),
(1700, '20SA1022', 'TONER KATUN P/SAMSUNG CLP-Y300A AMARILLO', 'UND', 0, '0', 1),
(1701, '20SA1023', 'TONER P/KATUN P/SAMSUNG CLX-2160 PAQ. 4 COL NE,MA,CY,YE', 'UND', 0, '0', 1),
(1702, '20SA1024', 'TONER SAMSUNG CLX-2160 PAQ. X 4 COL. NEG,CY,MA,YE', 'UND', 0, '0', 1),
(1703, '20SA1025', 'TONER P/SAMSUNG SCX4521D3 GENERICO STAR', 'UND', 0, '0', 1),
(1704, '20SA1026', 'TONER STAR PARA SAMSUNG SCX-4521F', 'UND', 0, '0', 1),
(1705, '20SA1027', 'SAMSUNG MLT-116S, M2625/2626/2825/2826', 'UND', 0, '0', 1),
(1706, '20SA1028', 'TONER STAR P/HP CB435A', 'UND', 0, '0', 1),
(1707, '20SA1029', 'SAMSUNG SCX-4521D3, IMP. SCX-4321/4521F', 'UND', 0, '0', 1),
(1708, '20SA1030', 'SAMSUNG TONER ML-1210D3-ML-1210-ML-1250', 'UND', 0, '0', 1),
(1709, '20SA1031', 'SAMSUNG MLD-104S IMP. ML1660/1661/1665/1865W', 'UND', 0, '0', 1),
(1710, '20SA1032', 'SAMSUNG MLT-D101S ML-2165/SCX-3405W', 'UND', 0, '0', 1),
(1711, '20SA1033', 'TONER COMPATIBLE SAMSUNG C/ML-2010', 'UND', 0, '0', 1),
(1712, '20SA1034', 'TONER COMPATIBLE C/SAMSUNG MLT-D104S', 'UND', 0, '0', 1),
(1713, '20SH1000', 'SHARP', 'UND', 0, '0', 0),
(1714, '20SH1001', 'TONER SHARP UX-5CR PARA UX-P/UX-A/UX-C SERIES.', 'UND', 0, '0', 1),
(1715, '20SH1002', 'PELICULA TERMICA P/FAX SHARP UX3CR 370 X 2', 'UND', 0, '0', 1),
(1716, '20SH1003', 'PELICULA SHARP UX-5CR,FAX UXP100/P200/255', 'UND', 0, '0', 1),
(1717, '20SH1004', 'TONER SHARP P/MULTIF. AL-1651CS AL 100TD', 'UND', 0, '0', 1),
(1718, '20SH1005', 'TONER SAMSUNG MLS 2251', 'UND', 0, '0', 1),
(1719, '20SH1006', 'TONER SHARP AR-287', 'UND', 0, '0', 1),
(1720, '20SH1007', 'TONER SHARP AL-2050', 'UND', 0, '0', 1),
(1721, '20TI1000', 'TINTAS', 'UND', 0, '0', 0),
(1722, '20TI1001', 'TINTA S-4202 P/DUPLICADORA FR-3910UI 1X2 UND.', 'UND', 0, '0', 1),
(1723, '20TI1002', 'TINTA RISOGRAF RA-4200 CAJ. X 2', 'UND', 0, '0', 1),
(1724, '20TI1003', 'TINTA RISO TR-1530 TR-1510 S952', 'UND', 0, '0', 1),
(1725, '20TI1004', 'HP C9385A TINTA OFFIJET PRO K550 NEGRA Nº 88', 'UND', 0, '0', 1),
(1726, '20TI1005', 'HP C9386A TINTA OFFICEJET PRO K550 CIAN Nº 88', 'UND', 0, '0', 1),
(1727, '20TI1006', 'HP C9387A TINTA OFFICEJET PRO K550 MAG. Nº 88', 'UND', 0, '0', 1),
(1728, '20TI1007', 'HP C9388A TINTA OFFICEJET PRO K550 AMARILLO Nº 88', 'UND', 0, '0', 1),
(1729, '20TI1008', 'CANON TINTA CANON PG-40 NEGRO PIXMA 40 16 ML', 'UND', 0, '0', 1),
(1730, '20TI1009', 'TINTA RISOGRAF RP-3105UI', 'UND', 0, '0', 1),
(1731, '20TI1010', 'TINTA COMPATIBLE C/EPSON T073120', 'UND', 0, '0', 1),
(1732, '20TI1011', 'TINTA COMPATIBLE C/EPSON T073220', 'UND', 0, '0', 1),
(1733, '20TI1012', 'TINTA COMPATIBLE C/EPSON T073320', 'UND', 0, '0', 1),
(1734, '20TI1013', 'TINTA COMPATIBLE C/EPSON T073420', 'UND', 0, '0', 1),
(1735, '20TO2000', 'TONER', 'UND', 0, '0', 0),
(1736, '20TO2001', 'TONER HP C7553A RECARGADO Y CILINDRO', 'UND', 0, '0', 1),
(1737, '20TO2002', 'TONER PANASONIC P/FAX 511 KXFP-83', 'UND', 0, '0', 1),
(1738, '20TO2003', 'TONER SAMSUNG ML 1710 RECARGADO', 'UND', 0, '0', 1),
(1739, '20TO2004', 'TONER PANASONIC KXFL-511 KXFA-83', 'UND', 0, '0', 1),
(1740, '20TO2005', 'TONER PRIN-TON CB436A', 'UND', 0, '0', 1),
(1741, '20TO2006', 'TONER SAMSUNG ML-1610 RECARGADO', 'UND', 0, '0', 1),
(1742, '20TO2007', 'TONER 1020 MARCA KURO P/FOTOC. CANON 1020', 'UND', 0, '0', 1),
(1743, '20TO2008', 'TONER SAMSUNG SCX 4200 RECARGADO', 'UND', 0, '0', 1),
(1744, '20TO2009', 'TONER HP CB436A RECARGADO', 'UND', 0, '0', 1),
(1745, '20TO2010', 'HP C4194A TONER IMP. 4550 AMARILLO', 'UND', 0, '0', 1),
(1746, '20TO2011', 'HP C4197A FUSER KIT IMP. 4500/4550', 'UND', 0, '0', 1),
(1747, '20TO2012', 'HP Q7551X TONER IMP. SERIE 3000 PAQ. 13.000', 'UND', 0, '0', 1),
(1748, '20TO2013', 'HP C8543X LASERJET 9000/9000MTP SERIRES TONER CARTG.', 'UND', 0, '0', 1),
(1749, '20TO2014', 'HP C4129X TONER LJ 5000/51000', 'UND', 0, '0', 1),
(1750, '20TO2015', 'HP Q7516A TONER LJ 5200', 'UND', 0, '0', 1),
(1751, '20TO2016', 'DELCOP TONER 2805 MFP AMARILLO', 'UND', 0, '0', 1),
(1752, '20TO2017', 'DELCOP TONER 2805 MFP CYAN', 'UND', 0, '0', 1),
(1753, '20TO2018', 'DELCOP TONER 2805 MFP MAGENTA', 'UND', 0, '0', 1),
(1754, '20TO2019', 'HP CC640WL 60 NEGRO F4280/4480', 'UND', 0, '0', 1),
(1755, '20TO2020', 'HP CC643WL 60 TRICOLOR F-4280/4480', 'UND', 0, '0', 1),
(1756, '20TO2021', 'TOSHIBA T-1640, TONER NEGRO 163/E165/E205/166/167/207/237', 'UND', 0, '0', 1),
(1757, '20TO2022', 'TONER RICOH 1130', 'UND', 0, '0', 1),
(1758, '20TO2023', 'HP Q7580A TONER NE LJ 3505N/3800', 'UND', 0, '0', 1),
(1759, '20TO2024', 'HP TONER COMPATIBLE CB435A SERIE P1005/P1006', 'UND', 0, '0', 1),
(1760, '20TO2025', 'HP TONER COMPATIBLE CB436A SERIE 1500 / M1522 / P1505', 'UND', 0, '0', 1),
(1761, '20TO2026', 'HP TONER COMPATIBLE HP CC364A P-P4015 CAP. 10000 COPIAS', 'UND', 0, '0', 1),
(1762, '20TO2027', 'TONER COMPATIBLE C/HP Q2612A', 'UND', 0, '0', 1),
(1763, '20TO2028', 'TONER COMPATIBLE HP Q7553A', 'UND', 0, '0', 1),
(1764, '20XE1000', 'TINTA XEROX', 'UND', 0, '0', 0),
(1765, '20XE1001', 'XEROX TINTA 108R336 P/FAX 170', 'UND', 0, '0', 1),
(1766, '20XE1002', 'TINTA XEROX PARA FAX 108R336 CARTRIDGE.', 'UND', 0, '0', 1),
(1767, '20XE1003', 'XEROX TINTA P/FAX 108R319 XEROX', 'UND', 0, '0', 1),
(1768, '20XE2000', 'TONER XEROX', 'UND', 0, '0', 0),
(1769, '20XE2001', 'TONER XEROX WORK CENTER PE-16', 'UND', 0, '0', 1),
(1770, '20XE2002', 'XEROX TONER WORKCENTRE 4150 006R1276', 'UND', 0, '0', 1),
(1771, '20XE2003', 'XEROX TONER 006R01242 MAGENTA WC C226 11.000 PAG.', 'UND', 0, '0', 1),
(1772, '20XE2004', 'XEROX WCPRO 412 COD. 106R00584', 'UND', 0, '0', 1),
(1773, '20XE2005', 'XEROX TONER WORK CENTRE 006R01278 PARA LA 4118', 'UND', 0, '0', 1),
(1774, '20XE2006', 'XEROX CART. TONER PHASER 8500 BLACK CJA. X 3', 'UND', 0, '0', 1),
(1775, '20XE2007', 'XEROX CART. TONER PHASER 8500 CYAN CJA. X3', 'UND', 0, '0', 1),
(1776, '20XE2008', 'XEROX CART. TONER PHASER 8500 MAG CAJA X 3', 'UND', 0, '0', 1),
(1777, '20XE2009', 'XEROX CART. TONER PHASER 8500 YE CAJA X 6', 'UND', 0, '0', 1),
(1778, '20XE2010', 'XEROX 3R999629/9439 COMPATIBLE TONER HP C3906A 5L 6L', 'UND', 0, '0', 1),
(1779, '20XE2011', 'XEROX M15 TONER 106R00584', 'UND', 0, '0', 1),
(1780, '20XE2012', 'XEROX TONER 428 113R634', 'UND', 0, '0', 1),
(1781, '20XE2013', 'XEROX 113R00712 TONER PHASER ALTO R 4510 19000 PAG.', 'UND', 0, '0', 1),
(1782, '20XE2014', 'XEROX 113R00711 TONER PHASER BAJO R 4510', 'UND', 0, '0', 1),
(1783, '20XE2015', 'XEROX 106R01047 TONER M-20 FOTOC.', 'UND', 0, '0', 1),
(1784, '20XE2016', 'XEROX 113R00671 UNIDAD DE MOD.DE IMAGEN M-20I', 'UND', 0, '0', 1),
(1785, '20XE2017', 'XEROX 3R99601 TONER (SUST. HP C8061X)', 'UND', 0, '0', 1),
(1786, '20XE2018', 'XEROX 0006R1276 TONER WC 4150', 'UND', 0, '0', 1),
(1787, '20XE2019', 'XEROX 006801182 TONER WC 123/128', 'UND', 0, '0', 1),
(1788, '20XE2020', 'XEROX 108R00646 MOD. TRASFERENCIA PHASER 6300', 'UND', 0, '0', 1),
(1789, '20XE2021', 'XEROX 113R00730 TONER PHASER 3200', 'UND', 0, '0', 1),
(1790, '20XE2022', 'XEROX 113R00692 TONER PHASER BLACK S. 6115/6120 MFP', 'UND', 0, '0', 1),
(1791, '20XE2023', 'XEROX 113R00693 TONER PHASER CIAN S.6115/6120 MFP', 'UND', 0, '0', 1),
(1792, '20XE2024', 'XEROX 113R00694 TONER PHASER YELOW S.6115 MFP', 'UND', 0, '0', 1),
(1793, '20XE2025', 'XEROX 113R00695 TONER PHASER MAGENTA 6115/6120 MFP', 'UND', 0, '0', 1),
(1794, '20XE2026', 'XEROX 006R00752 TONER 5614', 'UND', 0, '0', 1),
(1795, '20XE2027', 'XEROX TONER PHASER 6300 106R01076', 'UND', 0, '0', 1),
(1796, '20XE2028', 'XEROX 108R00908 PHASER 3140 1.500 PAG.', 'UND', 0, '0', 1),
(1797, '20XE2029', 'XEROX TONER 108R00796 IMP. 3635 10.000 PAG.', 'UND', 0, '0', 1),
(1798, '20XE2030', 'XEROX 113R00668 TONER NEGRO 5500', 'UND', 0, '0', 1),
(1799, '20XE2031', 'XEROX TONER PHASER 3420/3425 106R01034 10.000 PAG.', 'UND', 0, '0', 1),
(1800, '20XE2032', 'XEROX 106R01531 IMPRESORA WORK CENTER 3550', 'UND', 0, '0', 1),
(1801, '20XE2033', 'XEROX 108R796 COPIADORA PHASER 3635 10.000 COPIAS', 'UND', 0, '0', 1),
(1802, '20XE2034', 'XEROX 006R01046 TONER FOTOC. 5645/5655 4500 PAG.', 'UND', 0, '0', 1),
(1803, '20XE2035', 'XEROX TONER 106R00584 PARA LA WORKCENTRE M15', 'UND', 0, '0', 1),
(1804, '20XE2036', 'XEROX 106R01476 TONER MULT. PHASER 6121MFP', 'UND', 0, '0', 1),
(1805, '20XE2037', 'XEROX 106R01604 BLACK 6500/6550', 'UND', 0, '0', 1),
(1806, '20XE2038', 'TONER XEROX 3140 RECARGADO', 'UND', 0, '0', 1),
(1807, '20XE2039', 'XEROX 106R01631 PHASER 6000/6010/WC6015 TONER CYAN', 'UND', 0, '0', 1),
(1808, '20XE2040', 'XEROX 106R01632 PHASER 6000/6010/WC6015 TONER MAGENTA', 'UND', 0, '0', 1),
(1809, '20XE2041', 'XEROX 106R01633 PHASER 6000/6010/WC6015 TONER YELLOW', 'UND', 0, '0', 1),
(1810, '20XE2042', 'XEROX 106R01634 PHASER 6000/6010/WC6015 TONER BLACK', 'UND', 0, '0', 1),
(1811, '30000000', 'COMPUTACION', 'UND', 0, '0', 0),
(1812, '30AM1000', 'AMPLIFICADOR', 'UND', 0, '0', 0),
(1813, '30AM1001', 'AMPLIFICADOR MARCA: PROGRESIVE 200 EP', 'UND', 0, '0', 1),
(1814, '30BO1000', 'BOTA P/PLUG', 'UND', 0, '0', 0),
(1815, '30BO1001', 'BOTA P/PLUG RJ45 C/NE QUEST PAQ. X 100', 'UND', 0, '0', 1),
(1816, '30C01000', 'CPU', 'UND', 0, '0', 0),
(1817, '30CA1000', 'CARTURADOR', 'UND', 0, '0', 0),
(1818, '30CA1001', 'CALCULADORA CASIO DE BOLS. 8 DIG. HL-820', 'UND', 0, '0', 1),
(1819, '30CA1002', 'CALCULADORA CANON MP-41DH 14 DIGITOS', 'UND', 0, '0', 1),
(1820, '30CA1003', 'CALCULADORA CANON MOD. WS-1210 12 DIG. -MOSTRADOR', 'UND', 0, '0', 1),
(1821, '30CA1004', 'CALCULADORA CANON 12 DIG. MP170 DH', 'UND', 0, '0', 1),
(1822, '30CA1005', 'CALCULADORA CASIO JW120-TV 12 DIG.', 'UND', 0, '0', 1),
(1823, '30CA1006', 'CALCULADORA CASIO C/PAPEL MOD. HR-150TE', 'UND', 0, '0', 1),
(1824, '30CA1007', 'CALCULADORA SUMADORA', 'UND', 0, '0', 1),
(1825, '30CA1008', 'CABLE ADAPTADOR P/CALCULADORA CASIO HR-150TE', 'UND', 0, '0', 1),
(1826, '30CA1009', 'CALCULADORA CASIO DE BOLSILLO MOD-HL100LB-W', 'UND', 0, '0', 1),
(1827, '30CA1010', 'CALCULADORA CASIO DR-140TM 14 DIG.', 'UND', 0, '0', 1),
(1828, '30CA1011', 'CALCULADORAS CASIO MOD. MS-270T-W', 'UND', 0, '0', 1),
(1829, '30CA1012', 'CALCULADORA CASIO MOD. DR-120TM 12 DIG.', 'UND', 0, '0', 1),
(1830, '30CA1013', 'CALCULLADORA CASIO SL-320VA', 'UND', 0, '23965', 1),
(1831, '30CA1014', 'CALCULADORA CASIO MOD. HR-100TM', 'UND', 0, '0', 1),
(1832, '30CA1015', 'CALCULADORA CASIO MOD. FR-2650T 12 DIG.', 'UND', 0, '0', 1),
(1833, '30CA1016', 'CALCULADORA CASIO MOD. HR-8TE 12 DIGITOS CON ADAPTADOR', 'UND', 0, '0', 1),
(1834, '30CA1017', 'CALCULADORA CASIO MS-170TV', 'UND', 0, '0', 1),
(1835, '30CA1018', 'CAMARA VIDEO CONFERENCIA GENIUS GF-112', 'UND', 0, '40810', 1),
(1836, '30CA1019', 'CALCULADORA CASIO MOD. MS-470V', 'UND', 0, '0', 1),
(1837, '30CA1020', 'CALCULADORA CASIO SL-300VC', 'UND', 0, '0', 1),
(1838, '30CA1021', 'CALCULADORA CANON 12 DIG. MP11DX', 'UND', 0, '0', 1),
(1839, '30CA1022', 'CALCULADORA CASIO MOD. HR-100TM 12 DIG. C/ADAPT.', 'UND', 0, '0', 1),
(1840, '30CA1023', 'CALCULADORA CIENTIFICA CASIO MOD. CLASS PAD 330', 'UND', 0, '0', 1),
(1841, '30CA1024', 'CALCULADORA CASIO CIENTIFICA MOD. CLASSPAD 300 PL', 'UND', 0, '0', 1),
(1842, '30CA1025', 'CALCULADORA CASIO DE BOLS. MOD. LC160LV 8 DIG.C/TAPA', 'UND', 0, '0', 1),
(1843, '30CA1026', 'CALCULADORA CASIO MOD.MS-120-MS', 'UND', 0, '0', 1),
(1844, '30CA1027', 'CALCULADORA CASIO DE BOLSILLO LC-401LV-VK-W', 'UND', 0, '0', 1),
(1845, '30CA1028', 'CALCULADORA CASIO MX-120S', 'UND', 0, '0', 1),
(1846, '30CA2000', 'CAMARAS DIGITALES', 'UND', 0, '0', 0),
(1847, '30CA2001', 'CAMARA DIGITAL KODAK C643', 'UND', 0, '0', 1),
(1848, '30CA2002', 'CAMARA DIGITAL HP PHOTODMART E327', 'UND', 0, '0', 1),
(1849, '30CA2003', 'CAMARA DIGITAL HP MOD. 427', 'UND', 0, '0', 1),
(1850, '30CA3000', 'CABLE', 'UND', 0, '0', 0),
(1851, '30CA3001', 'CABLE SATA POWER', 'UND', 0, '0', 1),
(1852, '30CA3002', 'JUEGO DE CABLES CONECTORES', 'UND', 0, '0', 1),
(1853, '30CA3003', 'CABLE 4 PAR 1000 FT UTP CAT5E GRIS SIEMON', 'UND', 0, '0', 1),
(1854, '30CA3004', 'CABLE USB P/IMPRESORA HP', 'UND', 0, '0', 1),
(1855, '30CA3005', 'CABLE ADAPTADOR DE CORRIENTE CALCULADORA CASIO MOD. HR8-T-E', 'UND', 0, '0', 1),
(1856, '30CA4000', 'CANALETA', 'UND', 0, '0', 0),
(1857, '30CA4001', 'CANALETA 20 X 10 MM AUTOAD.CABLECANAL BLA.', 'UND', 0, '0', 1),
(1858, '30CA4002', 'CANALETA BLANCAS 1 3/4" 20 X 10 MM', 'UND', 0, '0', 1),
(1859, '30CA4003', 'CANALETA BLANCA 3/4" 20 X 10 MM', 'UND', 0, '0', 1),
(1860, '30CA4005', 'ESQUINA INTERNA PARA CANALETAS DE 1 3/4" BL', 'UND', 0, '0', 1),
(1861, '30CA4006', 'ESQUINA INTERNA PARA CANALETA 3/4"', 'UND', 0, '0', 1),
(1862, '30CA4007', 'LATERALES PARA CANALETAS DE 3/4" BL', 'UND', 0, '0', 1),
(1863, '30CA4008', 'LATERALES PARA CANALETAS 1 3/4"', 'UND', 0, '0', 1),
(1864, '30CA5000', 'CAJETINES', 'UND', 0, '0', 0),
(1865, '30CA5001', 'CAJETIN SUPERFICIAL 4X2 BL HELLERMANNTYTON', 'UND', 0, '0', 1),
(1866, '30CA6000', 'CABEZALES', 'UND', 0, '0', 0),
(1867, '30CA6001', 'CABEZAL Nº 1275824 PARA IMPRESORA EPSON FX-2190/FX-890', 'UND', 0, '0', 1),
(1868, '30CA6002', 'CABEZAL TERMICO IR4570', 'UND', 0, '0', 1),
(1869, '30CA7000', 'CASE', 'UND', 0, '0', 0),
(1870, '30CA7001', 'CASE AT', 'UND', 0, '0', 1),
(1871, '30CA8000', 'CARTURADOR', 'UND', 0, '0', 0),
(1872, '30CA8001', 'CARTURADOR USB 2.0 VIDEO AUDIO ADAPTADOR', 'UND', 0, '0', 1),
(1873, '30CD1000', 'CD ROM', 'UND', 0, '0', 0),
(1874, '30CD1001', 'CD ROM 52X SONI', 'UND', 0, '0', 1),
(1875, '30CL1000', 'CILINDRO', 'UND', 0, '0', 0),
(1876, '30CL1001', 'CILINDRO OPC INTEG. NP7161/7210', 'UND', 0, '0', 1),
(1877, '30CL1002', 'CILINDRO PARA SAMSUNG 1610', 'UND', 0, '0', 1),
(1878, '30CO1000', 'CORNETAS', 'UND', 0, '0', 0),
(1879, '30CO1001', 'CORNETAS 120 WATT JUEGO', 'UND', 0, '0', 1),
(1880, '30CO2000', 'COMPUTADOR', 'UND', 0, '0', 0),
(1881, '30CO2001', 'COMPUTADOR SIRAGON DUAL CORE', 'UND', 0, '0', 1),
(1882, '30CON000', 'CONTADORA DE BILLETES', 'UND', 0, '0', 0),
(1883, '30CON001', 'CONTADOR DE BILLETES ACUBANKER MOD. 1100 UB', 'UND', 0, '0', 1),
(1884, '30COU000', 'COUPLER', 'UND', 0, '0', 0),
(1885, '30COU001', 'COUPLER RJ-45 CATEGORIA 5E T568 A/B NEGRO BTINET', 'UND', 0, '0', 1),
(1886, '30COU002', 'COUPLER RJ-11 CATEGORIA 3 6 HILOS AZUL AMP', 'UND', 0, '0', 1),
(1887, '30CP1000', 'CPU', 'UND', 0, '0', 0),
(1888, '30CP2000', 'CPU', 'UND', 0, '0', 0),
(1889, '30CU1000', 'CUCHILLAS CILINDRO', 'UND', 0, '0', 0),
(1890, '30CU1001', 'CUCHILLA LIMPIEZA CILINDRO INTEGRAL NP7161/7210/7163', 'UND', 0, '0', 1),
(1891, '30D01000', 'DRIVER', 'UND', 0, '0', 0),
(1892, '30D01001', 'DRIVE SAMSUNG DVD-WRITER INTERNO', 'UND', 0, '0', 1),
(1893, '30DE1000', 'DESTORNILLADORES', 'UND', 0, '0', 0),
(1894, '30DE1001', 'DESIFECTANTE GALON MAS', 'UND', 0, '0', 1),
(1895, '30DE1002', 'DESTRUCTORA DE PAPEL OFITECH, MODELO 2218ST', 'UND', 0, '0', 1),
(1896, '30DE2000', 'DESTRUCTORA', 'UND', 0, '0', 0),
(1897, '30DE2001', 'DESTRUCTORA DE DOC. M.SELLOWES MOD. P57 8 HOJAS', 'UND', 0, '0', 1),
(1898, '30DE2002', 'DESTRUCTORA DE DOC. M. SELLOWES, MOD. PS79,12 HOJAS', 'UND', 0, '0', 1),
(1899, '30DE2003', 'DESTRUCTORA DE PAPEL AIDATA MOD. C1512, 15 H. ANCHO 11"', 'UND', 0, '790,02', 1),
(1900, '30DE2004', 'DESTRUCTORA DE PAPEL MARCA: FELLOWES MOD. C-220I', 'UND', 0, '0', 1),
(1901, '30DI1000', 'DISCO DURO', 'UND', 0, '0', 0),
(1902, '30DI1001', 'DISCO DURO 250 IOMEGA IO-34277 EXTERNO', 'UND', 0, '0', 1),
(1903, '30DI1002', 'DISCO DURO IOMEGA EXTERNO IO-34807 320GB', 'UND', 0, '0', 1),
(1904, '30DI1003', 'DISCO DURO EXTERNO 1 TERABYTE (1000 GB) IOMEGA', 'UND', 0, '0', 1),
(1905, '30DI1004', 'MINI DISCO DURO MARCA IOMEGA 500 GB TIPO BOLSILLO', 'UND', 0, '0', 1),
(1906, '30DI1005', 'MINI DISCO DURO 320GB IOMEGA USB T. BOLSILLO', 'UND', 0, '0', 1),
(1907, '30DI1006', 'DISCO DURO EXTERNO IOMEGA MOD. IO-34342 320 GB', 'UND', 0, '0', 1),
(1908, '30DI1007', 'DISCO DURO EXTERNO 500 GB IOMEGA MOD. IO-34808', 'UND', 0, '0', 1),
(1909, '30DI1008', 'DISCO DURO SAMSUNG SERIAL ATA II 500GB 7200RPM 16MB', 'UND', 0, '0', 1),
(1910, '30DI1009', 'DISCO DURO SAMSUNG SERIAL ATA II 1,5 TB 7200RPM', 'UND', 0, '0', 1),
(1911, '30DR1000', 'DRIVER', 'UND', 0, '0', 0),
(1912, '30E01000', 'SCANNER', 'UND', 0, '0', 0),
(1913, '30E01001', 'SCANNER EPSON PERFECTION V100 PHOTO', 'UND', 0, '0', 1),
(1914, '30FA1000', 'FAX PANASONIC', 'UND', 0, '0', 0),
(1915, '30FA1001', 'FAX/TELEFONO PANASONIC MOD. KXFT901', 'UND', 0, '0', 1),
(1916, '30FA1002', 'FAX PANASONIC MOD. KXFHD-351', 'UND', 0, '0', 1),
(1917, '30FA1003', 'FAX PANASONIC KXFP-205 PAPEL BOND', 'UND', 0, '0', 1),
(1918, '30FA1004', 'FAX PANASONIC MOD. KX-FT501', 'UND', 0, '0', 1),
(1919, '30FA1005', 'FAX PANASONIC MOD. KX-FT937', 'UND', 0, '0', 1),
(1920, '30FA1006', 'FAX PANASONIC MOD FX-FT931 PAPEL TERMICO SIN CONTESTADORA', 'UND', 0, '0', 1),
(1921, '30FA1007', 'FAX PANASONIC MOD. KXFP-701LA', 'UND', 0, '0', 1),
(1922, '30FA2000', 'FACEPLATE', 'UND', 0, '0', 0),
(1923, '30FA2001', 'FACEPLATE 4 COUPLER COLOR BLANCO QUEST', 'UND', 0, '0', 1),
(1924, '30FA2002', 'FACEPLATE 2 COUPLER BLANCO QUEST', 'UND', 0, '0', 1),
(1925, '30FA2003', 'FACEPLATE 1 COUPLER BLANCO', 'UND', 0, '0', 1),
(1926, '30FA3000', 'FAX BROTHER', 'UND', 0, '0', 0),
(1927, '30FA3001', 'FAX BROTHER MOD. 57S PAPEL BOND, NEGRO/GRIS', 'UND', 0, '0', 1),
(1928, '30FA3002', 'BROTHER MFC 6490 MULTIFUNSIONAL 4 EN UNO', 'UND', 0, '0', 1),
(1929, '30FA3003', 'BROTHER MFC 250 MULTIFUNCIONA 3 EN UNO', 'UND', 0, '0', 1),
(1930, '30FA4000', 'FAX DELCOP', 'UND', 0, '0', 0),
(1931, '30FA4001', 'FAX MULTIFUNCIONAL DELCOP MODELO L80, LASER', 'UND', 0, '0', 1),
(1932, '30FO1000', 'FOTOCOPIADORAS', 'UND', 0, '0', 0),
(1933, '30FO1001', 'FOTOCOPIADORA E IMPRESORA CANON IR-1610', 'UND', 0, '0', 1),
(1934, '30FO1002', 'FOTOCOPIADORA CANON MODELO IR 2020', 'UND', 0, '0', 1),
(1935, '30FO1003', 'FOTOCOPIADORA CANON IR-1019', 'UND', 0, '0', 1),
(1936, '30FO1004', 'FOTOCOPIADORA CANON IR-1023N', 'UND', 0, '0', 1),
(1937, '30FO1005', 'FOTOCOPIADORA CANON IR-1022', 'UND', 0, '0', 1),
(1938, '30FU1000', 'FUENTE DE PODER', 'UND', 0, '0', 0),
(1939, '30FU1001', 'FUENTE DE PODER 600V DELUX', 'UND', 0, '0', 1),
(1940, '30FU1002', 'FUENTE DE PODER KODE 800W 20+4 PINES', 'UND', 0, '0', 1),
(1941, '30G01000', 'GENERADOR', 'UND', 0, '0', 0),
(1942, '30G02000', 'GENERADOR', 'UND', 0, '0', 0),
(1943, '30GE1000', 'GENERADOR', 'UND', 0, '0', 0),
(1944, '30GE1001', 'GENERADOR MARCA: PRODRESIVE 77 HP', 'UND', 0, '0', 1),
(1945, '30GE2000', 'GENERADOR', 'UND', 0, '0', 0),
(1946, '30HE1000', 'HERRAMIENTAS', 'UND', 0, '0', 0),
(1947, '30HE1001', 'HERRAMIENTA CORTADORA/PELADORA UTP QUEST', 'UND', 0, '0', 1),
(1948, '30HE1002', 'HERRAMIENTA HOJILLA PARA TERMINACION 110 QUEST', 'UND', 0, '0', 1),
(1949, '30HE1003', 'TESTER UTP/USB/RJ-11 IEEE1394 CON REMOTO', 'UND', 0, '0', 1),
(1950, '30HE1004', 'TESTER PARA REDES LANPRO RJ-45 Y RJ-11', 'UND', 0, '0', 1),
(1951, '30HE1005', 'TESTER PARA DE FUENTE DE PODER ATX', 'UND', 0, '0', 1),
(1952, '30HP1000', 'EQUIPOS HP', 'UND', 0, '0', 0),
(1953, '30HP1001', 'SCANNER HP SCANJET 4670C', 'UND', 0, '0', 1),
(1954, '30HP1002', 'SCANER HP 3770', 'UND', 0, '0', 1),
(1955, '30HU1000', 'HUB GE USB', 'UND', 0, '0', 0),
(1956, '30HU1001', 'HUB GE USB 2.0 4PTOS.', 'UND', 0, '0', 1),
(1957, '30IM1000', 'IMPRESORAS', 'UND', 0, '0', 0),
(1958, '30IM1001', 'IMPRESORA HP DESKJET D166O', 'UND', 0, '0', 1),
(1959, '30IM1002', 'IMPRESORA EPSON FX-890', 'UND', 0, '0', 1),
(1960, '30IM1003', 'IMPRESORA HP LASER JET 2420 C/TARJETA DE RED', 'UND', 0, '0', 1),
(1961, '30IM1004', 'IMPRESORA LASER HP 4250N', 'UND', 0, '0', 1),
(1962, '30IM1005', 'IMPRESORA EPSON C67', 'UND', 0, '0', 1),
(1963, '30IM1006', 'IMPRESORA HP LASER JET 4700 DN', 'UND', 0, '0', 1),
(1964, '30IM1007', 'IMPRESORA HP DJ 4360', 'UND', 0, '0', 1),
(1965, '30IM1008', 'IMPRESORA HP LASERJET 1022N - Q5913A CON RED', 'UND', 0, '0', 1),
(1966, '30IM1009', 'IMPRESORA HP MULTIFUNCIONAL 4180', 'UND', 0, '0', 1),
(1967, '30IM1010', 'IMPRESORA HP LASERJET 1320', 'UND', 0, '0', 1),
(1968, '30IM1011', 'IMPRESORA HP 2000 DESKJET 20PPM CART.122', 'UND', 0, '0', 1),
(1969, '30IM1012', 'IMPRESORA HP P3005N', 'UND', 0, '0', 1),
(1970, '30IM1013', 'IMPRESORAS HP LASERJET COLOR 3600N', 'UND', 0, '0', 1),
(1971, '30IM1014', 'IMPRESORA HP DESKJET COLOR D 4160', 'UND', 0, '0', 1),
(1972, '30IM1015', 'IMPRESORA EPSON LX 300+II', 'UND', 0, '0', 1),
(1973, '30IM1016', 'IMPRESORA SAMSUNG LASER MONOCR. 22 PPM, USB 1200 DPI 8 MB', 'UND', 0, '0', 1),
(1974, '30IM1017', 'HP CE390A TONER 600 M 601', 'UND', 0, '0', 1),
(1975, '30IM1018', 'IMPRESORA HP 2600N COLOR', 'UND', 0, '0', 1),
(1976, '30IM1019', 'IMPRESORA EPSON TX-560WD', 'UND', 0, '0', 1),
(1977, '30IM1020', 'IMPRESORA HP 2014 MONOC.', 'UND', 0, '0', 1),
(1978, '30IM1021', 'IMPRESORA HP LJ COLOR MOD. CP2025N', 'UND', 0, '0', 1),
(1979, '30IM1022', 'IMPRESORA MUNTIFUNCIONAL HP LJ MOD. M1120', 'UND', 0, '0', 1),
(1980, '30IM1023', 'IMPRESORA HP LASER JET CP1215', 'UND', 0, '0', 1),
(1981, '30IM1024', 'IMPRESORA HP LJ P3015DN', 'UND', 0, '0', 1),
(1982, '30IM1025', 'IMPRESORA HP LJ P1606N MONOCROMATICA', 'UND', 0, '0', 1),
(1983, '30IM1026', 'IMPRESORA HP M3035 (CC476A)', 'UND', 0, '0', 1),
(1984, '30IM1027', 'IMPRESORA SAMSUNG, MOD. ML-2580N', 'UND', 0, '0', 1),
(1985, '30IM1028', 'MULTIFUNCIONAL HP J4660 SCANNER/FOTOC/FAX', 'UND', 0, '0', 1),
(1986, '30IM1029', 'IMPRESORA HP LASERJET PRO P1102W 18 PPM', 'UND', 0, '0', 1),
(1987, '30IM1030', 'IMPRESORA HP DJ1000 DESKJET', 'UND', 0, '0', 1),
(1988, '30IM1031', 'IMPRESORA HP OFFICEJET PRO-8000', 'UND', 0, '0', 1),
(1989, '30IM1032', 'MULTIFUNCIONAL HP DJ INK ADVANTAGE 3525 EAIO/23PPM/24BITS', 'UND', 0, '0', 1),
(1990, '30IM1033', 'CZ195A IMP HP LASERJET PRO 400 M401N/33PPM/128MB/USB', 'UND', 0, '0', 1),
(1991, '30KI1000', 'KIT KATUN', 'UND', 0, '0', 0),
(1992, '30KI1001', 'KIT KATUN CANON GPR-15/16/IR4570/3570/2870', 'UND', 0, '0', 1),
(1993, '30LA1000', 'LAMPARA FUSORA', 'UND', 0, '0', 0),
(1994, '30LA1001', 'LAMPARA FUSORA NP7210', 'UND', 0, '0', 1),
(1995, '30LE1000', 'LENOVO', 'UND', 0, '0', 0),
(1996, '30LE1001', 'EQUIPO LENOVO H220 E5300,2.60GHZ, 320GB,2GB DVD+RW', 'UND', 0, '0', 1),
(1997, '30LE1002', 'LENOVO ALL IN ONE C225 AMD E450 2GB 500GB WSTARTER 18.5"', 'UND', 0, '0', 1),
(1998, '30LI1000', 'LICENCIAS', 'UND', 0, '0', 0),
(1999, '30LI1001', 'SOFTWARE MICROSOFT WINDOW XP PRO', 'UND', 0, '0', 1),
(2000, '30LI1002', 'SOFTWARE MICROSOFT WINDOWS SERVER STD 2003', 'UND', 0, '0', 1),
(2001, '30MA1000', 'MAQUINAS DE ESCRIBIR', 'UND', 0, '0', 0),
(2002, '30MA1001', 'MAQUINA DE ESCRIBIR BROTHER ML-300 CARRO DE 13" VELOC. 12 "', 'UND', 0, '0', 1),
(2003, '30ME1000', 'MEMORIAS', 'UND', 0, '0', 0),
(2004, '30ME1001', 'MEMORIA 512 MB JET FLASH MOD. 110 USB 2.0', 'UND', 0, '0', 1),
(2005, '30ME1002', 'MEMORIA SUPER TALEN DDR 1G 400MHZ', 'UND', 0, '0', 1),
(2006, '30ME1003', 'MEMORIA KINGSTONG 1 GB DDR2 667 MHZ', 'UND', 0, '0', 1),
(2007, '30ME1004', 'MEMORIA DDR2 2 GB 800/6400 KINGSTON', 'UND', 0, '0', 1),
(2008, '30ME1005', 'MEMORIA SAMSUNG DDR3 4GB 1333MHZ/106000 SODIMM NOTEBOOK', 'UND', 0, '0', 1),
(2009, '30ME2000', 'MESA', 'UND', 0, '0', 0),
(2010, '30ME2001', 'MESA METALICA CON RUEDAS', 'UND', 0, '0', 1),
(2011, '30MO1000', 'MOUSE', 'UND', 0, '0', 0),
(2012, '30MO1001', 'MOUSE PAD', 'UND', 0, '0', 1),
(2013, '30MO1002', 'MOUSE HV-M250 GT P/LAPTOP INHALAMBRICO NEGRO EJECUTIVO', 'UND', 0, '0', 1),
(2014, '30MO1003', 'BASES PARA MOUSE CON SOPORTE P/MUÑECAS', 'UND', 0, '0', 1),
(2015, '30MO1004', 'MOUSE GENIUS USB', 'UND', 0, '0', 1),
(2016, '30MO1005', 'MINI MOUSE P/LAPTO TRAVELER', 'UND', 0, '0', 1),
(2017, '30MO1006', 'MOUSE 100X NESTCROLL GENIUS USB NEGRO OPTICO', 'UND', 0, '19,8', 1),
(2018, '30MO1007', 'MINI MOUSE OPTICO', 'UND', 0, '0', 1),
(2019, '30MO1008', 'MOUSE OPTICO USB', 'UND', 0, '0', 1),
(2020, '30MO2000', 'MONITOR', 'UND', 0, '0', 0),
(2021, '30MO2001', 'MONITOR NEGRO 18.5" LG', 'UND', 0, '0', 1),
(2022, '30MO2002', 'MONITOR SAMSUNG 19" LCD (GTIA. 24 MESES)', 'UND', 0, '0', 1),
(2023, '30MO2003', 'MONITOR SAMSUNG MOD. 1920NX 18.5"', 'UND', 0, '0', 1),
(2024, '30MO2004', 'MONITOR 21,5" SAMSUNG PLANOS', 'UND', 0, '0', 1),
(2025, '30MU1000', 'MULTIFUNCIONAL', 'UND', 0, '0', 0),
(2026, '30MU1001', 'MULTIFUNCIONAL HP CM1312NFI MFP', 'UND', 0, '0', 1),
(2027, '30MU1002', 'MULTIFUNCIONAL CANON MOD. IR-1025', 'UND', 0, '0', 1),
(2028, '30MU1003', 'MULTIFUNCIONAL SAMSUNG SCX-4300 LASER MONOCROMATICO', 'UND', 0, '0', 1),
(2029, '30MU1004', 'MULTIFUNSIONAL HP MOD. 3050 LASERJET, MONOCROM.', 'UND', 0, '0', 1),
(2030, '30MU1005', 'MULTIFUNCIONAL HP LASER JET COLOR 1017', 'UND', 0, '0', 1),
(2031, '30MU1006', 'MULTIFUNSIONAL HP LASER JET COLOR 1015', 'UND', 0, '0', 1),
(2032, '30MU1007', 'MULTIFUNCIONAL HP MOD. C4480', 'UND', 0, '0', 1),
(2033, '30MU1008', 'MULTIFUNSIONAL SAMSUNG LASER CLX-3175N', 'UND', 0, '0', 1),
(2034, '30MU1009', 'MULTIFUNCIONAL EPSON STYLUS OFFICE TX320F', 'UND', 0, '0', 1),
(2035, '30MU1010', 'MULTIFUNCIONAL HP LASERJET PRO M1212NF 18 PPM', 'UND', 0, '0', 1),
(2036, '30MU1011', 'MULTIFUNCIONAL HP J4500 OFFIJET 28 PPM', 'UND', 0, '0', 1),
(2037, '30MU1012', 'MUNTIFUNCIONAL LASER COLOR HP CM1415FNW', 'UND', 0, '0', 1),
(2038, '30MU1013', 'MULTIFUNCIONAL HP MOD. M1536DNF LASER MONO', 'UND', 0, '0', 1),
(2039, '30N01000', 'NOTEBOOK XL370LT', 'UND', 0, '0', 0),
(2040, '30N01001', 'NOTEBOOK XL370LT HP', 'UND', 0, '0', 1),
(2041, '30NO1000', 'NOTEBOOK XL370LT', 'UND', 0, '0', 0),
(2042, '30PA1000', 'PANTALLA ANTIREFLEJOS', 'UND', 0, '0', 0),
(2043, '30PA1001', 'PANTALLA ANTIREFLEJOS P/MONITOR 15"', 'UND', 0, '0', 1),
(2044, '30PA2000', 'PANTALLAS PORTATIL PROYECCION', 'UND', 0, '0', 0),
(2045, '30PA2001', 'PANTALLAS PORTATIL P/PROY. MARCA VUTEC 1.80X1.80', 'UND', 0, '0', 1),
(2046, '30PA2002', 'PANTALLA PORTATIL P/PROY. MARCA VUTEC 1.50 X 1.50', 'UND', 0, '0', 1);
INSERT INTO `articulo` (`idArticulo`, `codigo`, `descripcion`, `presentacion`, `ubicacion`, `foto`, `idCategoria`) VALUES
(2047, '30PA2003', 'PANTALLA PORTATIL DE PROYECCION 1.50 X 1.50 C/TRIPODE', 'UND', 0, '0', 1),
(2048, '30PA2004', 'PANTALLA PORTATIL MANUAL DE PARED 1,50 X 1,50', 'UND', 0, '0', 1),
(2049, '30PE1000', 'PEN DRIVERS', 'UND', 0, '0', 0),
(2050, '30PE1001', 'PEN DRIVE 32 GB', 'UND', 0, '1100', 1),
(2051, '30PE1002', 'PEN DRIVE 512MB TRANSCEND JETFLASH', 'UND', 0, '53750', 1),
(2052, '30PE1003', 'PEN DRIVE ZIP 100MB PC/MAC', 'UND', 0, '0', 1),
(2053, '30PE1004', 'PEN DRIVE 8 GB KINGSTON', 'UND', 0, '79550', 1),
(2054, '30PE1005', 'PEND DRIVE 2 GB SIMPLETECH', 'UND', 0, '0', 1),
(2055, '30PE1006', 'PEN DRIVE 4 GB', 'UND', 0, '0', 1),
(2056, '30PE1007', 'PEN DRIVE DANE ELEC 2 GB', 'UND', 0, '0', 1),
(2057, '30PE1008', 'PEN DRIVE 8 GB', 'UND', 0, '0', 1),
(2058, '30PE1009', 'PEN DRIVE MARCA: MARKVISION 1 GB', 'UND', 0, '0', 1),
(2059, '30PE1010', 'PEN DRIVE 16 GB', 'UND', 0, '0', 1),
(2060, '30PE1011', 'PEN DRIVE 16 GB KINGSTON USB', 'UND', 0, '0', 1),
(2061, '30PE1012', 'PENDRIVE DE 2 GB', 'UND', 0, '53,55', 1),
(2062, '30PE1013', 'PEN DRIVE DE 512 MB MARKVISION', 'UND', 0, '0', 1),
(2063, '30PE1014', 'PEN DRIVE DE 4GB KINGSTON', 'UND', 0, '0', 1),
(2064, '30PL1000', 'PLUG', 'UND', 0, '0', 0),
(2065, '30PL1001', 'PLUG RJ-45 CATEGORIA 5E AMP (CAJ DE 100)', 'UND', 0, '0', 1),
(2066, '30PO1000', 'PORTATIL', 'UND', 0, '0', 0),
(2067, '30PO1001', 'PORTATIL HP MINI 110-1020LA', 'UND', 0, '0', 1),
(2068, '30PO1002', 'PORTATIL COMPAQ PRESARIO CQ40-630LA', 'UND', 0, '0', 1),
(2069, '30PR1000', 'PROCESADOR', 'UND', 0, '0', 0),
(2070, '30PR1001', 'PROCESADOR 2.8 CELERON', 'UND', 0, '0', 1),
(2071, '30PR1002', 'PROCESADOR PENTIUM IV COREL DUO 2.0 GHZ/800', 'UND', 0, '0', 1),
(2072, '30PR1003', 'PROCESADOR INTEL CORE DUO', 'UND', 0, '0', 1),
(2073, '30PR1004', 'COMP.PROCES.AMD,DVD24X RAM,TECL,MOUSE,CORN, MONITOR,DD500', 'UND', 0, '0', 1),
(2074, '30PR2000', 'PROTECTORA DE CHEQUES', 'UND', 0, '0', 0),
(2075, '30PR2001', 'PROTECTORA DE CHEQUE UCHIDA EG-216M 16 DIG.', 'UND', 0, '0', 1),
(2076, '30Q01000', 'QUEMADOR DE DVD', 'UND', 0, '0', 0),
(2077, '30QU1000', 'QUEMADORA', 'UND', 0, '0', 0),
(2078, '30QU1001', 'QUEMADORA DE CD/ DVD SAMSUNG', 'UND', 0, '0', 1),
(2079, '30QU1002', 'QUEMADORA DE DVD/CD INTERNA LG SATA', 'UND', 0, '0', 1),
(2080, '30RE1000', 'REDES', 'UND', 0, '0', 0),
(2081, '30RE1001', 'CRIMPIADORA DOBLE QUEST', 'UND', 0, '0', 1),
(2082, '30RE1002', 'CONECTORES RJ-45 AMP PAQ. X 100', 'UND', 0, '0', 1),
(2083, '30RE1003', 'CABLE 4 PAR 1000 FT UTP CATEGORIA NIVEL 5. 305 MTS. BL', 'UND', 0, '0', 1),
(2084, '30RE1004', 'FUSIBLE 3A PARA REGUL. AMERICANO', 'UND', 0, '0', 1),
(2085, '30RE1005', 'HERRAMIENTA RJ-11-8-10 HADSET RATCHET MODULAR QUEST', 'UND', 0, '0', 1),
(2086, '30RE1006', 'HERRAMIENTA PONCHADORA PARA BLOCK CON HOJILLA 110 SIEMON', 'UND', 0, '0', 1),
(2087, '30RE1007', 'PINZAS PARA PICAR CABLES DE REDES', 'UND', 0, '0', 1),
(2088, '30RE2000', 'REGULADOR DE VOLTAJE', 'UND', 0, '0', 0),
(2089, '30RE2001', 'REGULADOR DE VOLTAJE IOMEGA PCG 1000', 'UND', 0, '30000', 1),
(2090, '30RE2002', 'REGULADOR DE VOLTAJE AVTEK RPC PLUS 350 VA', 'UND', 0, '0', 1),
(2091, '30RE2003', 'REGULADOR / VOLTAJE AKTEV RLS 2000 16.6 AMP 2 KVA', 'UND', 0, '0', 1),
(2092, '30RE2004', 'REGULADOR DE VOLTAJE AVTEK RPC PLUS 600 VA', 'UND', 0, '0', 1),
(2093, '30RE2005', 'REGULADOR DE VOLTAJE DE 1000 VA', 'UND', 0, '0', 1),
(2094, '30RE3000', 'REGLETAS', 'UND', 0, '0', 0),
(2095, '30RE3001', 'REGLETA 6 PUNTOS AVTEK P-16', 'UND', 0, '0', 1),
(2096, '30RE4000', 'REGULADOR DE VOLTAJE', 'UND', 0, '0', 0),
(2097, '30RE4001', 'WINDOWS SVR STD 2008 SNGL OLP NL', 'UND', 0, '0', 1),
(2098, '30RO1000', 'ROUTES', 'UND', 0, '0', 0),
(2099, '30RO1001', 'ROUTER D-LINK 4 PUERTOS/ 1 PUERTO WAN RJ45 DI804HV/A', 'UND', 0, '0', 1),
(2100, '30RO2000', 'RODILLOS', 'UND', 0, '0', 0),
(2101, '30RO2001', 'RODILLO FUSOR SUPERIOR NP7160/7161/7210/KURO PERF', 'UND', 0, '0', 1),
(2102, '30RO2002', 'RODILLO PRESION INFERIOR NP1215/1520/2020/7161/7210', 'UND', 0, '0', 1),
(2103, '30RO2003', 'BUJE RODILLO FUSOR NP6050/NP6030/NP7210/IR330', 'UND', 0, '0', 1),
(2104, '30RO3000', 'ROUTER', 'UND', 0, '0', 0),
(2105, '30RO3001', 'ROUTER ENCORE WIRELESS 4 PUERTOS', 'UND', 0, '0', 1),
(2106, '30RU1000', 'RUEDA', 'UND', 0, '0', 0),
(2107, '30RU1001', 'RUEDA SEPARACION BANDEJA NP7161/NP7210', 'UND', 0, '0', 1),
(2108, '30RU1002', 'RUEDA RECOGEDORA NP7210', 'UND', 0, '0', 1),
(2109, '30RU1003', 'RUEDA ALIMENTACION CASSETTE IR2230/3530/2270/4570', 'UND', 0, '0', 1),
(2110, '30RU1004', 'RUEDA ALIMENTACION CASSETTE IR2270', 'UND', 0, '0', 1),
(2111, '30SC3000', 'SCANNER HP', 'UND', 0, '0', 0),
(2112, '30SC3001', 'SCANNER HP SCANJET 4070', 'UND', 0, '0', 1),
(2113, '30SC3002', 'SCANNER HP G2710', 'UND', 0, '0', 1),
(2114, '30SC3003', 'SCANNER HP MOD. G2410', 'UND', 0, '0', 1),
(2115, '30SC3004', 'SCANER HP MOD. 5590', 'UND', 0, '0', 1),
(2116, '30SC3005', 'SCANNER HP MOD. G2710', 'UND', 0, '0', 1),
(2117, '30SC3006', 'SCANNER HP MOD. G3110', 'UND', 0, '0', 1),
(2118, '30SI1000', 'COMPUTADORAS SIRAGON', 'UND', 0, '0', 0),
(2119, '30SI1001', 'COMPUTADORA SIRAGON ALL-IN-ONE S5100', 'UND', 0, '0', 1),
(2120, '30SO1000', 'SOLDADOR', 'UND', 0, '0', 0),
(2121, '30SO1001', 'SOLDADOR DE ESTAÑO MP-MSD-015/40W', 'UND', 0, '0', 1),
(2122, '30SO1002', 'ESTAÑO ES-60/40 K', 'UND', 0, '0', 1),
(2123, '30SQ1000', 'SQ ELECTRONICO', 'UND', 0, '0', 0),
(2124, '30SQ1001', 'SPRY SQ-113V ELECTRONICO', 'UND', 0, '0', 1),
(2125, '30SW1000', 'SWITCHES', 'UND', 0, '0', 0),
(2126, '30SW1001', 'SWITCH 100/1000 DE 24 PUERTOS PLUS 3COM COD. 3C17300-US', 'UND', 0, '0', 1),
(2127, '30SW1002', 'SWICH ADVANTEK FAST ETHERNET 5 PUERTOS 10/100 MBPS', 'UND', 0, '0', 1),
(2128, '30SW1003', 'SWICHE 3COM SUPER STACK MOD. 3250C/TANSCEIVER 100 BASE SX SF', 'UND', 0, '0', 1),
(2129, '30SW1004', 'SWITCH HP 8 PUERTOS RJ-45 10/100/1000', 'UND', 0, '0', 1),
(2130, '30SW1005', 'SWITCH 16 PUERTOS 10/100 DESKTOP RACKEABLE NO ADM LAYER 2', 'UND', 0, '0', 1),
(2131, '30SW1006', 'SWICH 24 PUERTOS SUPERSTACK 35SWITCH 4228G 3COM', 'UND', 0, '0', 1),
(2132, '30SW1007', 'SWICH 48 PUERTOS 3250 3COM', 'UND', 0, '0', 1),
(2133, '30SW1008', 'SWITCH HP V1410-16G 16 PUERTOS RJ-45 10/100/1000', 'UND', 0, '0', 1),
(2134, '30TA1000', 'TARJETAS DE RED', 'UND', 0, '0', 0),
(2135, '30TA1001', 'TARJETA DE RED PCI GIGABIT 10/100/1000 32-BIT D-LINK', 'UND', 0, '0', 1),
(2136, '30TA1002', 'TARJETA DE RED 10/100', 'UND', 0, '0', 1),
(2137, '30TA1003', 'TARJETA MADRE INTEL DG965SSCK PCI-E', 'UND', 0, '0', 1),
(2138, '30TA1004', 'TARJETA MADRE', 'UND', 0, '0', 1),
(2139, '30TE1000', 'TELEFONOS', 'UND', 0, '0', 0),
(2140, '30TE1001', 'TECLADO ULTRA PLANO SIRAGON', 'UND', 0, '16600', 1),
(2141, '30TE1002', 'TECLADO ESPAÑOL USB', 'UND', 0, '0', 1),
(2142, '30TE1003', 'TELEFONO PANASONIC MOD. KX-TG4061 INALAMBRICO', 'UND', 0, '0', 1),
(2143, '30TE1004', 'TELEFONO ANALOGICO PANASONIC MOD. KX-TS 550B', 'UND', 0, '0', 1),
(2144, '30TE1005', 'TECLADO ESPAÑOL PS2 NEGRO', 'UND', 0, '0', 1),
(2145, '30TE1006', 'TECLADO ESPAÑOL PS-2 GENIUS NEGRO KB-06X', 'UND', 0, '0', 1),
(2146, '30TE1007', 'TECLADO MICROSOFT BLACK WIRELESS STANDARD', 'UND', 0, '0', 1),
(2147, '30TE1008', 'TELEFONOS INALAMBRICO GENERAL ELECTRIC MOD. 26928GE1', 'UND', 0, '0', 1),
(2148, '30TE1009', 'TELEFONOS SIEMENS MOD. 3005 COL. NEGRO', 'UND', 0, '0', 1),
(2149, '30TE1010', 'TELEFONO SIEMENS MOD. 315 C/MEM. COLOR NEGRO', 'UND', 0, '0', 1),
(2150, '30TE1011', 'TELEFONO SIEMENS MOD. 500 5ATC', 'UND', 0, '0', 1),
(2151, '30TE1012', 'TELEFONO PANASONIC MOD. KXTS-500', 'UND', 0, '0', 1),
(2152, '30TE1013', 'TELEFONO PANASONIC KXTG-1711 INALAMBRICO', 'UND', 0, '0', 1),
(2153, '30TE2000', 'TECLADOS', 'UND', 0, '0', 0),
(2154, '30TE2001', 'TECLADOS Y MOUSE PS2 MICROSOF', 'UND', 0, '0', 1),
(2155, '30TE2002', 'TECLADO GENIUS KB21E PS2 BLANCOS', 'UND', 0, '16600', 1),
(2156, '30TI1000', 'TIE-RAP', 'UND', 0, '0', 0),
(2157, '30TI1001', 'TIE-RAP 111/2" 36.3 KG 4.6 MM DE ANCHO PAK 100 BLA', 'UND', 0, '0', 1),
(2158, '30TR1000', 'TROQUELADORA DE CHEQUES', 'UND', 0, '0', 0),
(2159, '30TR1001', 'TROQUELADORA DE CHEQUE UCHIDA EG-216M 16 DIG.', 'UND', 0, '0', 1),
(2160, '30TR1002', 'TROQUEL. DE CHEQUES MARCA PAYMASTER, MOD. 9012, CAP. 13 DIG.', 'UND', 0, '0', 1),
(2161, '30TR1003', 'TROQUEL. DE CHEQUE PAYMASTER MOD. 9016, 11 DIG.', 'UND', 0, '0', 1),
(2162, '30TR2000', 'TRIPOIDE', 'UND', 0, '0', 0),
(2163, '30TR2001', 'TRIPOIDE VCE 80AV MARCA: SONY', 'UND', 0, '0', 1),
(2164, '30U01000', 'UPS', 'UND', 0, '0', 0),
(2165, '30UN1000', 'UNIDAD DE CD-ROM', 'UND', 0, '0', 0),
(2166, '30UÑ1000', 'UÑAS', 'UND', 0, '0', 0),
(2167, '30UN1001', 'UNIDAD QUEMADORA DVD/CD', 'UND', 0, '0', 1),
(2168, '30UÑ1001', 'UÑA DE SEPARACIÓN SUPERIOR NP4050/NP6241/NP7210/IR330', 'UND', 0, '0', 1),
(2169, '30UN1002', 'UNIDAD DVD WRITER SATA SAMSUNG 22X', 'UND', 0, '0', 1),
(2170, '30UÑ1002', 'UÑA DE SEPARACIÓN INFERIOR NP1215/NP1525/NP2120/NP6050/IR33', 'UND', 0, '0', 1),
(2171, '30UN2000', 'UNIDAD FUSOR', 'UND', 0, '0', 0),
(2172, '30UN2001', 'UNIDAD FUSORA CANON 7210 PARA 120 V', 'UND', 0, '0', 1),
(2173, '30UP1000', 'UPS', 'UND', 0, '0', 0),
(2174, '30UP1001', 'UPS AVTEK LENEA BK-PRO 1500US', 'UND', 0, '0', 1),
(2175, '30UP1002', 'UPS AUSE 800 VA 4 TOMAS', 'UND', 0, '0', 1),
(2176, '30UP1003', 'UPS TRIPP-LITE 550 VA 8 TOMAS', 'UND', 0, '0', 1),
(2177, '30UP1004', 'UPS APC 750 VA 10 TOMAS', 'UND', 0, '0', 1),
(2178, '30UP1005', 'UPS TRIPP LITE SMART 1500LCD', 'UND', 0, '0', 1),
(2179, '30UP1006', 'UPS 1000VA/120V 8 OUTLET', 'UND', 0, '0', 1),
(2180, '30UP1007', 'UPS KODE 800VA 480 WATTS 4 SALIDAS', 'UND', 0, '0', 1),
(2181, '30VI1000', 'VIDEO BEAM', 'UND', 0, '0', 0),
(2182, '30VI1001', 'VIDEO BEAM EPSON MOD. S8, SVGA 800X60 2500 LUMENS', 'UND', 0, '0', 1),
(2183, '30W01000', 'WIRELES ROUTER', 'UND', 0, '0', 0),
(2184, '30W02000', 'WIRELES ROUTER', 'UND', 0, '0', 0),
(2185, '30W02001', 'TL-WR641G WIRELESS ROUTER 2.4GHZ 802 11 G/B', 'UND', 0, '0', 1),
(2186, '30ZI1000', 'ZIP', 'UND', 0, '0', 0),
(2187, '30ZI1001', 'ZIP IOMEGA 250 MB', 'UND', 0, '0', 1),
(2188, '40000000', 'LIMPIEZA', 'UND', 0, '0', 0),
(2189, '40PA0000', 'PAPAEL HIGIENICO', 'UND', 0, '0', 0),
(2190, '40PA0101', 'PAPEL HIGIENICO BL ALTO DIAMETRO 9"', 'UND', 0, '0', 1),
(2191, '40PA1000', 'PAPAEL HIGIENICO', 'UND', 0, '0', 0),
(2192, '40PA1001', 'HIGIENICO FLORAL AROMAS 12 X 4', 'UND', 0, '0', 1),
(2193, '40PA1002', 'HIGIENICO FLORAL AROMAS 4 X 12', 'UND', 0, '0', 1),
(2194, '40PA1003', 'HIG JAZMIN AROMA BOSQUE 12 X 4', 'UND', 0, '0', 1),
(2195, '40PA1004', 'HIG JAZMIN AROMAS DURAZNO 12 X 4', 'UND', 0, '0', 1),
(2196, '40PA1005', 'HIG JASMIN AROMAS 4 X 12 DURAZNO', 'UND', 0, '0', 1),
(2197, '40PA1006', 'HIG JAZMIN SUPEREXTRACTOS 12 X 4', 'UND', 0, '0', 1),
(2198, '40PA1007', 'HIGIENICO SUTIL PLATINUM 4 X 12', 'UND', 0, '0', 1),
(2199, '40PA1008', 'HIGIENICO SUTIL PREMIUM 48 X 1', 'UND', 0, '0', 1),
(2200, '40PA1009', 'HIGIENICO SUTIL PREMIUM 4 X 12', 'UND', 0, '0', 1),
(2201, '40PA1010', 'HIGIENICO SUTIL PREMIUM C/EXTRAC', 'UND', 0, '0', 1),
(2202, '40PA1011', 'HIGIENICO SUTIL SEDA 12 X 4', 'UND', 0, '0', 1),
(2203, '40PA1012', 'SERVILLETA FUENTE DE SODA', 'UND', 0, '0', 1),
(2204, '40PA1013', 'SERVILLETAS FUENTE DE SODA MARACAY PEQ. 40X160', 'UND', 0, '0', 1),
(2205, '40PA1014', 'SERVILLETAS DE MESA GARDENIA IMPRESA 20X120', 'UND', 0, '0', 1),
(2206, '40PA1015', 'TOALLAS GARDENIA BLANCA 24X1', 'UND', 0, '0', 1),
(2207, '40PA1016', 'TOALLAS GARDENIA BLANCA 12X2', 'UND', 0, '0', 1),
(2208, '40PA1017', 'TOALLAS SUTIL BLANCA 24X1', 'UND', 0, '0', 1),
(2209, '40PA1018', 'TOALLAS SUTIL BLANCA 12X2', 'UND', 0, '0', 1),
(2210, '40PA1019', 'TOALLAS INTERCALADAS BLANCA ESTUCHE MARACAY 24X180', 'UND', 0, '0', 1),
(2211, '40PA1020', 'TOALLAS INTERCALADAS INDUSTRIAL PAQUETE 24X180', 'UND', 0, '0', 1),
(2212, '40PA1021', 'HIGIENICOS JAZMIN PLUS AROMAS 12X4', 'UND', 0, '0', 1),
(2213, '40PA1022', 'HIGIENICOS JAZMIN PLUS AROMAS 4X12', 'UND', 0, '0', 1),
(2214, '40PA1023', 'HIGIENICOS JAZMIN SUPER EXTRACTOS 48 X 1', 'UND', 0, '0', 1),
(2215, '40PA1024', 'HIGIENICO ALTO DIAMETRO 6 X 1 9" PRIMAVERA', 'UND', 0, '0', 1),
(2216, '40PA1025', 'TOALLA EN ROLLO SCOTT 12 X 150MTS C/U', 'UND', 0, '0', 1),
(2217, '99000000', 'MISCELANEOS', 'UND', 0, '0', 0),
(2218, '99AL1000', 'ALAMBRE', 'UND', 0, '0', 7),
(2219, '99AL1002', 'ALAMBRE FINO P/ENGRAPADORA TIPOGRAFIA', 'UND', 0, '0', 1),
(2220, '99AM1000', 'AMBIENTADORES', 'UND', 0, '0', 0),
(2221, '99AM1001', 'AMBIENTADORES AEROSOL', 'UND', 0, '0', 1),
(2222, '99AM1002', 'AMBIENTADOR ACEITE GLADE REPUESTO', 'UND', 0, '0', 1),
(2223, '99AN1000', 'ANTENAS', 'UND', 0, '0', 0),
(2224, '99AN1001', 'ANTENA PARA TELEVISOR DE BIGOTE', 'UND', 0, '0', 1),
(2225, '99AR1000', 'AROS METALICOS', 'UND', 0, '0', 0),
(2226, '99AR1001', 'AROS METALICOS V/COLORES 5/16 CONT. 325-25 CAJ. X 100', 'UND', 0, '0', 1),
(2227, '99AR1002', 'AROS METALICOS V/COLORES 7/16 CONT. 340-17 CAJ. X 100', 'UND', 0, '0', 1),
(2228, '99AR1003', 'AROS METALICOS 9/16 1 X100', 'UND', 0, '0', 1),
(2229, '99AR1004', 'AROS METALICOS 1/4 1 X 100', 'UND', 0, '0', 1),
(2230, '99AZ1000', 'AZUCAR', 'UND', 0, '0', 0),
(2231, '99AZ1001', 'AUDIFONO HS-105, HEADSET UN SOLO LADO', 'UND', 0, '0', 1),
(2232, '99BO1000', 'BOLSAS PLASTICAS', 'UND', 0, '0', 0),
(2233, '99BO1001', 'BOLSAS PLASTICAS 35 KGS.', 'UND', 0, '0', 1),
(2234, '99BO1002', 'BOLSAS PLASTICAS 2 KGS.', 'UND', 0, '0', 1),
(2235, '99BO1003', 'BOLSAS PLASTICAS 10 KGS.', 'UND', 0, '0', 1),
(2236, '99BO1004', 'BOLSAS PLASTICAS 15 KGS.', 'UND', 0, '0', 1),
(2237, '99BO1005', 'BOLSAS PLASTICAS 20 KGS.', 'UND', 0, '0', 1),
(2238, '99BO1006', 'BOLSA TOBITAS 60 LITROS BLANCAS 1X100', 'UND', 0, '0', 1),
(2239, '99BO1007', 'BOLSAS PLASTICAS 15 LTS.', 'UND', 0, '0', 1),
(2240, '99BO1008', 'BOLSAS NEGRAS 40 KGS.', 'UND', 0, '0', 1),
(2241, '99BO1009', 'BOLSAS PLASTICAS 25 KGS.', 'UND', 0, '0', 1),
(2242, '99BO1010', 'BOLSAS PLASTICAS 5 KGS', 'UND', 0, '0', 1),
(2243, '99BO1011', 'BOLSAS NEGRAS MED. 30 KGS.', 'UND', 0, '0', 1),
(2244, '99BO1012', 'BOLSAS BLANCAS PAPELERAS 30 LTS. X 100', 'UND', 0, '0', 1),
(2245, '99BO2000', 'BOLSAS NEGRAS', 'UND', 0, '0', 0),
(2246, '99BO2001', 'BOLSAS PLASTICAS 30 KGS.', 'UND', 0, '0', 1),
(2247, '99BO2003', 'BOLSAS PLASTICAS P/BASURA', 'UND', 0, '0', 1),
(2248, '99BO2004', 'BOLSAS NEGRAS 40 KGS 1X100', 'UND', 0, '0', 1),
(2249, '99BO3000', 'BOLSAS DE PAPEL', 'UND', 0, '0', 0),
(2250, '99BO3001', 'BOLSAS DE PAPEL 1/4', 'UND', 0, '0', 1),
(2251, '99BO4000', 'BOMBILLOS', 'UND', 0, '0', 0),
(2252, '99BO4001', 'TUBO FLUORESCENTE PLC 18W DBL 4100K', 'UND', 0, '0', 1),
(2253, '99BO4002', 'BOMBILLO MINI ELA-20 20W ESPIR. L./D.', 'UND', 0, '0', 1),
(2254, '99BO4003', 'TUBO FLUORESCENTE 32W F32T8/ 4100 PHIL.', 'UND', 0, '0', 1),
(2255, '99BO4004', 'TUBO FLUORESCENTE 18W F178T8/4100 OSRAM', 'UND', 0, '0', 1),
(2256, '99BO4005', 'REFLECTOR DICROICO CERRADO EXN 50W OSRAM', 'UND', 0, '0', 1),
(2257, '99C02000', 'CEPILLOS', 'UND', 0, '0', 0),
(2258, '99C02001', 'CLORO GALON', 'UND', 0, '0', 1),
(2259, '99C02002', 'CEPILLOS P/POCETA', 'UND', 0, '0', 1),
(2260, '99C02003', 'CEPILLOS P/BARRER S/PALOS', 'UND', 0, '0', 1),
(2261, '99C07000', 'COMPAS ESCOLAR', 'UND', 0, '0', 0),
(2262, '99C07001', 'COMPAS ESCOLAR', 'UND', 0, '0', 1),
(2263, '99CA1000', 'CARGADORES', 'UND', 0, '0', 0),
(2264, '99CA1001', 'CARGADOR DE PILAS AA C/2 PILAS RECAR.2500VA', 'UND', 0, '0', 1),
(2265, '99CA2000', 'CAFE', 'UND', 0, '0', 0),
(2266, '99CA2001', 'CAFE PAQ.500 GRS.', 'UND', 0, '0', 1),
(2267, '99CA3000', 'CAFETERA', 'UND', 0, '0', 0),
(2268, '99CA3001', 'CAFETERA ELECTRICA ELECTROLUX 8 TAZAS', 'UND', 0, '0', 1),
(2269, '99CA4000', 'CABLE USB', 'UND', 0, '0', 0),
(2270, '99CA4001', 'CABLE P/MULTIFUNCIONAL HP USB', 'UND', 0, '0', 1),
(2271, '99CA5000', 'CANON RODILLOS', 'UND', 0, '0', 0),
(2272, '99CA5001', 'CANON RODILLO FOTOC. IR-1310', 'UND', 0, '0', 1),
(2273, '99CA6000', 'CANON CUCHILLA', 'UND', 0, '0', 0),
(2274, '99CA6001', 'CANON CUCHILLA FOTOC. IR-1310', 'UND', 0, '0', 1),
(2275, '99CO1000', 'COLETOS', 'UND', 0, '0', 0),
(2276, '99CO1001', 'COLETOS DE TELA', 'UND', 0, '0', 1),
(2277, '99CO2000', 'CLORO', 'UND', 0, '0', 0),
(2278, '99CO2001', 'CLORO 1 LT.', 'UND', 0, '0', 1),
(2279, '99CP1000', 'CPU', 'UND', 0, '0', 0),
(2280, '99CP1001', 'PROCES. INTEL/MB FOXCOM/DVD/DD', 'UND', 0, '0', 1),
(2281, '99CU0000', 'CUCHARILLAS', 'UND', 0, '0', 0),
(2282, '99CU1000', 'CUCHARILLAS', 'UND', 0, '0', 0),
(2283, '99CU1001', 'CUCHARILLA P/POSTRE 40X25', 'UND', 0, '0', 1),
(2284, '99D01000', 'DISPENSADOR', 'UND', 0, '0', 0),
(2285, '99DE1000', 'DESENGRASANTE', 'UND', 0, '0', 0),
(2286, '99DE1001', 'DESENGRASANTE NOGRASS', 'UND', 0, '0', 1),
(2287, '99DE2000', 'DESINFECTANTE', 'UND', 0, '0', 0),
(2288, '99DE2001', 'AJAX LIQUIDO 2 LTS.', 'UND', 0, '0', 1),
(2289, '99DE2002', 'DESINFECTANTE AJAX 2 LITROS', 'UND', 0, '0', 1),
(2290, '99DI1000', 'DISPENSADOR', 'UND', 0, '0', 0),
(2291, '99E01000', 'ESCRITORIO', 'UND', 0, '0', 0),
(2292, '99E01001', 'ESCRITORIO DE OFICINA 1.20 X 60 CON TRES GAVETAS C/LLAVE', 'UND', 0, '0', 1),
(2293, '99E02000', 'ESPONJAS', 'UND', 0, '0', 0),
(2294, '99E02001', 'ESPONJAS SCOTT BRITTE PEQ. 1X48 UND', 'UND', 0, '0', 1),
(2295, '99E02002', 'ESPONJAS DOBLE ACCION X 12', 'UND', 0, '0', 1),
(2296, '99E03000', 'ESPONJAS DOBLE USO', 'UND', 0, '0', 0),
(2297, '99E04000', 'ELIMINA OLORES', 'UND', 0, '0', 0),
(2298, '99E04001', 'ELIMINA OLORES AEROSOL', 'UND', 0, '0', 1),
(2299, '99F01000', 'FAX MULTIFUNCIONAL', 'UND', 0, '0', 0),
(2300, '99F01001', 'FAX PANASONIC MOD. KX-FL511', 'UND', 0, '0', 1),
(2301, '99FA1000', 'FAX MULTIFUNCIONAL', 'UND', 0, '0', 0),
(2302, '99FA1001', 'FAX MULTIFUNCIONAL BROTHER MSC 250', 'UND', 0, '0', 1),
(2303, '99FA1002', 'FAX PANASONIC MOD. 987, PPEL THERMICO, CONTESTAD., CORTE PAP', 'UND', 0, '0', 1),
(2304, '99FA1003', 'FAX PANASONIC MODEL. 981PPEL THERMICO, CONTESTADORA', 'UND', 0, '0', 1),
(2305, '99GU1000', 'GUILLOTINA', 'UND', 0, '0', 0),
(2306, '99GU1001', 'GUILLOTINA CORTA PAPEL 18" KW', 'UND', 0, '0', 1),
(2307, '99IN1000', 'INSECTICIDA', 'UND', 0, '0', 0),
(2308, '99IN1001', 'INSECTICIDA BAYGON', 'UND', 0, '0', 1),
(2309, '99J12000', 'JGO. CAMISA Y PISTON', 'UND', 0, '0', 0),
(2310, '99JA1001', 'JABON LIQUIDO', 'UND', 0, '0', 1),
(2311, '99JA2000', 'JABON EN POLVO', 'UND', 0, '0', 0),
(2312, '99JA2001', 'JABON EN POLVO 5 KGS.', 'UND', 0, '0', 1),
(2313, '99JA2002', 'JABON EN POLVO 900G', 'UND', 0, '0', 1),
(2314, '99JU1000', 'JGO. CAMISA Y PISTON', 'UND', 0, '0', 0),
(2315, '99JU1001', 'JUEGO CAMISA Y PISTON P/MOTOR 6.10T', 'UND', 0, '0', 1),
(2316, '99JU1002', 'ROMPE CABEZAS EN FOAMY', 'UND', 0, '0', 1),
(2317, '99K01000', 'KIT MANTENIMIENTO', 'UND', 0, '0', 0),
(2318, '99K01001', 'KIT DE HERRAMIENTA DE COMPUTACION', 'UND', 0, '0', 1),
(2319, '99L01000', 'LIMPIA CONTACTO ELECTRICO', 'UND', 0, '0', 0),
(2320, '99L01001', 'LIMPIA CONTACTO ELECTRICO C-87', 'UND', 0, '0', 1),
(2321, '99LA1000', 'LAVAPLATOS EN CREMA AXION 476', 'UND', 0, '0', 0),
(2322, '99LA1001', 'DESINFECTANTE LAVANSAM GALON', 'UND', 0, '0', 1),
(2323, '99LA1002', 'LAVAPLATOS LIQUIDO', 'UND', 0, '0', 1),
(2324, '99LA1003', 'LIMPIADOR MULTIUSO LIQUIDO', 'UND', 0, '0', 1),
(2325, '99LA2000', 'LAVAPLATOS EN CREMA', 'UND', 0, '0', 0),
(2326, '99LA2001', 'LAVAPLATOS LIQUIDO', 'UND', 0, '0', 1),
(2327, '99LA2002', 'LAVAPLATOS EN CREMA AXION 470 GRS.', 'UND', 0, '0', 1),
(2328, '99LI1000', 'LIMPIA CONTACTO', 'UND', 0, '0', 0),
(2329, '99LI1001', 'LIMPIA VIDRIO', 'UND', 0, '0', 1),
(2330, '99LI2000', 'LIMPIADOR DE POCETAS', 'UND', 0, '0', 0),
(2331, '99LI2001', 'LIMPIADOR DE MUEBLES', 'UND', 0, '0', 1),
(2332, '99LI2002', 'LIMPIADOR DE POCETAS CICLON', 'UND', 0, '0', 1),
(2333, '99LI3000', 'LIMPIADOR', 'UND', 0, '0', 0),
(2334, '99LI3001', 'LIMPIADOR BENZOL', 'UND', 0, '0', 1),
(2335, '99MA1000', 'BOLSO MALETIN', 'UND', 0, '0', 0),
(2336, '99MA1001', 'BOLSO MALETIN TARGUS 15" OCNI-04', 'UND', 0, '0', 1),
(2337, '99MA1002', 'MALETIN P/LAPTOP DE TELA', 'UND', 0, '0', 1),
(2338, '99MA2000', 'MAQUINA BROTHER', 'UND', 0, '0', 0),
(2339, '99MA2001', 'MAQUINA DE ESCRIBIR BROTHER MOD. ML-100, CARRO 12"', 'UND', 0, '0', 1),
(2340, '99MA3000', 'MAQUINA NAKAJIMA', 'UND', 0, '0', 0),
(2341, '99MA3001', 'MAQUINA DE ESCRIBIR NAKAJIMA AE-710', 'UND', 0, '0', 1),
(2342, '99MA3002', 'MAQUINA DE ESCRIBIR NAKAJIMA, MODELO: WPT150', 'UND', 0, '0', 1),
(2343, '99MA4000', 'MANO DE OBRA', 'UND', 0, '0', 0),
(2344, '99MA4001', 'MANO DE OBRA.', 'UND', 0, '0', 1),
(2345, '99MI1000', 'MICROONDAS', 'UND', 0, '0', 0),
(2346, '99MI1001', 'MICROONDAS ELECTROLUX, MOD. EMDA20S3MKM, 20 LTS.', 'UND', 0, '0', 1),
(2347, '99N02000', 'NESTI', 'UND', 0, '0', 0),
(2348, '99N02001', 'NESTI BULTO X 6 X 1,700 KGS.', 'UND', 0, '0', 1),
(2349, '99P01000', 'PLATOS PLASTICOS', 'UND', 0, '0', 0),
(2350, '99PA1000', 'PAÑITOS', 'UND', 0, '0', 0),
(2351, '99PA1001', 'PAPEL HIGIENICO BLANCO SCOTT INSTITUCIONAL 1X4', 'UND', 0, '76,2', 1),
(2352, '99PA1002', 'PAPEL KRAF GRUESO 18 KGS.', 'UND', 0, '0', 1),
(2353, '99PA1003', 'PAÑITOS DE LIMPIEZA AMARILLOS', 'UND', 0, '0', 1),
(2354, '99PA1004', 'PAÑOS MULTIUSOS ABSOR.', 'UND', 0, '0', 1),
(2355, '99PA1005', 'PAÑOS AMARILLOS', 'UND', 0, '0', 1),
(2356, '99PA1006', 'PAÑOS MICROFIBRAS', 'UND', 0, '0', 1),
(2357, '99PA2000', 'PALA DE BASURA', 'UND', 0, '0', 0),
(2358, '99PA2001', 'PARAGUA GIVENCHI MOD. V-1681', 'UND', 0, '0', 1),
(2359, '99PA2006', 'PALITA DE BASURA', 'UND', 0, '0', 1),
(2360, '99PA3000', 'PAPEL HIGIENICO', 'UND', 0, '0', 0),
(2361, '99PA3001', 'PAPEL HIGIENICO ROSAL X 48', 'UND', 0, '0', 1),
(2362, '99PA3002', 'PAPEL HIGIENICO BLANCO X 48', 'UND', 0, '0', 1),
(2363, '99PE1000', 'PERILLA IMPRESORA EPSON', 'UND', 0, '0', 0),
(2364, '99PE1001', 'EPSON PERILLA P/IMP. FX-2190', 'UND', 0, '0', 1),
(2365, '99PL1000', 'PLATOS PLASTICOS', 'UND', 0, '0', 0),
(2366, '99PL1001', 'PLATOS PLASTICOS Nº 7 50X10', 'UND', 0, '0', 1),
(2367, '99PL1002', 'PLATOS PLASTICOS Nº 8 X 10', 'UND', 0, '0', 1),
(2368, '99PO1000', 'POLVO PARA FREGAR', 'UND', 0, '0', 0),
(2369, '99PO1001', 'POLVO P/FREGAR AJAX 400GR', 'UND', 0, '0', 1),
(2370, '99PR1000', 'PROPELA P/MOTOR', 'UND', 0, '0', 0),
(2371, '99PR1001', 'PROTECTORES PARA ALFOMBRA EN ACRILICO', 'UND', 0, '0', 1),
(2372, '99PR1002', 'PROTECTORES DE PANTALLA 17"', 'UND', 0, '21,74', 1),
(2373, '99PR1003', 'PROPELA P/MOTOR FUERA DE BORDA', 'UND', 0, '0', 1),
(2374, '99PR2000', 'PROPELA', 'UND', 0, '0', 0),
(2375, '99PRO000', 'PROPELA P/MOTOR', 'UND', 0, '0', 0),
(2376, '99R01000', 'REMOVEDORES', 'UND', 0, '0', 0),
(2377, '99R01001', 'REMOVEDORES DE CAFE', 'UND', 0, '0', 1),
(2378, '99RE1000', 'RELOJES', 'UND', 0, '0', 0),
(2379, '99RE1001', 'TONER HP LASERJET Q5949A RECARGADO', 'UND', 0, '0', 1),
(2380, '99RE1002', 'TONER HP LASERJET C4092A RECARGADO', 'UND', 0, '0', 1),
(2381, '99RE1003', 'TONER HP LASERJET Q2612A RECARGADO', 'UND', 0, '0', 1),
(2382, '99RE1004', 'TONER EPSON EPL 6200', 'UND', 0, '0', 1),
(2383, '99RE1005', 'TONER HP LASERJET Q2613A RECARGADO', 'UND', 0, '0', 1),
(2384, '99RE1006', 'RELOJ FECHADOR AUTOMATICO WINDER T3', 'UND', 0, '0', 1),
(2385, '99RE2000', 'REPARACION', 'UND', 0, '0', 0),
(2386, '99RE2001', 'REPARACION Y MANTENIMIENTO CALCULADORA CANON MP41DH', 'UND', 0, '0', 1),
(2387, '99RE3000', 'REMOVEDORES', 'UND', 0, '0', 0),
(2388, '99RE4000', 'RECARGA DE TONER', 'UND', 0, '0', 0),
(2389, '99RE4001', 'RECARGA TONER HP CF283A Y CILINDRO', 'UND', 0, '0', 1),
(2390, '99RE4002', 'RECARGA TONER CANON CRG 137', 'UND', 0, '0', 1),
(2391, '99RE4003', 'RECARGA TONER GENERICO CF283A', 'UND', 0, '0', 1),
(2392, '99SE1000', 'TOALLINES', 'UND', 0, '0', 0),
(2393, '99SE1001', 'SERVILLETAS TOALLINES BLANCAS X 24 MARACAY', 'UND', 0, '0', 1),
(2394, '99SE1002', 'TOALLIN PAPEL SANITARIO', 'UND', 0, '0', 1),
(2395, '99SE1003', 'SERVILLETAS TOALLINES MARRON CAJ.. X 24 PAQ.', 'UND', 0, '0', 1),
(2396, '99SE1004', 'SERVILLETAS HOUSEHOLD NAPKINS 1X20X150', 'UND', 0, '0', 1),
(2397, '99SE2000', 'SELLO DE CAUCHO', 'UND', 0, '0', 0),
(2398, '99SE2001', 'SELLO DE CAUCHO (CANCELADO)', 'UND', 0, '15000', 1),
(2399, '99SE3000', 'SERVILLETAS', 'UND', 0, '0', 0),
(2400, '99SE3001', 'SERVILLETAS TIPO CAFETIN', 'UND', 0, '0', 1),
(2401, '99SE3002', 'SERVILLETAS DE MESA', 'UND', 0, '0', 1),
(2402, '99SI1000', 'SILLA EJECUTIVA', 'UND', 0, '0', 0),
(2403, '99SI1001', 'SILLA EJECUTIVA 8752 BASCULANTE COLOR NEGRA', 'UND', 0, '0', 1),
(2404, '99SI1002', 'SILLA EJECUTIVA MOD. BEMA SP NEGRA', 'UND', 0, '0', 1),
(2405, '99SI2000', 'SILLA ACOMPAÑANTE', 'UND', 0, '0', 0),
(2406, '99SI2001', 'SILLA VISITANTE MOD. ISO S/B NEGRA', 'UND', 0, '0', 1),
(2407, '99T01000', 'TOALLAS DE MANO', 'UND', 0, '0', 0),
(2408, '99T01001', 'TOALLAS DE MANO INTERC. BLANCA', 'UND', 0, '0', 1),
(2409, '99T01002', 'TOALLAS DE MANO EN ROLLO PAVECA 1X6', 'UND', 0, '0', 1),
(2410, '99TE1000', 'TENEDORES PLASTICOS', 'UND', 0, '0', 0),
(2411, '99TE1001', 'TENEDORES PLASTICOS.', 'UND', 0, '0', 1),
(2412, '99TO1000', 'TOALLAS DE MANO', 'UND', 0, '0', 0),
(2413, '99TO1001', 'TOALLA DE MANO INTERCALADA SCOTT 1X20X160', 'UND', 0, '0', 1),
(2414, '99TO1002', 'TOALLA EN ROLLO SCOTT 4 X 170MTS.', 'UND', 0, '0', 1),
(2415, '99TO1003', 'TOALLIN', 'UND', 0, '0', 1),
(2416, '99TR1000', 'TRIPODE', 'UND', 0, '0', 0),
(2417, '99TR1001', 'TRIPODE DE ALUMINIO PARA TIPOGRAFIA', 'UND', 0, '0', 1),
(2418, '99VA1000', 'VASOS', 'UND', 0, '0', 0),
(2419, '99VA1001', 'VASOS CONICOS 15X150', 'UND', 0, '0', 1),
(2420, '99VA1002', 'VASOS PLASTICOS Nº 27', 'UND', 0, '0', 1),
(2421, '99VA1003', 'VASOS PLASTICOS Nº 57 X 25 X 100', 'UND', 0, '0', 1),
(2422, '99VA1004', 'VASOS PLASTICOS V- 7 CAJ X 25 PAQ.X 100', 'UND', 0, '0', 1),
(2423, '99VA1005', 'VASOS PLASTICOS Nº 77 X 25 X 100', 'UND', 0, '0', 1),
(2424, '99VA1008', 'VASOS PLASTICOS Nº 57', 'UND', 0, '0', 1),
(2425, '99VA1009', 'VASOS PLASTICOS Nº 107', 'UND', 0, '0', 1),
(2426, '99VA1010', 'VASOS PLASTICOS V-2 50X100', 'UND', 0, '0', 1),
(2427, '99VA1011', 'VASOS PLASTICOS V-10 300 CC X 50', 'UND', 0, '0', 1),
(2428, '99XE0000', 'TONER XEROX RECARGADO', 'UND', 0, '0', 0),
(2429, '99XE0001', 'TONER XEROX 108R00908 RECARGADO', 'UND', 0, '0', 1),
(2448, 'C002255', 'Calcomanía color FAN', 'RES', NULL, NULL, 5),
(2449, 'C002255', 'Calcomanía color FAN', 'CAJ', NULL, NULL, 5),
(2450, 'C002255', 'Calcomanía color FAN', 'CAJ', NULL, NULL, 1),
(2451, 'C002255', 'Calcomanía colorán piñón', 'CAJ', NULL, NULL, 1),
(2452, '10C07008', 'CORRECTOR LIQUIDO', 'UND', NULL, NULL, 1),
(2453, '10S05015', 'SOBRES KRAFT MARRON T/CARTA', 'UND', NULL, NULL, 1),
(2454, '10S05016', 'SOBRES KRAFT MARRON T/OFICIO', 'UND', NULL, NULL, 1),
(2455, '10S05017', 'SOBRES KRAFT MARRON T/EXTRAOFICIO', 'UND', NULL, NULL, 1),
(2460, 'L98887', 'LAPIZ ELECTRICO', 'UND', NULL, NULL, 3),
(2461, 'L0002', 'Lentes', 'UND', NULL, NULL, 4),
(2462, 'G005', 'Gomero', 'BLT', NULL, NULL, 1),
(2463, 'HB005', 'BORRADOR ELÉCTRICO', 'UND', NULL, NULL, 1),
(2464, 'B42696', 'Biselador', 'UND', NULL, NULL, 1),
(2465, 'M0002', 'Mancuernas', 'UND', NULL, NULL, 4);

-- --------------------------------------------------------

--
-- Table structure for table `categoria`
--

CREATE TABLE IF NOT EXISTS `categoria` (
  `idCategoria` int(7) NOT NULL AUTO_INCREMENT,
  `nombre` varchar(50) DEFAULT NULL,
  `descripcion` varchar(200) DEFAULT NULL,
  PRIMARY KEY (`idCategoria`)
) ENGINE=MyISAM  DEFAULT CHARSET=utf8 AUTO_INCREMENT=8 ;

--
-- Dumping data for table `categoria`
--

INSERT INTO `categoria` (`idCategoria`, `nombre`, `descripcion`) VALUES
(1, 'Papelería', 'Artículos de papel'),
(2, 'Consumibles', 'Consumibles para impresoras de inyección de tinta'),
(3, 'Computación', 'Computadoras y equipos electrónicos'),
(4, 'Varios', 'Artículos varios de oficina, cocina, etc'),
(5, 'Escolar', 'Colores, creyones, sacapuntas'),
(6, 'Almacén', 'Guardar cosas'),
(7, 'Ferretería', 'Materiales de ferretería');

-- --------------------------------------------------------

--
-- Table structure for table `cliente`
--

CREATE TABLE IF NOT EXISTS `cliente` (
  `idCliente` int(5) NOT NULL AUTO_INCREMENT,
  `nombre` varchar(51) NOT NULL,
  `rif` varchar(13) NOT NULL,
  `pcontacto` varchar(50) DEFAULT NULL,
  `nit` int(11) DEFAULT NULL,
  `direccion1` varchar(100) DEFAULT NULL,
  `direccion2` varchar(100) DEFAULT NULL,
  `ciudad` varchar(30) DEFAULT NULL,
  `telefono1` varchar(20) DEFAULT NULL,
  `telefono2` varchar(20) DEFAULT NULL,
  `excento` varchar(20) DEFAULT NULL,
  `pagweb` varchar(30) DEFAULT NULL,
  `email` varchar(30) DEFAULT NULL,
  PRIMARY KEY (`idCliente`)
) ENGINE=InnoDB  DEFAULT CHARSET=utf8 AUTO_INCREMENT=320 ;

--
-- Dumping data for table `cliente`
--

INSERT INTO `cliente` (`idCliente`, `nombre`, `rif`, `pcontacto`, `nit`, `direccion1`, `direccion2`, `ciudad`, `telefono1`, `telefono2`, `excento`, `pagweb`, `email`) VALUES
(1, 'GLOBENET CABOS SUBMARINOS VZLA, S.A.', 'J-30734265-0', 'SRTA. LISET RIVERO', NULL, NULL, 'AV. SAN FELIPE, EDIF. CENTRO COINASA, PISO 8, OF 87, URB. LA CASTALLANA (CHACAO)', 'CARACAS', '0212-740.4156', '0212-267-6345', '2', 'agente de retencion', 'liset.rivero@globenet.net'),
(2, 'METALMECÁNICA ANTIMANO, C.A.', 'J-00262429-5', 'SRTA. VANESA TESARA', NULL, NULL, 'AV. INTERCOMUNAL DE ANTIMANO, GALPÓN FOSFORERA VENEZOLANA Nº S/N, SECTOR CARAPA-LA YAGUARA', 'CARACAS', '(0212)-715.28.89', '(0212)-472.47.41', '3', NULL, 'mmecanica@gmail.com'),
(3, 'MOORE DE VENEZUELA, C.A.', 'J-07506100-4', NULL, NULL, NULL, 'AV. GUAYAMANE ZONA INDUSTRIAL LA HAMACA, EDO. ARAGUA.', 'LA VICTORIA', '0212.238.15.11', NULL, '3', NULL, NULL),
(4, 'LOPEZ BOCACHE Y ASESOR', 'V-110283900', 'SRTA. FRANCESCA CILONA', NULL, NULL, 'AV. VERACRUZ, TORRE ABA, PISO 11, LAS MERCEDES', 'CARACAS', '0212-9938628', '0212-9938628', '10', 'no contribuyente', 'alejandrolbocache@hotmail.com'),
(5, 'RENTA MOTOR, C.A.', 'J000450730', 'SR. OMAR BATISTA', NULL, NULL, 'AV. PRINCIPAL DEL BOSQUE, EDIF. PICHINCHA, PISO 7, OFC. 71, EL ROSAL', 'CARACAS', '0212-2004772', '0212-2004721', '5', NULL, NULL),
(6, 'INTROMICRO, C.A.', 'J-30925641-6', NULL, NULL, NULL, '3ERA. TRANSVERSAL DE LOS RUICES, EDIF. SEGRE ALA NORTE, LOCAL P.B. LOS RUICES', 'CARACAS', '0212-232.9634', '0212-232.9634', '1', NULL, NULL),
(7, 'LABORATORIOS BIOGALENIC, C.A.', 'J-30434625-5', 'SRA. NINOZKA ALVARADO', NULL, NULL, 'CALLE BERNARDO SLIMAK, EDIF. JAYOR, PISO 1, SAN MARTIN', 'CARACAS', '0212-4623821 EXT. 32', '0212-4624132', '3', NULL, NULL),
(8, 'REPRESENTACIONES NUTRICION 5000, C.A.', 'J-30487629-7', 'SR. JOSE GOMEZ', NULL, NULL, 'AV. LUIS ROCHE, ENTRE 1ERA. Y 2DA. TRANSVERSAL, EDIF. 0504, PISO 4, OFICINA 4-B, LAS MERCEDES', 'CARACAS', '0212-992.5697', '0212-992.5697', '1', NULL, NULL),
(9, 'PROMOTORA DE INDUSTRIA Y COMERCIO, C.A.', 'J-00030202-2', 'SRTA. MARIEL JIMENEZ', NULL, NULL, 'AV. INTERCOMUNAL DE ANTIMANO, LOCAL GALPÓN NRO. S/N, SECTOR CARAPA, CARACAS, ZONA POSTAL 1000.', 'DISTRITO CAPITAL', '0212-715.6385/6382', '0212-2632495', '1', NULL, NULL),
(10, 'GRUPO INDUSTRIAL FARALLON VENEZUELA, S.A.', 'J-31083870-4', 'SRTA. MARIEL JIMENEZ', 309729021, NULL, 'AV.FCO. DE MIRANDA, CRUCE C/AV. EL PARQUE,EDIF. TORRE EDICAMPO, PISO 3, OFIC.33-34 URB. CAMPO ALEGRE', 'CARACAS', '0212-2100037', '02122632495', '1', NULL, NULL),
(11, 'DISTRIBUIDORA VASDECA, C.A.', 'J-30528787-2', 'SR. DANIEL YAURI', NULL, NULL, 'ESQ. DE PICHINCHA A ARISMENDI, CASA Nº 128, SAN AGUSTIN DEL NORTE', 'CARACAS', '0212-5722817', '0212-5722817', '10', NULL, NULL),
(12, 'COMERCIALIZADORA DISBECA, C.A.', 'J-30535119-8', 'SR. RUBEN ESPIN', 202816185, NULL, 'CALLE 1 ENTRE AV. 2 Y CALLE 5, EDIF. ULTRAMAR, GALPÒN Nº 6, LA YAGUARA', 'CARACAS', '0212 - 472.4620', '0212-472.4110', '1', NULL, NULL),
(13, 'EDGAR GOMEZ', 'V06341335-2', 'EDGAR GOMEZ', NULL, NULL, 'PARQ SANTA ROSALIA, EQ SORDO A PELAEZ CASA Nº 37 FT LABOR FUJI FILL STA. ROSALIA', 'CARACAS', '0212-5420770', '0416-6145996', '10', NULL, NULL),
(14, 'SERVICIOS DE TELECOMUNICACIONES GENERALES, C.A.', 'J-31630635-6', 'SRTA. LAURA', NULL, NULL, 'AV. RIO DE ORO, CALLE GIRASOL, EDIF. INTANA, PISO 3, URB. PRADOS DEL ESTE', 'CARACAS', '0212-614.5713', NULL, '10', NULL, NULL),
(15, 'CONSORCIO PUBLICITARIO URBANO, C.A.', 'J-31109648-5', 'EVELYN LUGO', NULL, NULL, 'AV. RIO DE ORO, CALLE GIRASOL, EDIF. INTANA, PISO 3, URBANIZACION PRADOS DEL ESTE', 'CARACAS', '0212-6145731', '0212-9750210', '1', NULL, NULL),
(16, 'SERVICIOS, CONSTRUCCIONES Y ASESORIAS ARTURO, C.A.', 'J-30575757-7', 'SRTA. MARIA SALAS', NULL, NULL, 'AV, PRINCIPAL DE LAS VEGAS DE TARIBA, Nº 4-105.', 'ESTADO TACHIRA', '.', '0276-3947633', '10', NULL, NULL),
(17, 'FERRETERIA CHAPELLIN, C.A.', 'J-00199127-1', 'VIANES RINCON', 19238466, NULL, 'CALLE REAL DE CHAPELLIN Nº 18 LA FLORIDA.', 'CARACAS', '0212-7309712', '0212-7313019', '1', NULL, NULL),
(18, 'CORPOREA PRODUCCIONES, C.A.', 'J-30360048-4', 'JESUS RONDON', NULL, NULL, 'FACULTAD DE INGENIERIA EDIF. IMME SUR, UCV LOS CHAGUARAMOS', 'CARACAS', '0212-693.12.86', NULL, '10', NULL, NULL),
(19, 'CORPORACION M&M META SOLUTIONS, C.A.', 'J-29734118-8', 'SR. LUIS LOPEZ', NULL, NULL, 'AV. LIBERTADOR C/C PARAISO, EDIF. SICLAR, PISO 2, OFICINA 25, SABANA GRANDE', 'CARACAS', '0212-763-0445/8776', '0212-7638776', '10', NULL, NULL),
(20, 'MECINCA', 'J-00103064-6', 'SRTA. ROSANA MARQUEZ', NULL, NULL, 'AV. FRANCISCO DE MIRANDA, EDIFICIO GALERIAS MIRANDA, PISO 2, OFICINA 210, CHACAO', 'CARACAS', '0212-263.0639', '263.8818', '10', NULL, NULL),
(21, 'LABORATORIOS VIVAX PHARMACEUTICALS, C.A.', 'J-30010036-7', 'SR. SZAIKA OSYP S.', NULL, NULL, 'FINAL CALLE VARGAS, EDIF. CENTRO BERIMER, TORRE ESTE, PISO 2, BOLEITA NORTE.', 'CARACAS', '0212-2080111', '0212-2036703', '1', NULL, NULL),
(22, 'SUMIGAR, C.A.', 'J-00258810-1', 'SRA. LESVIA', NULL, NULL, 'ESQ. DE GUAYABAL, GALPON Nº 162, SANTA ROSALIA, CARACAS', 'CARACAS', '0212-5454565', '0212-5413813', '5', NULL, NULL),
(23, 'IMPRESOS EL CHARRO, C.A.', 'J-29628781-3', 'SR. FRANCISCO', NULL, NULL, 'AV. SUR 5, ESQ. VIENTO A MUERTO, EDIF. PAOLA, P.B. LOCAL C, SANTA ROSALIA', 'CARACAS', '0212-5422104', '0412-5419730', '10', NULL, NULL),
(24, 'CORPORACION SIAD, C.A.', 'J-30969423-5', 'MARCO PEREIRA', NULL, NULL, 'AV. LOS JABILLOS C/CALLE SOLANO, TORRE TEPUY, PISO 2, OFIC. 2-B SABANA GRANDE.', 'CARACAS', '0212.761.41.29', NULL, '1', 'www.corporacionsiad.com', 'corpsiad@cantv.net'),
(25, 'INVERSIONES ALTO RESTAURANT, C.A.', 'J-29371026-0', NULL, NULL, NULL, '1ERA. AV. 3ERA. TRANSVERSAL, LOS PALOS GRANDES, EDIF. PARAMACAY', 'CARACAS', '0212-284-3655', '0212-2867748', '1', NULL, NULL),
(26, 'INVERSIONES PESCE JF, C.A.', 'J-30212654-1', 'SRA. NOHEMI', NULL, NULL, 'CALLE GUATEMALA CON AV. CENTRO AMERICA, QUINTA NELLY, URB. LAS ACACIAS, CARACAS.', 'CARACAS', '0212-6324197', '0212-6324197', '10', NULL, NULL),
(27, 'COLEGIO FE Y ALEGRIA.', 'J-25215555-5', 'SRA. BOLIVAR / KATTY', NULL, '', 'ANTIMANO, SECTOR PARATE BUENO.', 'CARACAS', '(0212)-472.73.66', '', 'excento', NULL, 'katty@feyalegria.com'),
(28, 'LABORATORIO MULTICOLOR, C.A.', 'J-00154535-2', NULL, NULL, NULL, 'ESQ. ESTE 16, SORDO A PELAEZ, RES. SORPE P.B. LOCAL 02, STA. ROSALIA.', 'CARACAS', '02125415620/0819', NULL, '1', NULL, NULL),
(29, 'UCV FACULTAD DE MEDICINAS', 'G-20000006-2', NULL, NULL, NULL, 'LOS CHAGUARAMOS', 'CARACAS', '0212-6053643', '0212-6053465', '1', NULL, NULL),
(30, 'INVERSIONES LIPO, C.A.', 'J-30202794-2', NULL, NULL, NULL, 'AV. CHICAGO, EDF. STURGIS, PISO 1 LA CALIFORNIA SUR.', 'CARACAS', '0212-257.56.07', NULL, '1', NULL, NULL),
(31, 'INDUSTRIAS VYCCAMET, C.A.', 'J-30215296-8', 'SRA. MARIA BARON', NULL, NULL, 'CARRETERA PETARE SANTA LUCIA, SECTOR EL HOYO DE LAS TAPIAS, GALPÓN 2', 'CARACAS', '0212-5321755/2812', '02125321755', '10', 'no contribuyente', NULL),
(32, 'MISION CULTURA', 'G-20006829-9', NULL, NULL, NULL, 'AV. PANTEON, BIBLIOTECA NACIONAL, EDIF. ADMIN', 'CARACAS', NULL, NULL, '10', NULL, NULL),
(33, 'LANDER Y VERA, S.A.', 'J-00021708-4', NULL, NULL, NULL, 'SAN AGUSTIN DEL NORTE, BOYACA A MARIÑO, Nº 56', 'CARACAS', NULL, NULL, '1', NULL, NULL),
(34, 'DISTRIBUIDORA MGE DE VENEZUELA, C.A.', 'J-30355794-5', 'SR. ALFONSO CHIARO', NULL, NULL, 'CALLE EL CORTIJO, EDF. OTEROL, Nº 12-28 LOS ROSALES.', 'CARACAS', '0212.6331141/6316292', '0212-6331141', '10', NULL, NULL),
(35, 'INVERSIONES DARMASOL, C.A.', 'J-31336813-0', NULL, NULL, NULL, 'AV. LECUNA TERMINAL NUEVO CIRCO Nº 2.', 'CARACAS', NULL, NULL, '1', NULL, NULL),
(36, 'SINTRADELI, C.A.', 'V-4681.452', NULL, NULL, NULL, 'SANTA ROSALIA', 'CARACAS', '0212-5430537', NULL, '10', NULL, NULL),
(37, 'MARINA GAS, C.A.', 'J-00088811-6', NULL, NULL, NULL, 'CARRETERA PETARE-GUARENAS, KM 12', 'CARACAS', '0212-2441711', NULL, '10', NULL, NULL),
(38, 'SERVICAUCHOS ZI, C.A.', 'J-31541042-7', NULL, NULL, NULL, 'SORDO A PELAEZ, EDIF. SANTA FELICIA, P.B., LOCALES 1, 2 Y 3 STA. ROSALIA', 'CARACAS', '0212-5423822', NULL, '10', NULL, NULL),
(39, 'ASOCIACION CIVIL AVESSOC', 'J-31015591-2', 'SRTA. AMARU PEREZ', NULL, NULL, 'FINAL AV. PAEZ, URB. MONTALBAN, PARQUE SOCIAL PADREA MANUEL AGUIRRE, S.J.FTE. A LA UCAB', 'CARACAS', '0212-4074468', '0212-4715556', '10', NULL, NULL),
(40, 'FERRETERIA COLISEO, C.A.', 'J-30992617-9', NULL, NULL, NULL, 'AV. ESTE 12 PINTO A SANTA ROSALIA Nº 33', 'CARACAS', '0212-541.42.46', '0212-541.00.53', '1', NULL, NULL),
(41, 'QUALITY METAL MATERIALES, C.A.', 'J-30807214-1', NULL, NULL, NULL, 'AV TRIESTE EDIF ROTOVEN PB OF L-2 ZONA IND LA CALIFORNIA SUR', 'CARACAS', '0212-257.19.42', NULL, '13', NULL, NULL),
(42, 'GRAFICAS MARELBIS, C.A.', 'J-3011376-2', 'SR. FRANCISCO TORRES', NULL, NULL, 'ESQ. VINTO A MUERTO, EDIF. PAOLA, P.B. SANTA ROSALIA.', 'CARACAS', '0212-542.21.04', NULL, '1', '0414-1510837', NULL),
(43, 'SUVENCA, C.A.', 'J-31419861-0', 'KARLA BLANCA', NULL, NULL, 'BARRIO UNION, DIAG.ESTACION.SERV. PDVSA, GALPON SARVENCA, MEZZ.OFIC.2, PTO. AYACUCHO, EDO. AMAZONAS.', 'PUERTO AYACUCHO', '0248-5211224', '0248-5211224', '1', NULL, NULL),
(44, 'FUNDICIONES Y ALEACIONES INDUSTRIALES,C.A. FALINCA', 'J-07584415-7', 'SRTA. MARISOL', NULL, NULL, 'CARRETERA NACIONAL CAGUA VILLA DE CURA, CASA Nº 15-0509 SECTOR ZONA IND. CAGUA EDO. ARAGUA', 'ARAGUA', '0212-2380740/0056/', '0212-2372049', '10', NULL, NULL),
(45, 'GRUPO EVO-LAB, C..A', 'J-31210268-3', 'SRA. MAOLY PALACIOS', NULL, NULL, 'AV. EL CENTRO, EDIF. TORRE MEGAO IV, PISO 8, APTO. 108, URB. LOS DOS CAMINOS', 'CARACAS', '0212-975.0315', '9750375', '10', NULL, NULL),
(46, 'SERVICIOS ADMINISTRATIVOS GRUPO EIFFEL, C.A.', 'J-30060610-4', 'SRA. INGRIT VERDUT', NULL, NULL, 'CALLE 6, C/CALLE 9, EDIF. LA INDUSTRIOSA, PISO 2, ZONA IND. LA URBINA', 'CARACAS', '0212-2049411', '0212-2049424', '10', NULL, NULL),
(47, 'DISTRIBUIDORA FARALLON (DIFSA), S.A.', 'J-31083865-8', 'SRTA. HEIMAR HERNANDEZ', 309729021, 'AV. AVENIDA INTERCOMUNAL DE ANTIMANO', 'LOCAL GALPON NRO S/N SECTOR CARAPA', 'CARACAS, DTTO. CAPITAL ZP 1000', '(0212)-715.61.60', '(0212)-263.24.95', '', NULL, 'heimar@farrallon.com'),
(48, 'ELECTRONICA MOYBADE, C.A.', 'J-31513226-5', NULL, NULL, '', 'AV. LOS SAMANES, N° 30, PRADO DE MARIA', 'CARACAS', '(0212)-631.95.74', '', '10', NULL, 'compras_moybade@gmail.com'),
(49, 'FUNDACION SANTA INES UCAB', 'J-30614465-0', 'SRA. BETZABETH REQUENA', NULL, NULL, 'AV. TEHERAN, PARQUE SOCIAL PADRE MANUEL AGUIRRE, CENTRO DE SALUD SANTA INES, MONTALBAN', 'CARACAS', '0212-4074508/4715580', '0212-471-6923', '10', NULL, 'brequena@ucab.edu.ve'),
(50, 'LABORATORIO MULTICOLOR DIGITAL, C.A.', 'J-31452350-3', 'SR. PEDRO GUAL', NULL, NULL, 'CALLE LIBERTADOR NORTE, EDIF. CAMPO HERMOSO, PB, LOCAL Nº 03, SECTOR CTRO. LA VICTORIA, EDO. ARAGUA', 'CARACAS', '0244-3228415', NULL, '1', NULL, NULL),
(51, 'TEJAS MIRANDA, S.A.', 'J-310099995-3', 'LIC. FREDDY TORRES', NULL, NULL, 'CARRETERA SANTA TERESA/SANTA LUCIA, HACIENDA EL VOLCAN, STA. LUCIA, EDO. MIRANDA', 'MIRANDA', '0239-5005985/5986', '0239-5005985', '10', NULL, NULL),
(52, 'SISTEMA INTEGRAL DE TRANSPORTE SUPERFICIAL, S.A.', 'G-20007749-2', 'SR. HENRY GOMEZ', NULL, NULL, 'CARRETERA PETARE GUARENAS, EDIF. TERMINAL DE ORIENTE ANTONIO JOSE DE SUCRE, PISO 1', 'CARACAS', '0212-2426989', '0212-2426989', '10', NULL, NULL),
(53, 'PARLAMENTO LATINOAMERICANO', '', 'SR. EFRAIN CAMPOS', NULL, NULL, 'CARACAS', 'CARACAS', NULL, NULL, '1', NULL, NULL),
(54, 'LABORATORIO MULTICOLOR CAGUA, C.A.', 'J-30197041-1', 'SR. PEDRO WAL', NULL, NULL, 'C C Y P DON SIMON CALLE SAN JUAN C/INDEPEND. LOCALES 1 Y 2, CAGUA EDO. ARAGUA', 'CAGUA', '0244-3957977', '0244-3957977', '1', NULL, NULL),
(55, 'FONACIT', 'G-20007786-7', 'SR. PABLO MARQUEZ', NULL, NULL, 'AV. UNIVERSIDAD, ESQ. EL CHORRO, TORRE DEL MINISTERIO DE CIENCIA Y TECNOLOGIA, SOTANO 4', 'CARACAS', '0212-5054917', '5052677/2644', '1', NULL, NULL),
(56, 'UNIVERSIDAD CENTRAL DE VENEZUELA.', 'G-20000062-7', 'LIC. QUISQUEYA PLANAS', NULL, NULL, 'UNIDAD DE AUDITORIA INTERNA, EDIFICIO EL MUSEO, PISO 1', 'CARACAS', '0212-6054505/4506', '0212-6054502', '10', NULL, NULL),
(57, 'PICADIEDRA´S INSUMOS, C.A.', 'J-29430430-3', 'YANETH SALCEDO', NULL, NULL, 'CALLE 16 ENTRE 7MA. Y CARRERA 8 N- 7-30 EDF.LETICIA LOCAL 4', 'SAN CRISTOBAL', '0276-341.64.17', NULL, '1', NULL, NULL),
(58, 'DIGABAN PARTS, C.A.', 'J-31333591-6', 'SRA. ANTONIETA', NULL, NULL, 'AV. JOSÉ ANTONIO PAÉZ - ENTRE AV. LOIRA Y VALPARAISO - QTA. PAIOLO - P.B - EL PARAISO.', 'CARACAS', '0212-461.15.93/461.2', '0212-461.44.47', '10', NULL, 'digabanparts@gmail.com'),
(59, 'PARADA INTELIGENTE, C.A', 'J-306341838', 'SRTA. SANDY', NULL, NULL, 'CALLE GIRASOL, EDIFICIO INTANA, PISO 1, LOCAL 5, URB. PRADOS DEL ESTE', 'CARACAS', '0212-977-3020/5353', NULL, '10', NULL, NULL),
(60, 'ESTACIONAMIENTOS UNIDOS BBK, C.A.', 'J-31107800-2', 'SR. VISTOR AYALA', NULL, NULL, 'AV. FRANCISCO DE MIRANDA, UNICENTRO EL MARQUEZ, NIVEL SOTANO, OFICINA DE ESTACIONAMIENTO', 'CARACAS', '02129503500', '9503581', '10', NULL, NULL),
(61, 'SISTEMAS INTEGRALES DE SEGURIDAD GOMEZ, C.A.', 'J-29689128-1', 'MIRIAM ORTEGANO', NULL, NULL, 'AV. PPAL DEL BOSQUE C/AV. STA.LUCIA TORRE CREDICARD P.2 OFIC 24', 'CHACAITO', '0212-952.35.85', '0212-953.80.50', '9', NULL, 'sseguridadgomez@yahoo.es'),
(62, 'LABORATORIO MULTICOLOR LA VICTORIA, C.A.', 'J-306203389', 'SRA. MERCEDES', NULL, NULL, 'CENTRO COMERCIAL MORICHAL, LOCAL 40-G', 'LA VICTORIA', '0244-3224667', NULL, '1', NULL, NULL),
(63, 'FERRETERIA RANSA, C.A.', 'J-31360035-0', 'JUAN C. RANGEL', NULL, NULL, 'CARRERA 20, ENTRE CALLE 10 Y PASAJE ACUEDUCTO Nº 10-42A BARRIO OBRERO', 'SAN CRISTOBAL', '0276-356.1026', '0276-356.1026', '1', NULL, NULL),
(64, 'ALCALDIA DEL MUNICIPIO SAMUEL DARIO MALDONADO', 'G-20000397-9', NULL, NULL, NULL, 'AV. 1 DON PABLO FELIPE MENDEZ, LA TENDIDA, EDO. TACHIRA', 'CARACAS', '0275-8377015', NULL, '1', NULL, NULL),
(65, 'OLIVEROS CONTRERAS', 'V-3199074', NULL, NULL, NULL, 'CARRERA 6, Nº 7, ESTADO TACHIRA', 'LA FRIA', '04261469846', NULL, '10', NULL, NULL),
(66, 'INVERSIONES LIPUS, C.A.', 'J-30202794-2', 'SRA. SARA', NULL, NULL, 'CENTRO COMERCIAL STURIS, 1ER. PISO, LOCAL 3, LA CALIFORNIA SUR', 'CARACAS', NULL, '206-4806', '6', NULL, NULL),
(67, 'INVERSIONES CITY RED PUNTO KON, C.A.', 'J-31246605-7', 'SRA. ELENA DE PEREIRA', 375382806, NULL, 'CENTRO COMERCIAL PLAZA YARE, NIVEL TERRAZA, ESTADO MIRANDA', 'CARCAS', '0239-8085622', NULL, '6', NULL, NULL),
(68, 'EMBAJADA BRITANICA', '', 'SRA. ANDREINA LEON', NULL, NULL, 'CARACAS', 'CARACAS', '0212-2638411', '0212-2671275', '6', NULL, NULL),
(69, 'REPUESTOS JUNKO DIESEL CARACAS, C.A.', 'J-30924605-4', 'SRTA. ANGELICA RAMIREZ', NULL, NULL, 'CALLE 6 C/CALLE 1 CC INDUSTRIAL MELO, NIVEL P.B., LOCAL PB.5, URBANIZACION INDUSTRIAL LA YAGUARA', 'CARACAS', '0212-4273307/4498734', '0212-4438734', '10', 'analistacompras@junkodiesel.ne', NULL),
(70, 'INVERSIONES TOPAL, C.A.', 'J-00259299-0', 'SRA. CARMEN LEON', NULL, NULL, 'ENTRE AV. LIBERTADOR Y AV. FRANCISCO DE MIRANDA, CHACAO, TORRE KPMG, PISO 2, OFC. 2A', 'CARACAS', '0212-265.3413', '0212-265.3413', '10', NULL, NULL),
(71, 'HARNOLD ALMEIDA', 'V.16.083.835', 'SR. HARNOLD ALMEIDA', NULL, NULL, 'AV. SUR, ESQUINAS PIEDRA A PALMITA, RESIDENCIAS PALMITA, TORRE D, PISO 15, APTO. 15-D, SANTA ROSALIA', 'CARACAS', '0212-541-0029', NULL, '10', NULL, NULL),
(72, 'INVERSIONES HILAMACH 608, C.A.', 'J-00088811-6', NULL, NULL, NULL, 'CARRETERA PETARE - GUARENAS, KM 12', 'CARACAS', '0212-244-17-11', NULL, '10', NULL, NULL),
(73, 'FUNDACION PARQUE SOCIAL UCAB', 'J-29412786-0', 'Pedro Carrasco', NULL, 'FINAL AV. TEHERAN, PARQUE SOCIAL PADRE MANUEL AGUIRRE, CENTRO DE SALUD SANTA INES, MONTALBAN', 'CARACAS', 'CARACAS', '(0212)-978.38.64', '(0212)-407.45.08', '10', NULL, 'pcarrasco@ucab.edu.ve'),
(74, 'EDIFICIOS RESIDENCIALES, C.A.', 'J-00012168-0', NULL, NULL, NULL, 'ESQ. SOCIEDAD, EDF. AVILA PISO 4 OFIC. 46 CARACAS', 'CARACAS', '545.83.22 / 545.8654', NULL, '6', NULL, NULL),
(75, 'RUBEN MIQUELEN', '', NULL, NULL, NULL, 'CARACAS', 'CARACAS', NULL, NULL, '6', NULL, 'rubenmiquelena12@hotmail.com'),
(76, 'AVA SOLUCIONES INFORMATICAS, C.A.', 'J-40186901-7', 'SR. MARCO PEREIRA', NULL, NULL, 'AV. FRANCISCO SOLANO CON CALLE LOS JABILLOS, EDIF. TORRE TEPUY, PISO 2, OF. 2B, URB. EL RECREO', 'CARACAS', '0212-761.4129', '0212-761.1266', '10', NULL, NULL),
(77, 'LILIA QUINTERO', 'V-11975951', 'NIDIA GIL', NULL, NULL, 'URB. MESA ALTA CASA 183 LAS MESAS', 'EDO TACHIRA', '0416-8754538', NULL, '6', NULL, NULL),
(78, 'TECNO REPUESTOS, C.A.', 'J-00036062-6', NULL, NULL, NULL, 'AV. LEONARDO DA VINCI CENTRO COMERCIAL BELLO MONTE, LOCAL 1-B, COLINAS DE', 'CARACAS', '0212-7538835', '0212-7538835', '10', NULL, NULL),
(79, 'NOVELFIL, C.A.', 'J-00100360-6', 'SR. MASSIMO FERRIOLIO', NULL, NULL, 'AV. MOTATAN, QTA. SAN JORGE, COLINA DE BELLO MONTE', 'CARACAS', '0212-751229', NULL, '6', NULL, NULL),
(80, 'CONSORCIO DISTRIBUIDOR INTELIGENTE, C.A.', 'J-14787000-6', 'SRA. NERIA', NULL, NULL, 'AV. RIO DE ORO EDIF. HINTANA, PISO 3, URB. PRADOS DEL ESTE', 'CARACAS', '4158753 / 977-4783', NULL, '6', NULL, NULL),
(81, 'PANADERIA VILA FRANCA, C.A.', 'J-30148412-6', 'SR. PEPE', NULL, NULL, 'ESQ. PELAEZ A MUERTO, EDIF. PELAEZ, PB, LOCAL CC, URB. SANTA ROSALIA', 'CARACAS', '0212-5423280', NULL, '10', NULL, NULL),
(82, 'MARBEL PAPER DE VENEZUELA, C.A.', 'J-31030489-0', 'SR. CARLOS', 290423066, NULL, 'CALLE CHILE C/MARIA TERESA TORO, A MEDIA CUADRA AV. VICTORIA, EDIF. KUSTOS, LAS ACACIAS', 'CARACAS', '0212-632-8098', '632-8770', '6', NULL, 'marbelpaper@cantv.net'),
(83, 'KUEHNE + NAGEL, S.A.', 'J-00078260-1', 'SRTA. VIRGINIA DURAN', 664483711, NULL, 'CENTRO SEGUROS SUD AMERICA, PISO 6, OFC. F-G-H, AV. FRANCISCO DE MIRANDA', 'CARACAS', '0212-9515090', '9510323', '6', NULL, 'kn.venezuela@kuehne-nagel.com'),
(84, 'JEANETTE ASCENCIÓN', 'V-3.729.005', NULL, NULL, NULL, 'RECTORADO, CIUDAD UNIVERSITARIA, LOS CHAGUARAMOS', 'CARACAS', '0212-6055926', NULL, '10', NULL, NULL),
(85, 'PROYECTOS CIGAL 2021, C.A.', '29399462-4', 'VICENTE VALIANTE', NULL, NULL, 'CALLE MONTALBAN, CENTRO COM USLAR, NIVEL 5 LOCAL 51. URB MONTALBAN', 'CARACAS', NULL, NULL, '6', NULL, NULL),
(86, 'ESCUELA DE SOCIOLOGIA-FACES-UCV', 'G-30000062', NULL, NULL, NULL, 'CIUDAD UNIVERSITARIA, LOS CHAGUARAMOS', 'CARACAS', '0212-6050708', '0212-6050708', '10', NULL, NULL),
(87, 'INSTITUTO DE PREVENCION SOCIAL PARA EL CICPC', 'G-200036672', 'SR. LUIS LOPEZ', NULL, NULL, '*AV. FERMIN TORO SEC. LAS PALMAS EDIF. ETA SAN BERNARDINO', 'CARACAS', '0212-5529721', NULL, '10', NULL, NULL),
(88, 'INVERSIONES CARGAE 67, C.A.', 'J-31456981-3', 'SR. CORDOVA', NULL, NULL, 'SECTOR UD3, EDIF. Nº 09, ENTRADA A, PB, LOCAL Nº 05 CARICUAO', 'CARACAS', '0212-4343316', '0212-2716485', '6', NULL, NULL),
(89, 'TECNOSERVICIOS LA QUINTA, C.A.', 'J-29355155-2', 'SRTA. YANEIRA', NULL, NULL, 'CARRETERA EL JUNQUITO, KM 10 P.B., GALPON S/N, EL JUNQUITO', 'CARACAS', '0212-4222606/3162', NULL, '10', NULL, NULL),
(90, 'MULTISERVICIOS GONCALVEZ ROCHA, C.A.', 'J-29969373-1', 'SR, JORGE', NULL, NULL, 'AV. SUR, ENTRE LA ESQUINA MUERTO Y VIENTO, LOCAL 114, PARROQUIA SANTA ROSALIA', 'CARACAS', '0212-415.5127', NULL, '10', NULL, NULL),
(91, 'M&M META SOLUTIONS, C.A.', 'J-31020112-9', 'LUIS LOPEZ', 286553206, NULL, 'AV. LIBERTADOR C/C PARAISO, EDIF. SICLAR PISO 2 OFIC. 25 SABANA GRANDE', 'CARACAS', '7147560 /04166344902', '7628055', '5', NULL, NULL),
(92, 'CORPORACION FUSER ROLLER, C.A.', 'J-313099651', 'SRA. MARIANA DELGADO', NULL, NULL, 'AV. INTERCOMUNAL DE ANTIMANO C/CALLE 3 DE LA YAGUARA, EDIF INDUST. PASSARO, P.B., OFIC 03, ANTIMANO', 'CARACAS', '0212. 4431434/1008', NULL, '10', NULL, NULL),
(93, 'INVERSIONES SPD 21, C.A.', 'J-29387938-8', 'MA. EUGENIA PASOS', NULL, NULL, 'AV. NEVERI C.C. LOS CHAGUARAMOS PISO 11 OFIC. 11-4', 'CARACAS', '0416-611.89.38', NULL, '6', NULL, NULL),
(94, 'A.C. CLINICA DISPENSARIO PADRE MACHADO', 'J-30750625-3', 'YULBILL INOJOSA', NULL, NULL, 'AV. TEHERAN, URB. MONTALBAN, LA VEGA', 'CARACAS', '0212-442-9030', NULL, '10', NULL, 'yubillinojosa@hotmail.com'),
(95, 'MANUEL DIAZ', 'V-14.042.677', 'SR. MANUEL DIAZ', NULL, NULL, 'URB. SANTA INES, SAN CRISTOBAL, EDO. TACHIRA', 'SAN CRISTOBAL', '0414-7042600', NULL, '10', NULL, NULL),
(96, 'VIVERES EL PICHON', 'V-13490647-9', 'HENDER GALVIS', NULL, NULL, 'CALLE 7 C/CARRERA 0 FTE. COLEGIO MONSEÑOR SIXTO SOSA', 'LA FRIA - EDO. TACHIRA', '0277-541.19.31', NULL, '10', NULL, NULL),
(97, 'SUFARCA', 'J-00319809-9', NULL, NULL, NULL, 'AV. FINAL DE SAN MARTIN, CALLEJON LUGO QTA. STA. EDUBIGIS Nº 0404 LA QUEBRADITA', 'CARACAS', NULL, NULL, '6', NULL, NULL),
(98, 'YOLANDA VISO', 'V-6.976.231', 'YOLANDA VISO', NULL, NULL, 'AV. RIO DE ORO, CALLE GIRASOL, EDIF. INTANA, PISO 3, URB. PRADOS DEL ESTE', 'CARACAS', '0212-944-7116', NULL, '10', NULL, NULL),
(99, 'RUBIPLAS IMPORT, C.A.', 'J-00370227-7', 'JEAN ROMERO', NULL, NULL, 'URB. CLORIS, AV. PRINCIPAL PARCELAS 39 Y 40 GUARENAS', 'MIRANDA', '0212-952.76.66', '0212-952.74.30', '10', NULL, NULL),
(100, 'YOGUR FIT, C.A.', 'J-29916592-1', 'VICTOR AYALA', NULL, NULL, 'AV. LECUNA ESQ VELASQUEZ A MISERIA EDIF TORRE PROFESIONAL DEL CENTRO P 4 OFC 407-408 SANTA TERESA', 'CARACAS', '0212-950.3578', NULL, '10', NULL, NULL),
(101, 'MAXIFERRE, C.A.', 'J-30407520-0', 'SRTA. DIANIRA', NULL, NULL, 'AV. PRINCIPAL DE ANTIMANO CON AV. PRINC. DEL ALGODONAL, CARAPA', 'CARACAS', '0212-4727046', '0212-4724632', '10', NULL, NULL),
(102, 'GRUPO BCD PRODUCTOS, C.A.', 'J-29359814-1', 'SRA. MARITZA BERIMBAU', NULL, NULL, 'KM 20 C.C. SCARIO NIVEL S-N, LOCAL 1 Y 2, URB. MONTE GRAPA EL JUNQUITO', 'CARACAS', '0212-412-1839/1780', '9432367', '3', NULL, NULL),
(103, 'DIAG KIT, C.A.', 'J-30755992-6', 'SRA. CRISTINA', NULL, NULL, 'CALLE GIRADOR, C/C ALAS, LOCAL 79-B, SECTOR BARRIO LOURDES', 'MARACAY, EDO. ARAGUA', '0212-9750315', NULL, '10', NULL, NULL),
(104, 'UNIDAD EDUCATIVA JOSE HELIMENA BARRIOS', '', 'SRTA. NAILA LUGO', NULL, NULL, 'URBANIZACION LA FUNDACION, AVENIDA PRINCIPAL HENRY PITIER, CAGUA, EDO. ARAGUA', 'CAGUA', '02443958223', '04127014128', '10', NULL, NULL),
(105, 'EL RANCHO TRANQUILINO, C,.A.', 'J-00067200-8', 'SRTA. ESTHER SABCHEZ', NULL, NULL, 'AV. LEONARDO DA VINCI. EDF. GIRASOL. P.B. COLINAS DE BELLO MONTE.', 'CARACAS', '0212.753.13.73', '0212.753.13.73', '10', 'silvia.pinto@lhs.com.ve', NULL),
(106, 'CRUZSALUD, C.A.', 'J-31231981-0', 'SR. ALBERTO MILLAN', NULL, NULL, 'AV. VENEZUELA C/C MOHEDANO, TORRE BOD P. 7 EL ROSAL', 'CARACAS', '0212-9054611', '9514266', '12', NULL, NULL),
(107, 'ALIMENTOS LA GIRALDA, C.A.', 'J-00162686-7', 'SRA. FRANCIS MATO', NULL, NULL, 'CTRA. NAC.CAGUA LA VILLA,EDF.PLTA. PROD. P/1,OF.ADMIN. Z/IND.OESTE, CAGUA, EDO. ARAGUA, ZP 2122', 'CAGUA', '0244-417.4374/4227', '0244.3958766', '1', 'agente de retencion', NULL),
(108, 'LIBRERIA SAVE, C.A.', 'J-000000000', 'SR. FRANCISCO HURTADO', NULL, NULL, 'MATURIN A STA BARBARA EDF. SAVE Nº 39', 'CARACAS', '0212-860.43.40', '0212-860.19.86', '10', NULL, NULL),
(109, 'DISTRIBUIDORA Y ALMACENADORA DIALCA, C.A.', 'J-00165549-2', 'MILAGROS OSPINO', NULL, NULL, 'CALLE REAL DE CHAPELLIN, EDF. BEHRENS, LA FLORIDA.', 'CARACAS', '0212-3628540/3627437', '0212-3628666', '3', NULL, NULL),
(110, 'FULLER INTERAMERICANA, C.A.', 'J-00041735-0', 'SRTA. HARDY RAMOS', 50106594, NULL, 'AV. LAS ACACIAS, EDIF. ATLANTIDA, PISO 2, OF 2-1, URB. SABANA GRANDE', 'CARACAS', '0212-7822222', '0212-7934898', '13', NULL, NULL),
(111, 'LABORATORIO BEHRENS, C.A.', 'J-00003407-9', 'SR. LAURENCE IBARRAS', NULL, NULL, 'CALLE REAL DE CHAPELLIN, EDIF. BEHRENS, LA FLORIDA', 'CARACAS', '0212-703.8239/8250', '0212-731.5207', '10', NULL, 'imatos@labbehrens.com'),
(112, 'INDUSTRIAS CORAMODIO, C.A.', 'J-00300166-0', 'LIC. EDUARDO CORREA', NULL, NULL, 'CALLE 8, SECTOR SUR, EDIF. RODAMO, LA URBINA.', 'CARACAS', '0212-243.5854 EXT107', '0212-243.7117', '1', NULL, NULL),
(113, 'INST. UNIV. DE TECN. DR. FEDERICO RIVERO PALACIOS', 'G-200000732', 'SRTA. ROSBELI', NULL, NULL, 'CARRETERA PANAMERICANA, KM 8, DIRECCION LOS TEQUES', 'CARACAS', '0212-6812467', '0212-6812467', '10', NULL, NULL),
(114, 'FOSFORERA SURAMERICANA, C.A.', 'J-00069936-4', 'SRTA. YARITZA CASTILLO', NULL, NULL, 'CTRA. SAN PEDRO DE LOS ALTOS, KM. 3, EDF. S/E PISO P.B., LOCAL P.B.,', 'URB. INDUSTRIAL SAN IGNACIO', '0212-715.5519/5529', '2632495', '1', NULL, NULL),
(115, 'REPRESENTACIONES NO HAGAS DIETA OLALDE, C.A.', 'J-30219819-4', 'SR. JORGE AGUILAR', NULL, NULL, 'CALLE DEL ARENAL, EDIF. ADAPTOGENO INTERNACIONALES, PISO 3, OF. 3-09, ZONA IND. LA TRINIDAD', 'CARACAS', '0212-6407126', '0212-6407126', '1', NULL, NULL),
(116, 'RENA WARE DISTRIBUTORS, S.R.L.', 'J-00045065-0', 'LENNYS PEÑALVER', NULL, NULL, 'AV. ANDRES GALARRAGA, EDIF. FRANCA, PISO 1-2, OF N/A CHACAO', 'CARACAS', '0212-263-7510/2510', '0212-2632070', '1', NULL, NULL),
(117, 'SEGUROS CANARIAS, C.A.', 'J-30067374-0', 'MIRIAM CARPIO', NULL, NULL, 'CALLE PANAMA ENTRE AV. LIBERTADOR Y CALLE QUITO, TORRE FINANCIERA DE SEGUROS, LOS CAOBOS.', 'CARACAS', '0212-7093981', '0212-7093916', '1', NULL, NULL),
(118, 'SIM MEDICA, C.A.', 'J-29390335-1', 'MARIA EUGENIA BAIZ BASTIDAS', NULL, NULL, 'AV. RIO CAURA, EDIF.CENTRO EMPRES.TORRE HUMBOLDT, PISO 12, OF12-14, URB. CENTRO RESIDENCIAL PARQUE H', 'CARACAS', '0212-9450200', '0212-945.0200', '10', NULL, NULL),
(119, 'CIENCIA, TECNOLOGIA E INDUSTRIALES INTERMEDIAS', 'G-20005439-5', 'SR. DOUGLAS PEDRIQUE', NULL, NULL, 'CARRETERA NACIONAL HOYO DE LA PUERTA, BARUTA, VALLE DE SARTENEJAS, EDIF, CYMA', 'CARACAS', '0212-903-5038/5080', '0212-903-5021', '10', NULL, NULL),
(120, 'GRUPO LAMDA, C.A.', 'J-00181775-1', 'SR. MICHELLE CALDERA', NULL, NULL, 'LOS DOS CAMINOS, AV. SUCRE, CONJUNTO PARQUE BOYACA, TORRE CENTRO, PISO 14, OFC. 144, CARACAS', 'CARACAS', '0212-2859336/5585', '0212-2837167', '10', NULL, NULL),
(121, 'GAESCA, GASAS ESTERILIZADAS, C.A.', 'J-00267650-7', 'SRTA. ALEIDA ECHANDIA', NULL, '', 'AV. FRANCISCO DE MIRANDA, TORRE TFC, PISO 10 Y 11, URB. LA CASTELLANA', 'CARACAS', '(0212)-552.76.67', '(0212)-550.52.87', '1', NULL, 'aechandia@gaesca.com'),
(122, 'FULLER MANTENIMIENTO, C.A.', 'J-00047643-8', 'SRTA. HAIDY RAMOS', NULL, NULL, 'AV. LAS ACACIAS, EDIF. ATLANTIDA, OF. PB3, SABANA GRANDE', 'CARACAS', '731-7111', '7306143', '1', 'agente de retencion', NULL),
(123, 'DISTRIBUIDORA A.Z. OFFICORP, C.A.', 'J-30961250-6', 'SR. ARGENIS', NULL, NULL, 'CALLE EL ROSARIO, CASA N~ 21, LIDICE.', 'CARACAS, DTTO. CAPITAL ZP 1030', '0212-860.6831', NULL, '1', NULL, NULL),
(124, 'UCV - DIV. DE AMBIENTE, SALUD Y TRABAJO', 'G-20000062-7', 'DR. FLORES', NULL, NULL, 'LOS CHAGUARAMOS', 'CARACAS', '605-3941', '605-3941', '1', NULL, NULL),
(125, 'LABORATORIOS DAI, C.A.', 'J-30503069-3', 'SRTA. FRANCIS DELFORT', NULL, NULL, 'CALLE BOLIVAR, EDIF. FRANGIU, P.B. LOCAL A LA TRINIDAD, CARACAS', 'CARACAS', '0212-945-0200', '0212-945-0288', '10', NULL, NULL),
(126, 'LVI CORPORATION, C.A.', 'J-00321503-1', 'SR. CARIN CASTRO', NULL, NULL, 'SECTOR SUR, CALLE 9, EDIF. LUMA, PISO 3, URB.LA URBINA', 'CARACAS', '0212-2420634/1511', '0212-2420634', '10', NULL, 'carolina@isys.ciens.ucv.ve'),
(127, 'LINEA DE TAXI PRDOS DEL ESTE A.C.', 'J-30711005-8', NULL, NULL, NULL, 'CALLE EL COMERCIO C/C EL COMERCIO, KIOSKO S/N, URB. PRADOS DEL ESTE', 'CARACAS', '0212-9780580', '202.65.10', '10', NULL, NULL),
(128, 'MAPFRE LA SEGURIDAD, C.A.', 'J-00021410-7', 'SRA, JULIA GARCIA', NULL, NULL, 'AV. PPAL DE LOS CORTIJOS DE LOURDES, EDF. MAPLOCA II, P.B.', 'CARACAS', '0212-213.8000/8272', '0212-2138290', '1', NULL, NULL),
(129, 'INVERSIONES DOMIFRA, C.A.', 'J-00183594-6', 'MARSY SALINAS', NULL, NULL, 'AV. INTERC. DE ANTIMANO, ENTRE C/ 3 Y AV. PRINC. ALGODONAL, EDIF. IND. PASARO, OFIC. 4-A, LA YAGUARA', 'CARACAS', '0212-4729071/4227', '4723604', '8', NULL, NULL),
(130, 'CONSTRUCCIONES ENTREVIAS, C.A.', 'J-31162221-7', 'SRTA. ANA KARINA PETUZ', NULL, NULL, 'AV. LEONARDO DA VINCI AV. PRINCIPAL, C.C. BELLO MONTE, PISO 6, OFC. 6-J, CARACAS', 'CARACAS', '0212-753-0612/9136', '0212-753-9136', '10', NULL, NULL),
(131, 'REPRESENTACIONES ELIAS DOS', 'J-31127995-4', 'SRA. ELISA / MANUEL', NULL, NULL, 'CALLE ESTE 16, ENTRE PELAEZ Y REGENERACIÓN, EDIF. PELAEZ, P.B. LOCAL 86, PARROQUIA SANTA ROSALIA', 'CARACAS', '0212-5421795', NULL, '10', NULL, NULL),
(132, 'REPRESENTACIONES DE LABORATORIOS WEISS, C.A.', 'J-00079097-8', 'SRA. MARITZA LONGAR', NULL, NULL, 'AV. JOSE FELIX RIVAS, EDIF. WEIJAK, P.B. URB. SAN BERNARDINO', 'CARACAS', '0212-5524189', '552-4789', '10', NULL, NULL),
(133, 'SERVICIOS LOGISTICOS OLN, C.A.', 'J-29390333-5', 'SRA. MAOLY PALACIOS', NULL, NULL, 'AV.PPAL.LOS GUAYABITOS, EDIF. CONJUNTO INDUST. PIEDRA AZUL, PB. APTO. 1, SECTOR OJO DE AGUA, BARUTA', 'CARACAS', '0212-944.0773', NULL, '10', NULL, NULL),
(134, 'UCV - RECTORADO', 'G-20000062-7', 'SRA. INDIRA RODRIGUEZ', NULL, NULL, 'CIUDAD UNIVERSITARIA, EDIF. RECTORADO UCV, LOS CHAGUARAMOS.', 'CARACAS', '0212-605.3948', '0212-605.3939', '1', NULL, NULL),
(135, 'DECORACIONES VIDRIO SCREEM, C.A.', 'J-31499864-1', 'SR, DANIEL YAURY', NULL, NULL, 'ESQUINA DE HORCONES A VALDEZ, Nº 6, SAN AGUSTIN DEL NORTE', 'CARACAS', '0212-572.2817', NULL, '10', NULL, NULL),
(136, 'LUISA LEIVA', 'V-5.896.038', 'SRA. LUISA LEIVA', NULL, NULL, 'AV. JOSE FELIX RIVAS, EDIF. WEIJAK, P.B. URB. SAN BERNARDINO', 'CARACAS', '0212-5524789', '0212-7070266', '10', NULL, NULL),
(137, 'MOBIL CHIC, S.R.L.', 'J-00172495-8', 'SRTA. ABIUD YOS', NULL, NULL, 'AV. ALFREDO JAHN, QTA. BUCHITA, URB. LOS PALOS GRANDES', 'CARACAS', '0212-2849563/2862694', '0212-2862694', '1', NULL, NULL),
(138, 'INSTITUTO DEL PATRIMONIO CULTURAL', 'G-20007162-1', 'SRA. CECILIA MARTINEZ', NULL, NULL, 'AV. PRINCIPAL DE CAÑO AMARILLO, VILLA INES, FRENTE A LA ADUANA', 'CARACAS', '4829460/5337/4317', '0212-482.4480', '6', NULL, NULL),
(139, 'QUALITY METAL, C.A.', 'J-31384174-9', 'SRTA. DENNYS BRITO', NULL, NULL, 'ZONA INDUSTRIAL DE LA CALIFORNIA SUR, EDIF. QUALITY METAL, P.B., L-2', 'CARACAS', '0212-257.19.42', '0212-4097230', '10', NULL, NULL),
(140, 'ASOC. CIVIL LINEA UNION LA FRIA', 'J-09029437-6', 'SR, CHARLY GALVIS', NULL, NULL, 'CALLE 2 OFICINA PRINCIPAL, LA FRIA EDO. TACHIRA', 'CARACAS', '0414-7121320', NULL, '10', NULL, NULL),
(141, 'ALIMENTOS LATINA, C.A.', 'J-30152993-6', 'SRA. YUDITH ZANELLA', 66735036, NULL, 'AV. PRINCIPAL LOS CORTIJOS DE LOURDES, EDIF. INLACA', 'CARACAS', '0212-239.2163', '0212-239-2610', '1', NULL, 'yudithzanella@alimentoslatina.'),
(142, 'R & G CONSUMIBLES, C.A.', 'J-40254667-0', 'SRA. NIDIA GIL', NULL, NULL, 'CALLE ESTE 16, ESQ. SORDO A PELAEZ, EDIF. SANTA FELICIA, P.B., APTO. 1, URB. SANTA ROSALIA', 'CARACAS', '0212-5456529', '02125424137', '10', NULL, 'r&gconsumibles@gmail.com'),
(143, 'ALCALDIA DEL MUNICIPIO PANAMERICANO ', 'G-20000908-0', 'SR. HENRY GOMEZ', NULL, NULL, 'CALLE 5 C/CARRERA 6 COLONCITO', 'EDO. TACHIRA', '0416-9710018', '0277-546.52.30', '8', 'no agente de retencion', 'jhegom@hotmail.com'),
(144, 'VENTEC VENEZOLANA DE TECNOLOGIA 21, C.A.', 'J-29431456-2', NULL, NULL, NULL, '3RA. TRANVERSAL LOS RUICES, EDIF. SEGRE, P.B., LOCAL NORTE', 'CARACAS', '0212-400.9600', NULL, '10', NULL, NULL),
(145, 'DIVISION DE HIGIENE Y SEGURIDAD.', 'G-20000062-7', 'LIC. LUISA ENTRENAS', NULL, NULL, 'EDF. RECTORADO UCV- CIUDAD UNIVERSITARIA.', 'CARACAS', '0212-605.39.48', '0212-605.39.39', '3', NULL, NULL),
(146, 'UNIVERSIDAD CENTRAL DE VENEZUELA:', 'G-20000062-7', 'LIC. ANNABEL D'' LEON', NULL, NULL, 'CENTRO PARA LA PAZ Y LO DERECHOS HUMANOS, CIUDAD UNIVERSITARIA, EDIF. BIBLIOTECA CENTRAL, PISO 5.', 'CARACAS', '0212-605.3916/4940', '6054026', '3', NULL, NULL),
(147, 'SENIAT', 'G-20000303-0', NULL, NULL, NULL, 'TORRE CAPRILES, PISO 15, CENTRO DE ESTUDIOS FISCALES, PLAZA VENEZUELA.', 'CARACAS', '0212-709.45.09', NULL, '3', NULL, NULL),
(148, 'MINISTERIO DE RELACIONES EXTERIORES', 'G-20000002-3', 'JOSE A. PINTO', NULL, NULL, 'AV. URDANETA PTE. CARMELITAS', 'CARACAS', '0212-806.46.24', '0212.806.46.20', '1', NULL, NULL),
(149, 'LAURENCE IBARRA', 'V-7.661.175', 'SR. LAURENCE IBARRA', NULL, NULL, 'CALLE REAL DE CHAPELLIN, EDIF. BEHERENS, LA FORIDA, CARACAS', 'CARACAS', '703.8239', NULL, '1', NULL, NULL),
(150, 'SENCAMER', 'G-200001596-9', 'SRA. REINA SEGOVIA', NULL, NULL, 'AV. LIBERTADOR, CENTRO COMERCIAL LOS CEDROS, PH, CARACAS', 'CARACAS', '703-2015', '703-2055', '3', NULL, 'reina.segovia@sencamer.gob.ve'),
(151, 'FULLER TERMINEX, C.A.', 'J-00047643-8', 'SRTA. FANNY SANDOVAL', NULL, NULL, 'CALLE ARENAL, EDIF. FULLER, CHAPELLIN, CARACAS', 'CARACAS', '7822845', '7822634', '3', NULL, NULL),
(152, 'MINISTERIO DEL PODER POPULAR PARA LA ALIMENTACION', 'G-20004327-0', 'SRA. NORKA GONZALEZ', NULL, NULL, 'AV. FUERZAS ARMADAS, ESQ. SOCARRAS EDIF. CVA (ANTIGUO SEGUROS ORINOCO), PISO 11', 'CARACAS', '564.2353/', '564.5275', '3', NULL, NULL),
(153, 'UNIVERSIDAD CENTRAL DE VENEZUELA*', 'G-20000062-7', 'SRTA. MAYALITH PATINES', NULL, NULL, 'FACULTAD DE CIENCIAS ECONOMICAS Y SOCIALES CIUDAD UNIVERSITARIA, URB. LOS CHAGUARAMOS', 'CARACAS', '0212-6052512/2666', '0212-6052512', '10', NULL, 'contratacionesface@gmail.com'),
(154, 'DIRECCION EJECUTIVA DE LA MAGISTRATURA', 'G-000000000', 'SRA. JENNY PEÑA', NULL, NULL, 'CARACAS', 'CARACAS', '482-8264', '4818972', '2', NULL, NULL),
(155, 'UNEXPO VICE-RECTORADO LUIS CABALLERO MEJIAS', 'G-20000167-4', 'SRTA. BELEN', NULL, NULL, 'KM 1, CARRETERA EL JUNQUITO, LA YAGUARA', 'CARACAS, D.F.', '0212-4715656 EXT.222', '0212-4715656', '10', NULL, NULL),
(156, 'SERVICIO AUTONOMO DE ELABORACIONES FARMACEUTICAS', 'G-20000619-6', 'MARIA VIELMA / NEIL COLMENARES', NULL, NULL, 'KM. 0, CARRETERA VIEJA, LOS TEQUES, EDO. MIRANDA', 'CARACAS', '433-6028', '4340375', '5', NULL, 'sefarcompras@yahoo.com'),
(157, 'SERVICIO TEC RICO-PRINT, C.A.', 'J-301726502', 'SR. HECTOR BORGES', NULL, NULL, 'AVENIDA ESTE DIECISEIS, ESQ. SORDO A PELAEZ, RES. REGOMISA, P.B., LOCAL B. SANTA ROSALIA', 'CARACAS', '0412-7336078', NULL, '10', NULL, NULL),
(158, 'HOSPITAL CARDIOLOG INFANTIL DR. GILBERTO RODRIGUEZ', 'G-20006828-0', 'SRTA. KATIUSKA QUINTERO', NULL, NULL, 'URB. MONTALBAN, FINAL AV. TEHERAN', 'CARACAS', '407-5192', '407-5196', '2', NULL, NULL),
(159, 'SANTA BARBARA AIRLINES, C.A.', 'J-0000', 'SRTA. TERESA FILGUEIRA', NULL, NULL, 'CALLE 3-B, EDIF. TOKAY, PISO 1, URB. LA URBINA', 'CARACAS', '0212-2044480', '0212-2044454', '10', NULL, NULL),
(160, 'TOPFLIGHT DE VENEZUELA, C.A.', 'J-00486040-2', 'SRA. YOHANA RAPONI', NULL, NULL, 'AV. LUIS CAMOES, C/CALLE EL ARENAL, EDIF. TOVENCA, ZONA IND. LA TRINIDAD', 'CARACAS', '0212-9414711', '0212-9457231', '1', NULL, NULL),
(161, 'LUIS RODRIGUEZ', 'V-4.443.989', NULL, NULL, NULL, 'AVENIDA LECUNA, EDIF. IMPERIAL, TORRE B, PISO 3, APTO. 33', 'CARACAS', '0212-5417785', NULL, '10', NULL, NULL),
(162, 'DIVISION DE AMBIENTE, SALUD Y TRABAJO', 'G-20000062-7', 'DR. FELIX A. FLORES M.', NULL, NULL, 'UCV- RECTORADO', 'CARACAS', '6053941', '6053941', '1', NULL, NULL),
(163, 'COLEGIO UNIVERSITARIO DE CARACAS', '', 'CESAR DAVID GOMEZ', NULL, NULL, 'AVENIDA LIBERTADOR,', 'CARACAS', '2086419/0416-6240819', '2086419', '5', NULL, NULL),
(164, 'MINISTERIO DE ENERGIA Y PETROLEO', '', 'YRAYALI HIDALGO', NULL, NULL, 'URB. LA CAMPIÑA,AV. LIBERTADOR TORRE OESTE PISO 11', 'CARACAS', '708.87.32', '708.75.66', '3', NULL, 'rfranco@menpet.gob.ve'),
(165, 'MINISTERIO DEL AMBIENTE Y DE LOS RECURSO NATURALES', 'G-20000015-5', 'LIC. INDIRA TORTOLEDO', NULL, NULL, 'AV. OESTE 8, URB. EL SILENCIO, CENTRO SIMON BOLIVAR TORRE SUR, PISO 21, CARACAS, 1010', 'CARACAS', '273.28.03/273.28.02', '273.28.04', '3', NULL, NULL),
(166, 'PERFILES EN FRIO PERFRICA, C.A.', 'J-00112120-0', 'SRA. JOSEFINA CARRERO', NULL, NULL, 'AV. INTERCAMUNAL GUARENAS, GUATIRE, CC BUENAVENTURA, NIVEL P-1', 'EDO. MIRANDA', '0239-2181013', '0239-2181955', '10', NULL, NULL),
(167, 'TRIBUNAL SUPREMO DE JUSTICIA', 'G-20000030-9', 'LORENA GUZMAN', NULL, NULL, 'FINAL AV. BARALT - ESQ. DE PILITAS EDF. TRIBUNAL SUPREMO DE JUSTICIA', 'CARACAS', '801.91.48 / 33/ 72', '564.9526', '3', NULL, NULL),
(168, 'MINISTERIO DE LA CULTURA FUNDACION IMPRENTA', '', NULL, NULL, NULL, 'CAÑO AMARILLO', 'CARACAS', NULL, NULL, '3', NULL, NULL),
(169, 'FUNDA PATRIMONIO', 'J-00364685-7', 'KEYLA PEÑA', NULL, NULL, 'GRADILLAS A SOCIEDAD, EDF. JOSE MENDOZZA, PISO 5', 'CARACAS', '0212-5459244', '0212-5458863', '3', NULL, NULL),
(170, 'FUNDAPROAL', 'G-20004756-9', 'SRTA. JESSICA ROJAS', 425537512, NULL, 'AV. UNIVERSIDAD, TORRE PARQUE CARABOBO, PISO 11, TORRE A, OFC. 11-08', 'CARACAS', '0212-575-0634', '5750634', '1', NULL, 'jyrojas1975@hotmail.com'),
(171, 'INSTITUTO GEOGRÀFICO DE VENEZUELA SIMON BOLIVAR', 'G-20003189-1', 'SRTA. YADIRA HERNANDEZ', 269782030, NULL, 'CALLE CAMEJO A COLON, EDF.CAMEJO, P.2 COORD.TECNICA FINANCIERA-DPTO.COMPRAS', 'CARACAS', '543.13.43', '546-1264/1344', '10', NULL, 'yhernandez@igvsb.go.ve'),
(172, 'INSTITUTO NACIONAL DE PARQUES', '', NULL, NULL, NULL, 'CARACAS', 'CARACAS', '273-2802', '2732804', '3', NULL, NULL),
(173, 'MINISTERIO DE INFRAESTRUCTURA', 'G-200000147', 'ALEXANDER BRITO - DIV. COMPRAS', NULL, NULL, 'AV. FCO. DE MIRANDA EDF. MINFRA PISO 16, CHACAO.', 'CARACAS', '201.40.43', '201.57.61 / 51', '3', NULL, NULL),
(174, 'FUNDACION IMPRENTA DE LA CULTURA', 'G-20007591-0', 'SR. VILORIA', 7814798, NULL, 'ZONA INDIUSTRIAL DEL ESTE MATURIN AV 3/B MANZ/H P1 GUARENAS', 'CARACAS', '0212-3651134', NULL, '10', NULL, NULL),
(175, 'INVERSIONES 843162, C.A.', 'J-31769007-9', 'SRA. MELBA CASTILLO', NULL, NULL, 'AV. PRINCIPAL EDIF. AEROPUERTO INTERNACIONAL SIMON BOLIVAR, P.B., LOCAL B-2, ENTRE EJES 21 Y 23', 'MAIQUETIA', '0414-221.2500', NULL, '10', NULL, NULL),
(176, 'INSTITUTO NACIONAL DE PARQUES', '', 'MARILINA APONTE-BIENES Y SERV.', NULL, NULL, 'CARACAS', 'CARACAS', NULL, NULL, '3', NULL, NULL),
(177, 'FONDO DESARROLLO METROLOGICO', 'J-00173646-8', 'EDUARDO VELASCO', NULL, NULL, 'AV. LIBERTADOR CC LOS CEDROS PISO 3, LA FLORIDA', 'CARACAS', '0212-731.58.19', '703.2001', '5', NULL, 'eduardo.velasco@sencamer.gb.ve'),
(178, 'INMOBILIARIA EL CORCEL, C.A.', 'J-29362954-3', 'SR. VICTOR AYALA', NULL, NULL, 'CALLE EL PELIGRO A PUENTE REPUBLICA, EDIF. INDUSTRIA, PISO 4, OFIC. 4-B, LA CANDELARIA', 'CARACAS', '0212-9503500', '0212-9503581', '10', NULL, NULL),
(179, 'REPUESTOS GEARS PARTS, C.A.', 'J-30890820-7', 'SR. ALFREDO RIVERO', NULL, NULL, 'CALLE PRINCIPAL DE PUENTE HIERRO, EDIF. AMENGUAL, LOCAL 5', 'CARACAS', '5416711', '5420528', '1', NULL, NULL),
(180, 'INVERSIONES SORPE, C.A.', 'J-001063820', 'SRA. MERCEDES DIAZ', NULL, NULL, 'URB. EL MARQUEZ, CALLE MOSENSOL, EDIF. LOS ANDES P.B. LOCAL B, EL MARQUEZ', 'CARACAS', '978-2298', '978-2298', '1', NULL, NULL),
(181, 'PAODENIS OFICINA CONTABLE, C.A.', 'J-30644514-5', 'SRA. PAOLA MEDINA', NULL, NULL, 'ENTRE TABLITAS Y PALMITA STA. ROSALIA, RES. PALMITA, T B P6 APTO. B6B', 'CARACAS', '5432542', NULL, '1', NULL, NULL),
(182, 'INTROPLUS', 'J-31361162-0', 'SRTA. ELIVET ASMADT', 431670062, NULL, 'AV. UNIVERSIDAD, ESQ. MONROY, EDIF. ATAMAR, PISO 13, OFC. 132, LA CANDELARIA', 'CARACAS', '0212-577.4936 573068', NULL, '1', NULL, NULL),
(183, 'COLEGIO UNIV. PROF. LORENZO PEREZ RODRIGUEZ', 'G-20000544-4', 'TSU. IDANIA BLANCO', NULL, NULL, 'CALLE 8, EDIF. MERCURIO, LA URBINA PISO 3', 'CARACAS', '0212-242-4506/241773', '2424506', '6', NULL, NULL),
(184, 'NOEMY, C.A.', 'J-00050046-0', 'SRA. ALEJANDRA OMAÑA', NULL, NULL, 'CALLE 1C/CALLE 2,EDIF.GALPON LLANOS Y CONDE,PISO PB, LOCAL GALPON 1,LOCAL Nº4, SECTOR ZONA INDUSTR', 'CARACAS', '0212-4714538 EXT.239', '471-4538 EXT235', '6', NULL, NULL),
(185, 'ORGANIZACION DE BIENESTAR ESTUDIANTIL-OBE-UCV', 'G-20000062-0', NULL, NULL, NULL, 'UNIVERSIDAD CENTRAL DE VENEZUELA', 'CARACAS', '0212605-4729', NULL, '10', NULL, NULL),
(186, 'MATERIALES ELECTRICOS PELAEZ, C,A,', 'J-00208102-3', 'SR. RAMON GONZALEZ', 34612544, NULL, 'SORDO A GUAYABAL, EDIF. SAN RAFAEL LOCAL D, PARROQUIA SANTA ROSALIA', 'CARACAS', '542-2850/541/4565', NULL, '6', NULL, NULL),
(187, 'MAFECA 2000 OPERADORA, C.A.', 'J-30862494-2', 'SRA. MARIA EUGENIO BAIZ', NULL, NULL, 'FINAL CALLE VERACRUZ, EDIF. TORREON, PISO 9, OFC. 9A, LAS MERCEDES', 'CARACAS', '0212-991.5084', '0212-9915084', '9', NULL, NULL),
(188, 'MINISTERIO DEL PODER POPULAR PARA EL AMBIENTE', '', 'SRTA.NELLY VALERO', NULL, NULL, 'CARACAS', 'CARACAS', '4081239/1215/1214', '4081239', '5', NULL, NULL),
(189, 'INNOVANTIS TECHNOLOGIES DE VENEZUELA, C.A.', 'J-31072100-9', 'SRA. NIRALBETH ALVARADO', NULL, NULL, 'AV. RIO CAURA, TORRE HUMBOLDT, PISO 4, OFC. 4-9, URB. PRADOS DEL ESTE', 'CARACAS', '0212-9750355', '0212-9750082', '10', NULL, NULL),
(190, 'PRODUCTOS MOREVEN, C.A.', 'J-30739222-7', 'SR. EDGAR MORENO LUCERO', NULL, NULL, 'AV. MILAN EDIF. MEJOR, P-1 ALA B, LOS RUICES', 'CARACAS', '0212-2570944/1968/23', '0212-257-4455', '6', NULL, 'productosmoreven@yahoo.es'),
(191, 'FRANKLIN GONZALEZ', 'V-4.427.920', 'SR. FRANKLIN GONZALEZ', NULL, NULL, 'UCV ESTUDIOS INTERNACIONALES, EDIF. FACE, PISO 5', 'CARACAS', '0426-4306635', NULL, '10', NULL, NULL),
(192, 'INDUSTRIALIZACIONES FARALLON, S.A.', 'J-00085667-2', 'SRTA. CARMEN BRITO', NULL, NULL, 'CALLE PRINCIPAL SAN IGNACIO, QTA.NRO. S/N, ZONA INDUSTRIAL SAN IGNACIO, LA ESTANCIA ZONA POSTAL 1201', 'SAN IGNACIO', '0212-715.5519', '0212-3225512', '10', NULL, NULL),
(193, 'INSTITUTO DE LAS ARTES ESCENICAS Y MUSICALES', 'G-20005058-6', 'SRTA. MARIA FERNANDA FUENTES', NULL, NULL, 'AV. OESTE 6, PASAJE RIO APURE EL SILENCIO, CENTRO SIMON BOLIVAR, TORRE NORTE, PISO 16, OFC. 16-16', 'CARACAS', '4818897/3953961', '4817429', '5', NULL, 'iaem@gmail.com'),
(194, 'TIPOGRAFIA LITOGRAFIA CHIA, C.A.', '', 'OSWALDO BONALDE', NULL, NULL, 'GLORIETA A MADERERO, EDIF. AURA, LOCALES 4 Y 5', 'CARACAS', '4824273/7004', '4845722', '6', NULL, NULL),
(195, 'INSTITUTO DEL PATRIMONIO CULTURAL - CORO', 'G-20007162-1', 'CAROLINA TELMORAL', NULL, NULL, 'CALLE FALCON CON HERNANDEZ CASA Nº 123', 'CORO - EDO. FALCON', NULL, NULL, '1', NULL, NULL),
(196, 'INVERSIONES CARGAR 67, C.A.', 'J-31456981-3', NULL, NULL, NULL, 'CARACAS', 'CARACAS', NULL, NULL, '6', NULL, NULL),
(197, 'MINISTERIO DEL PODER POPULAR PARA LA INFRACTRUCTUR', '', 'SR. LUIS ESCALONA', NULL, NULL, 'EDO. VARGAS', 'GRAN CARACAS', '0412-7212930', NULL, '6', NULL, NULL),
(198, 'UCV FACULTAD DE HUMANIDADES', 'G-20000006-2', 'ROBERTO RODRÍGUEZ', NULL, NULL, 'CIUDAD UNIVERSITARIA, LOS CHAGUARAMOS', 'CARACAS', '0212-6052855', '0212-6052855', '10', NULL, NULL),
(199, 'PROG.RED DE PREVENC.EN EL AREA DE LAS DROGAS UCV', 'G-20000062-7', 'SRA. GLADIS', NULL, NULL, 'UCV LOS CHAGUARAMOS', 'CARACAS', '0212-6052913/6130056', '0212-6052914', '1', NULL, NULL),
(200, 'FUNDACION EDITORIAL EL PERRO Y LA RANA', 'G-200075414', 'SR. GILBERTO TABASQUE', NULL, NULL, 'AV. PANTEON, FORO LIBERTADOR, EDIF. GENERAL DE LA NACION URB. SANTA ROSA', 'CARACAS', '0212-8084492/4165', '0212564-1411', '6', NULL, 'gilbertotabasque@gmail.com'),
(201, 'DIRECCION ADMINIST. REGIONAL DEL ESTADO VARGAS', 'G-20008118-0', 'SR. JULIO RODRIGUEZ', NULL, NULL, 'CALLE LOS BAÑOS, EDIF. CENTRO CARIBE VARGAS, PISO 5, OFC. 5-3, MAIQUETIA, EDO. VARGAS', 'GRAN CARACAS', '0212-3311544', NULL, '10', NULL, 'insumos_rg@cantv.net'),
(202, 'ADMINISTRADORA VISPASORIN, C.A.', 'J-30752863-0', 'SR. VICTOR AYALA', NULL, NULL, 'AV. LA GUAIRITA, EDIF. LOS FRAILES, PISO 2, OFC. 201, CHUAO', 'CARACAS', '0212-9503500', '0212-9503581', '10', NULL, 'insumos_rg@cantv.net'),
(203, 'GUSTAVO POLEO Y ASOCIADOS, C.A.', 'J-00370041-0', 'SRA. BLANCA', NULL, NULL, 'CALLE LONDRES, ENTRE NUEVA JORK Y CARONI, EDIF. PLAZA C, PISO 1, OFC. 1-B LAS MERCEDES', 'CARACAS', '0212-9917212', NULL, '6', NULL, NULL),
(204, 'FUNDACION MUSEOS NACIONALES', 'G-20005432-8', 'SRA. RUHT SIBADA', NULL, NULL, 'AV. BOLIVAR, SAN AGUSTIN DEL NORTE, ZONA CULTURAL, PARQUE CENTRAL', 'CARACAS', '0212-577-7554/5092', '0212-577-1726', '10', NULL, NULL),
(205, 'UNIVERSIDAD CENTRAL DE VENEZUELA<', 'G-20000062-7', 'PROF. TWIGGY GUERRERO/MAYALITH', NULL, NULL, 'SECRETARIA ADMINITRATIVA, URB. LOS CHAGUARAMOS', 'CARACAS', '0212-605.4076', '.', '10', NULL, NULL),
(206, 'MINISTERIO DEL PODER POPULAR PARA LA CULTURA IMC', '', 'SR. SAUL RIVAS', NULL, NULL, 'AV. III CON CALLE B, MANZANA H, PARCELA Nº 1 ZONA IND. DEL ESTE, SECTOR MATURIN, GUARENAS', 'CARACAS', '0212-3651134/0238', '0212-3650106', '3', NULL, NULL),
(207, 'MINISTERIO D/PODER POP. P/LA AGRIC.Y TIERRAS INDER', '', NULL, NULL, NULL, 'CARACAS', 'CARACAS', NULL, NULL, '3', NULL, NULL),
(208, 'FUNDACION MISION SUCRE', 'G-20003871-3', NULL, NULL, NULL, 'AV. UNIVERSIDAD, ESQUINA EL CHORRO, TORRE MINISTERIAL, PISO 1', 'CARACAS', NULL, NULL, '10', NULL, NULL),
(209, 'NATURE´S SUNSHINE PRODUCTS DE VENEZUELA, C.A.', 'J-30099359-0', 'JOSE MARQUEZ', NULL, NULL, 'AV. FCO. SOLANO CON AV. PPAL. DEL BOSQUE, TORRE CREDICARD. PISO 11. CHACAÍTO', 'CARACAS', '0212-905.35.00', '0212-905.35.01', '5', 'josem@nspvz.com', NULL),
(210, 'PROCURADURIA GENERAL DE LA REPUBLICA', 'G-200001437', 'SRA. ALI TOVAR', NULL, NULL, 'SANTA MONICA - CARACAS', 'CARACAS', '0212-5973402', NULL, '10', NULL, NULL),
(211, 'OFI INVERSIONES, C.A.', '', 'SRA. IVONNE ESQUEDA', NULL, NULL, 'CAGUA, EDO. ARAGUA', 'CAGUA', '0212-3954716', '3954716', '5', NULL, NULL),
(212, 'SOLOCONFORT, C.A.', 'J-30768057-1', 'SR. SERGIO ZAMBRANO', NULL, NULL, '2DA. CALLE DE CATIA, Nº 42', 'CARACAS', '8701642', NULL, '10', NULL, NULL),
(213, 'SERCOMBAN', 'J-30119575-2', NULL, NULL, NULL, 'SANTA ROSALIA', 'CARACAS', '02125421989', NULL, '10', NULL, NULL),
(214, 'DISTRIBUIDORA ALGALOPE, C.A.', 'J-00235519-0', 'SRTA. LUISANA', NULL, NULL, 'D-CALLE LAS VEGAS, ZONA IND. LA TRINIDAD, EDIF. BONACA, PISO 2', 'CARACAS', '0212-949.10.08', '0212-941.2316', '1', NULL, NULL),
(215, 'PIMA EXPRESS, C.A.', 'J-31111477-7', 'SRTA. GISSETT PIÑERO', NULL, NULL, 'AV. PASEO COLON EDIF. POLAR TORRE OESTE, PISO 17, PLAZA VENEZUELA', 'CARACAS', '7937156/7940674', NULL, '1', NULL, NULL),
(216, 'FULL TIME FERRETERAS, C.A.', 'J-31281574-4', 'SRA NANCY CHACON', 389306053, NULL, 'AV. INTERCOMUNAL DE ANTIMANO, URB. LA YAGUARA, EDIF. PASSARO, PISO 2, LOCAL 2-A', 'CARACAS', '443-0242/4431504', '442-5166', '1', 'no agente de retencion', NULL),
(217, 'INVERSIONES COLORCON DE VENEZUELA, C.A.', 'J-30332763-0', 'SR. GINGER', NULL, NULL, 'AV. ROMULO GALLEGOS, EDIF. REASEGURADORA RIV, PISO 2, OFC. 2-B, MONTECRISTO', 'CARACAS', '0212-2373719', NULL, '10', NULL, NULL),
(218, 'LIN LIGHT.LM INVERSIONES, C.A.', 'J-31064188-9', 'SR. ALEXIS VILORIA', 303255087, NULL, 'AV. ARTURO MICHELENA, CALLE RAMON IGNACIO MENDEZ, QTA. PEAVEY, PLANTA ALTA, OFIC. 9, SANTA MONICA', 'CARACAS', '0212-6903261', '0212-6903262', '10', NULL, NULL),
(219, 'ASOCIACION CIVIL COLEGIO STO. TOMAS DE VILLA NUEVA', 'J-31641822-7', 'SRA. MERCEDES VALENZUELA', NULL, NULL, 'CALLE CINTA LAS MERCEDES', 'CARACAS', '9935038', NULL, '10', NULL, NULL),
(220, 'REPRESENTACIONES KLERONILA, C.A.', 'J-29689794-8', 'SRA. LAURA', NULL, NULL, 'GRADILLAS A SOCIEDAD, EDIF. VICTOR MENDEZ, P.B., LOCAL 6', 'CARACAS', '0212-5411835', NULL, '10', NULL, NULL),
(221, 'TERESA DI LORETO', 'V-', 'TERESA DI LORETO', NULL, NULL, 'RES. SAYESITO, PISO 3, APTO. 33, CALLE ESTE, URB. MANZANARES ESTE, BARUTA', 'CARACAS', '0212-941.4087', NULL, '10', NULL, NULL),
(222, 'RADIO NACIONAL DE VENEZUELA', 'G-20000142-9', 'SRTA. YUSMARI ZABALA/YUOSI LUN', 281922823, NULL, 'FINAL CALLES LAS MARIAS, EL PEDREGAL DE CHAPELLIN', 'CARACAS', '0212-6301286', '6301286', '5', NULL, NULL),
(223, 'FUNDACION GRAN MARISCAL DE AYACUCHO', 'G-20003583-8', NULL, NULL, NULL, 'CALLE 3B, EDIF. FUNDA AYACUCHO, LA URBINA, CARACAS', 'CARACAS', '0212-240-1722', NULL, '10', NULL, NULL),
(224, 'UNIVERSIDAD CENTRAL DE VENEZUELA,', 'G-20000062-7', 'ECON. ANNABEL D'' LEON', NULL, NULL, 'DIRECCION DE EXTENSION UNIVERSITARIA, EDIF. BIBLIOTECA CENTRAL, PISO 5, CIUDAD UNIVERSITARIA', 'CARACAS', '0212-6053916/3957', '0212-6053957', '10', NULL, NULL),
(225, 'SUMINISTROS MACRO AMERICA, C.A.', '', 'SRA. FLOR GUERRERO', NULL, NULL, 'AV. ANDRES BELLO C/CALLE LOS SAMANES, URB. LA FLORIDA, EDIF. CATTREYA, LOCAL Nº 6', 'CARACAS', '0212-731-5208', NULL, '6', NULL, NULL),
(226, 'VEN-AMERICAN, C.A.', 'J-00038197-6', 'RUTH RUIZ', NULL, NULL, 'AV.SUR 4, EDF. VEN AMERICAN, QUINTA CRESPO', 'CARACAS', '0212-219.44.20', '0212-219.44.20', '10', NULL, 'rruiz@venamerican.com.ve'),
(227, 'INSTITUTO DE PREVISION DEL PROFESORADO DE LA UCV', 'J-3000379-4', 'JESUS GARCÍA', NULL, NULL, 'CIUDAD UNIVERSITARIA UCV LOS CHAGUARAMOS', 'CARACAS', NULL, NULL, '10', NULL, NULL),
(228, 'LA HOJILLA IMPRESA, C.A.', 'J-31645263-8', 'SR. FELIX O RINA', NULL, NULL, 'AV. URDANETA, ESQ. PLATANAL, EDIF. SAN CARLOS, PISO 2, LA CANDELARIA', 'CARACAS', '0212-5640394', '0212-5640798', '10', NULL, NULL),
(229, 'CABILLAS Y PRODUCTOS SIDERURGICOS CAPROSI, C.A.', 'J-31658700-2', 'SRA. JOSEFINA CARRERO', NULL, NULL, 'CTRA. SANTA LUCIA SANTA TERESA LOCAL PARCELAMIENTO STA.IPIFANIA SECTOR STA.EPIFANIA', 'CARACAS', '0212-620.1562', NULL, '10', NULL, NULL),
(230, 'CABILLAS Y PERFILES CABIPERCA, C.A.', 'J-00136786-1', 'SRA. JOSEFINA CARRERO', NULL, NULL, 'CARRETERA SANTA LUCIA SANTA TERESA, PARCELAMIENTO', 'CARACAS', '0239-218.1037', NULL, '10', NULL, NULL),
(231, 'UCV ESCUELA COMUNICACION SOCIAL', '', 'SR. MIGUEL A.TOUCHE/SRA.PORRAS', NULL, NULL, 'CARACAS', 'CARACAS', '0212-6052993/2994', NULL, '10', NULL, NULL),
(232, 'GENEROSO NARVAEZ', '15.665.538', 'GENEROSO', NULL, NULL, 'SANTA MONICA', 'CARACAS', '0414-1162336', NULL, '10', NULL, NULL),
(233, 'EVELENIR BARRETO GONZALEZ', 'V-14.032.176', 'EVELENIR BARRERO', NULL, NULL, 'UNIVERSIDAD CATOLICA ANDRES BELLO, MONTALBAN', 'CARACAS', '0416-639.8469', NULL, '10', NULL, NULL),
(234, 'UNIVERSIDAD CENTRAL DE VENEZUELA/', 'G-20000062-7', 'LIC', NULL, NULL, 'GERENCIA DE INFORMACION, CONOCIMIENTO Y TALENTO, CIUDAD UNIVERSITARIA, LOS CHAGUARAMOS', 'CARACAS', '0212-6054229', '0212-6050856', '10', NULL, NULL),
(235, 'UNIVERSIDAD CENTRAL DE VENEZUELA´', 'G-20000062-7', 'LIC.', NULL, NULL, 'GERENCIA DE INFORMACION, CONOCIMIENTO Y TALENTO, CIUDAD UNIVERSITARIA LOS CHAGUARAMOS', 'CARACAS', '0212-6052514', '0212-6052514', '10', NULL, NULL),
(236, 'UCV UNIDAD DE AUDITORIA INTERNA', 'G-20000062-7', 'LIC. RAIZA ACOSTA', NULL, NULL, 'CUIDAD UNIVERSITARIA LOS CHAGUARAMOS', 'CARACAS', '0212-605..45.05', '0212-605.45.02', '9', NULL, NULL),
(237, 'PROCESADORA CARNICA INDUSTRIAL, C.A.', 'J-30466860-0', 'BEATRIZ - COMPRAS', NULL, NULL, 'CALLE 11 EDIFICIO INVERSIONES 2110A ZONA IND. LA YAGUARA', 'CARACAS', '0212-471.01.58/ 31.6', '0212-471.40.97', '5', NULL, NULL),
(238, 'MIRIAM MARTINEZ', 'V-6011589', 'SRTA. MIRIAM MARTINEZ', 96088779, NULL, 'CENTRO PLAZA, TORRE B, PISO 10, OFC. 10-F, LOS PALOS GRANDES', 'CARACAS', '0212-285-5384/4384', '0212-285-5384', '5', NULL, NULL);
INSERT INTO `cliente` (`idCliente`, `nombre`, `rif`, `pcontacto`, `nit`, `direccion1`, `direccion2`, `ciudad`, `telefono1`, `telefono2`, `excento`, `pagweb`, `email`) VALUES
(239, 'SISVEN SEGURIDAD', '', 'SRTA. MILENA SEPULVEDA', NULL, NULL, 'CARACAS', 'CARACAS', '0212-7942700', '0212-794-2588', '10', NULL, NULL),
(240, 'FABRICA DE CALZADOS LOBLAN, C.A.', 'J-00078574-0', 'SRTA. MARITZA GALLEGOS', NULL, NULL, 'ESQ. REGENERACION PUENTE HIERRO', 'CARACAS', '0212-5423262/3746', '5420051', '10', 'telf. 541-2745', 'boots@loblan.com.ve'),
(241, 'REGISTRO PUBLICO DEL 1º CIRCUITO MUNICIPIO LIB. DC', 'G-200012137', 'YUBISAY MEDINA / JIMMI SUNIAGA', NULL, NULL, 'AV PANTEON DE PALO BLANCO A BRISAS DE GAMBOA EDF. EIM LOCALES 1 Y 2 SAN JOSE', 'CARACAS', '0212-5519064', '0212-5502398', '10', NULL, NULL),
(242, 'INSTITUTO NACIONAL DE DEPORTES', '', 'SR. FRANCISCO MORONTA', NULL, NULL, 'CARACAS', 'CARACAS', '4424162', '4428291', '1', NULL, NULL),
(243, 'CONSORCIO SUPEREVENTOS, C.A.', 'J-29364976-5', 'LIC. CARMEN CECILIA POUSA', NULL, NULL, 'CALLE GIRASOL, EDIF. INTANA, PISO 2, OFIC. 3, URB. PRADOS DEL ESTE.', 'CARACAS', '0212-715.21.76', '0212-7152176', '10', NULL, NULL),
(244, 'CORPORACION DE ABASTEC Y SERVICIOS AGRICOLAS, S.A.', 'J-00308023-3', 'SR. LEOMAR DOMINGUEZ', 51762630, NULL, 'ANDRES BELLO LAS FUNDACIONES, PISO P.B. CARACAS', 'CARACAS', '0212-6102410', '0212-5784912', '6', NULL, NULL),
(245, 'CONSEJO DE APELACIONES UCV', 'G-20000062-0', 'SRA. ROSA BRITO', NULL, NULL, 'CIUDAD UNIVERSITARIA, EDIF. RECTORADO, LOS CHAGUARAMOS', 'CARACAS', '0212-2831801', '0212-2831801', '1', NULL, NULL),
(246, 'IPSOPOL', 'G-20003667-2', 'SR. ALFREDO DELGADO', NULL, NULL, 'AV. FERMIN TORO, EDIF. ETA SAN BERNARDINO', 'CARACAS', '0212-5529721', NULL, '10', NULL, NULL),
(247, 'ALIMENTOS CALIFORNIA, C.A.', 'J-00240576-7', 'YUDITH ZANELLA - JEFE COMPRAS', NULL, NULL, 'URB. INDUSTRIAL LA YAGUARA, CALLE 10 GALPON', 'CARACAS', '0212-4713544 EXT 125', '0412.953.65.89', '12', NULL, NULL),
(248, 'LINA FLORES', 'V-6.321.724', 'SRA. LINA FLORES', NULL, NULL, 'RES. SORPE, MEZZANINA, ESQUINA DE PELAEZ, SANTA ROSALIA', 'CARACAS', '0212-5456090', NULL, '10', NULL, NULL),
(249, 'MARCY SALINAS', 'V-6.210.320', 'MARCY SALINAS', NULL, NULL, 'AV. INTERCOMUNAL DE ANTIMANO, LA YAGUARA', 'CARACAS', '0212-4729071', NULL, '10', NULL, NULL),
(250, 'GYNOPHARM DE VENEZUELA, C.A.', 'J-30597777-1', 'BARBARA VIRGÜEZ', 93929390, NULL, 'CALLE E/LAS AV.ERNESTO BLOHM Y LA ESTANCIA, EDIF.CENTRO BANAVEN,TORRE D,PISO 5.OFC.D-51YD-52 , CHUAO', 'CARACAS', '0212-950.3628', '0212-2036703', '5', NULL, NULL),
(251, 'PERNOD RICARD VENEZUELA, C.A.', 'J-30318358-1', 'SR. OSBAL GIL', NULL, NULL, 'AV.RIO DE JANEIRO C/C TRINIDAD, EDF. CENTRO RIO DE JANEIRO PH 1 Y 2', 'BARUTA', '0212-200.72.00', '0212-200.72.99', '15', NULL, NULL),
(252, 'TELECOM VENEZUELA, C.A.', 'G-20005143-4', 'SR. ANGEL AMUNDARAIN', NULL, NULL, 'AV. ANDRES BELLO, EDIF. FONDO COMUN, PISO 5.', 'CARACAS', '0212-808.89.05', '0212-574.90.21', '12', NULL, NULL),
(253, 'MINISTERIO DEL PODER POPULAR P.E.T.C.NAC. CASINOS', 'G-20000684-6', 'SRA. IRAIMA FERNANDEZ', NULL, NULL, 'MINISTRIO D/TURISMO, COMPLEJO "LA ESTANCIA",EDIF.ANEXO, TORRE SUR, P 1,AV. PRINC.LA FLORESTA, CHACAO', 'CARACAS', '0212-208-8069', '208-8069', '10', NULL, NULL),
(254, 'REPRESENTACIONES AQUATRECE, C.A.', 'J-30103207-1', 'SRTA. MARIANELA RODRIGUEZ', 66526119, NULL, 'AV. RIO DE ORO C/CALLE GIRASOL, EDIF. INDUSTRIAS HVT 1ER. PISO, PRADOS DEL ESTE,', 'CARACAS', '0212-9781144/2116', '0212-9764933', '1', NULL, NULL),
(255, 'ALUMINIOS PROCRESADOS DEL CARONI, C.A.', 'J-00145085-8', 'SRTA. MARIEL JIMENEZ', NULL, NULL, 'ZONA INDUSTRIAL MATANZAS UD 321, AVDA. CARACAS, C/AV. NORTE-SUR 7, PUERTO ORDAZ, EDO. BOLIVAR', 'CARACAS', '0212-2100037', '0212-2632495', '1', NULL, NULL),
(256, 'LABORATORIOS SPEFAR VENEZOLANOS, S.A.', 'J-00021527-8', NULL, 66207951, NULL, 'CALLE LAS PIEDRITAS, EDIF. SPEFAR, LA TRINIDAD', 'CARACAS', '0212-945-0531/3763', '0212-9453979', '10', NULL, NULL),
(257, 'REGUS VENEZUELA, C.A.', 'J-30583795-3', 'ALAN SHEPPARD', NULL, NULL, 'AV. FCO. DE MIRANDA C.C. CENTRO LIDO NIVEL 4 OFIC.41-D URB. EL ROSAL', 'CARACAS', '0212-905.63.31', '0212-905.63.30', '12', NULL, NULL),
(258, 'AASM CONSULTORES GERENCIALES', 'J-29412786-0', 'SRTA. MAOLY PALACIOS', NULL, NULL, 'AV. RIO PARAGUA, EDIF. LA PIRÁMIDE, PISO 03, LOCAL 307, URB. PARQUE HUMBOLDT', 'CARACAS', '0212-9783864', NULL, '10', NULL, NULL),
(259, 'NOEMY, C.A.', 'J-00050046-0', 'SRTA. ALEJANDRA OMAÑA', NULL, NULL, 'CALLE 1 C/CALLE 2, EDIF.GALPON LLANOS Y CONDE, PISO PB LOCAL GALPON 1, LOCAL Nº4,SECTOR ZONA INDUSTR', 'CARACAS', '0212-4714538 EXT.239', '0212-471-4538', '10', NULL, NULL),
(260, 'CUERPO DE POLICIA NACIONAL BOLIVARIANA', 'G-20009327-7', NULL, NULL, NULL, 'AV. URDANETA, TORRE FINANCIERA LATINO, PISO 9', 'CARACAS', NULL, NULL, '10', NULL, NULL),
(261, 'FUNDACION NACIONAL EL NIÑO SIMON', 'G-2000809-1', 'SRTA. INGRID SEQUERA', NULL, NULL, 'CARACAS', 'CARACAS', '02125760211', '02125760211', '10', NULL, NULL),
(262, 'DISTRIBUIDORA DISTRASA, S.A.', 'J-29631867-0', 'SRA. ANA MARIA SELVAGI', NULL, NULL, '2DA. AV. ENTRE 3ERA. Y 4TA. TRANSVERSAL, QUINTA ONIMEX, LOS PALOS GRANDES', 'CARACAS', '0212-2853155', '0212-2853155', '10', NULL, 'administracion_ccs@distrasa.co'),
(263, 'LABORATORIOS KLINOS, C.A.', 'J-00021495-6', 'SRA. ANA CAMACARO', NULL, NULL, 'AV. PRINCIPAL PARCELAMIENTO INDUSTRIAL LA FE, EDIF. PROTON, PISO 3, MACARAO', 'CARACAS', '0212-7007693', '0212-7007693', '10', NULL, NULL),
(264, 'UNIVERSIDAD CENTRAL DE VENEZUELA', 'G-20000062-7', 'ECON. MONICA MEZA', NULL, NULL, 'DIRECCION DE ADMINISTRACION Y FINANZAS, CIUDAD UNIVERSITARIA, LOS CHAGUARAMOS', 'CARACAS', '0212-6054169', '0212-6054117', '10', NULL, NULL),
(265, 'MARIA OLGA CARRILLO', 'V-14.807.012', 'SRA. OLGA', NULL, NULL, 'AV. FRANCISCO DE MIRANDA, EDIF. TORRE EDICAMPO, PISO 3, CHACAO', 'CARACAS', '0212-2100028', '0212-2100028', '10', NULL, NULL),
(266, 'ABELEC ABASTECIMIENTOS ELECTRICOS, S.A.', 'J-00142554-3', 'SR. GERMAN MATOS', NULL, NULL, 'AV. PPAL. GUAYABAL, EDIF. POLIMASTER, PISO 1, OF ABELEC, ZONA INDUSTRIAL, GUARENAS', 'CARACAS', '0212-232.5303', '0212-232.6081', '12', NULL, NULL),
(267, 'LISET RIVERO', 'V-12.424.332', 'SRTA. LISET RIVERO', NULL, NULL, 'AV. LAS ACACIAS, TORRE LA PREVISORA, PISO 10.', 'CARACAS', '0212-267.7203', NULL, '10', NULL, NULL),
(268, 'COMERCIAL FERRETEANDO, C.A.', 'J-30517939-5', 'SRTA. RAFAELA', NULL, NULL, 'AV. GARCI GONZALEZ DA SILVA, EDIF. FERRETEANDO, PISO,PB,LOCAL FERRETEANDO,URB. IND. LA YAGUARA', 'CARACAS', '0212-4711530', '0212-4710570', '10', NULL, NULL),
(269, 'UNIVERSIDAD CENTRAL DE VENEZUELA', '', 'LIC.OSCAR A. DÍAZ', NULL, NULL, 'FACULTAD DE ARQUITECTURA, CIUDAD UNIVERSITARIA LOS CHAGUARAMOS', 'CARACAS', '0212-605.2079/1973', '0212-605.20.24', '10', NULL, NULL),
(270, 'JOSE MATTEI', 'V-06844450-7', NULL, NULL, NULL, 'LOS PALOS GRANDES, CARACAS', 'CARACAS', '0416-6356275', NULL, '5', NULL, NULL),
(271, 'REPUESTOS JUNKO DIESEL LITORAL, C.A.', 'J-30919398-8', 'ANGELICA RAMIREZ', NULL, NULL, 'CALLE 11, NRO. 26, SECTOR CATIA LA MAR', 'LA GUAIRA', '0212-449.87.34', NULL, '10', NULL, NULL),
(272, 'CONDOMINIO UNICENTRO EL MARQUEZ', 'J-0000', 'SR. VICTOR AYALA', NULL, NULL, 'CARACAS', 'CARACAS', '0212-9503500', '0212-9503581', '10', NULL, NULL),
(273, 'ASOCIACION CIVIL DISPENSARIO SAN MARTIN DE PORRES', 'J-29390418-8', 'SRA. SOL TERESA CONTRERAS', NULL, NULL, 'CALLEJON EL ASERRADERO, JUNTO AL COLEGIO FE Y ALEGRIA, LAS MAYAS', 'CARACAS', '0212-6821106/6143756', '0212-3185874', '10', NULL, NULL),
(274, 'LUIS MANUEL GOMEZ', 'V-16.074.781', 'LUIS MANUEL GOMEZ', NULL, NULL, 'CALLE GIRASOL, EDIFICIO INTANA, PISO 1, LOCAL 5, URB. PRADOS DEL ESTE', 'CARACAS', '0212-977-3020/3404', NULL, '10', NULL, NULL),
(275, 'FONDO DE COMPENSACION TERRITORIAL', 'G-20009573-3', 'LIC. MARCO LEAL', NULL, NULL, 'AV. LAS ACACIAS CON AV. CASANOVA TORRE BANHORIENTE PISO 08', 'CARACAS', '0212-708.01.35', '0212-708.00.49', '12', NULL, NULL),
(276, 'UNILYNK MANTENIMIENTO Y LIMPIEZA DE EDIFICAC. C.A.', 'J-30904839-2', 'MARCO A. MACHADO', NULL, NULL, 'C CUMACO C/C ARICHUNA EDF. SOCIEDAD VZLANA DE CIENCIAS NATURALES P.4', 'EL MARQUES', '0212-2371470', '0212-2373501', '9', NULL, NULL),
(277, 'UCV ESCUELA DE SOCIOLOGIA', '', 'LIC. MARIA FRANCYS', NULL, NULL, 'CUIDAD UNIVERSITARIA LOS CHAGUARAMOS EDF. FASES P. 7', 'CARACAS', NULL, NULL, '12', NULL, NULL),
(278, 'LUCERO SUSANA MEDINA GUERRERO', 'V-18708296-6', 'SRA. GLADIS', NULL, NULL, 'ESQ. PELAEZ A MUERTO CASA Nº 122, SECTOR SANTA ROSALIA', 'CARACAS', '5413149', NULL, '12', NULL, NULL),
(279, 'METAL CENTER, C.A.', 'J-29592684-7', 'SRTA. DENIS BRITO', NULL, NULL, 'AVENIDA TRIESTE EDIF. ROTOVEN, PISO P.B., LOCAL L-3, URB. INDUSTRIAL, LA CALIFORNIA SUR', 'CARACAS', '0212-257-2571', NULL, '10', NULL, NULL),
(280, 'FOSFORERA SURAMERICANA, C.A.', 'J-00069936-4', 'SRTA. YARITZA CASTILLO', NULL, NULL, 'CTRA. SAN PEDRO DE LOS ALTOS, KM 3, EDF. S/E, PISO P.B. LOCAL P.B. URB. INDUSTRIAL SAN IGNACIO', 'SAN PEDRO DE LOS ALTOS', '(0212)-715.55.19', '(2632)-495.69.50', '1', NULL, 'ffamericana@gmail.com'),
(281, 'RODOLFO LEON', 'V-14.807.140', 'SRTA. GISDELL TORCATT', NULL, NULL, 'AV. FCO. DE MIRANDA C.C. CENTRO LIDO NIVEL 4 OFIC.41-D URB. EL ROSAL', 'CARACAS', '0212-9056302', '0212-9056302', '10', NULL, NULL),
(282, 'INTERFACE DE COMUNICACIONES, C.A.', 'J-40181830-7', NULL, NULL, NULL, 'AV. RIO DE ORO, CALLE GIRASOL, EDIF. INTANA, PISO 3, URBANIZACION PRADOS DEL ESTE', 'CARACAS', '0212-614-5731', NULL, '10', NULL, NULL),
(316, 'MG Ideas', 'J-55588488-4', 'José Gabriel Baptista', NULL, 'Calle Los Chaguaramos, Centro DENU PB, La Castellana', '', NULL, '(0212)-263.14.18', '(0414)-137.09.80', NULL, NULL, 'contacto@mgideas.net'),
(317, 'Grupo Arcytec, C.A.', 'J-96526561-8', 'Antonio Bermúdez', NULL, 'Av. ppal las Mercedes, Centro Empresarial Los Llanos', 'Piso 1, oficina 7', NULL, '(0212)-952.15.35', '(0414)-655.48.12', NULL, NULL, 'abermudez@arcytec.com'),
(318, 'Corporación 5', 'J-65652665-4', 'Andrés Núñez', NULL, 'Av ppal los Netts', 'Calle 5', NULL, '(0212)-622.31.54', '(0212)-622.34.55', NULL, NULL, 'ventas@corpo5.com'),
(319, 'Remmeca, C.A.', 'J-13516161-6', 'Maira Torres', NULL, 'Av los apamates, res los  gorriones', 'Altamira', NULL, '(0212)-952.26.35', '(0212)-952.26.32', NULL, NULL, 'ventas@remmeca.com');

-- --------------------------------------------------------

--
-- Table structure for table `compra`
--

CREATE TABLE IF NOT EXISTS `compra` (
  `idCompra` int(5) NOT NULL AUTO_INCREMENT,
  `idProveedor` int(7) NOT NULL,
  `estado` varchar(15) COLLATE utf8_spanish_ci DEFAULT NULL,
  `fecha_emision` datetime NOT NULL,
  `fecha_registro` datetime NOT NULL,
  `fecha_modificacion` datetime DEFAULT NULL,
  `ncontrol` varchar(30) COLLATE utf8_spanish_ci NOT NULL,
  `nfactura` varchar(30) COLLATE utf8_spanish_ci NOT NULL,
  `monto` float(10,2) NOT NULL,
  `iva` float(5,2) NOT NULL,
  `idUsuario` int(11) NOT NULL,
  PRIMARY KEY (`idCompra`)
) ENGINE=InnoDB  DEFAULT CHARSET=utf8 COLLATE=utf8_spanish_ci AUTO_INCREMENT=3 ;

--
-- Dumping data for table `compra`
--

INSERT INTO `compra` (`idCompra`, `idProveedor`, `estado`, `fecha_emision`, `fecha_registro`, `fecha_modificacion`, `ncontrol`, `nfactura`, `monto`, `iva`, `idUsuario`) VALUES
(1, 4, 'creada', '2017-06-26 00:00:00', '2017-06-26 10:30:08', '2017-06-26 14:39:39', '95200', '1632', 195650.50, 12.00, 1),
(2, 6, 'creada', '2017-06-26 00:00:00', '2017-06-26 11:24:16', '2017-06-26 11:45:04', '48518', '32655', 650830.25, 12.00, 1);

-- --------------------------------------------------------

--
-- Table structure for table `condicion`
--

CREATE TABLE IF NOT EXISTS `condicion` (
  `idCondicion` int(11) NOT NULL AUTO_INCREMENT,
  `nombre` varchar(30) COLLATE utf8_spanish_ci NOT NULL,
  `valor` tinyint(2) NOT NULL,
  `documento` varchar(12) COLLATE utf8_spanish_ci NOT NULL,
  `idUsuario` int(11) DEFAULT NULL,
  `sistema` int(11) DEFAULT NULL,
  PRIMARY KEY (`idCondicion`),
  KEY `idUsuario` (`idUsuario`)
) ENGINE=InnoDB  DEFAULT CHARSET=utf8 COLLATE=utf8_spanish_ci AUTO_INCREMENT=18 ;

--
-- Dumping data for table `condicion`
--

INSERT INTO `condicion` (`idCondicion`, `nombre`, `valor`, `documento`, `idUsuario`, `sistema`) VALUES
(1, 'CONTADO', 1, 'factura', 1, 1),
(2, '3 días', 3, 'factura', 1, NULL),
(3, '15 días', 15, 'factura', 1, NULL),
(4, '30 días', 30, 'factura', 1, NULL),
(5, '1 día', 1, 'cotizacion', 1, 1),
(6, '3 días', 3, 'cotizacion', 1, NULL),
(8, 'CONTADO', 1, 'factura', 2, 1),
(9, '3 días', 3, 'factura', 2, NULL),
(10, '15 días', 15, 'factura', 2, NULL),
(11, '30 días', 30, 'factura', 2, NULL),
(12, '1 días', 1, 'cotizacion', 2, 1),
(13, '3 días', 3, 'cotizacion', 2, NULL),
(14, '8 días', 8, 'cotizacion', 2, NULL),
(15, '', 0, '', 2, NULL),
(16, '5 días', 5, '', 1, NULL),
(17, '5 días', 5, 'cotizacion', 1, NULL);

-- --------------------------------------------------------

--
-- Table structure for table `cotizacion`
--

CREATE TABLE IF NOT EXISTS `cotizacion` (
  `idCotizacion` int(5) NOT NULL AUTO_INCREMENT,
  `numero` int(4) NOT NULL,
  `Fecha` varchar(10) DEFAULT NULL,
  `fecha_emision` date DEFAULT NULL,
  `fecha_registro` datetime DEFAULT NULL,
  `fecha_modificacion` datetime DEFAULT NULL,
  `fecha_vencimiento` datetime DEFAULT NULL,
  `fecha_venc_sist` datetime DEFAULT NULL,
  `fecha_anulacion` datetime DEFAULT NULL,
  `fecha_aprobacion` datetime DEFAULT NULL,
  `validez` varchar(30) DEFAULT NULL,
  `idCliente` int(5) DEFAULT NULL,
  `Nombre` varchar(51) DEFAULT NULL,
  `Telefono` varchar(20) DEFAULT NULL,
  `Rif` varchar(14) DEFAULT NULL,
  `Fax` varchar(15) DEFAULT NULL,
  `Email` varchar(30) DEFAULT NULL,
  `pcontacto` varchar(30) DEFAULT NULL,
  `idProveedor` int(2) DEFAULT NULL,
  `iva` float DEFAULT NULL,
  `tipo` varchar(12) DEFAULT NULL,
  `CotizAprobada` varchar(5) DEFAULT NULL,
  `SubTotal` varchar(9) DEFAULT NULL,
  `TotalDescto` int(1) DEFAULT NULL,
  `estado` varchar(20) DEFAULT NULL,
  `valor_condicion` int(3) DEFAULT NULL,
  `condicion` varchar(12) DEFAULT NULL,
  `ISV` varchar(8) DEFAULT NULL,
  `Total` decimal(9,2) DEFAULT NULL,
  `introduccion` varchar(200) DEFAULT NULL,
  `Observaciones` varchar(30) DEFAULT NULL,
  `Observaciones1` varchar(100) DEFAULT NULL,
  `Observaciones2` varchar(100) DEFAULT NULL,
  `Observaciones3` varchar(100) DEFAULT NULL,
  `idUsuario` int(11) DEFAULT NULL,
  PRIMARY KEY (`idCotizacion`),
  KEY `idUsuario` (`idUsuario`)
) ENGINE=InnoDB  DEFAULT CHARSET=utf8 AUTO_INCREMENT=17 ;

--
-- Dumping data for table `cotizacion`
--

INSERT INTO `cotizacion` (`idCotizacion`, `numero`, `Fecha`, `fecha_emision`, `fecha_registro`, `fecha_modificacion`, `fecha_vencimiento`, `fecha_venc_sist`, `fecha_anulacion`, `fecha_aprobacion`, `validez`, `idCliente`, `Nombre`, `Telefono`, `Rif`, `Fax`, `Email`, `pcontacto`, `idProveedor`, `iva`, `tipo`, `CotizAprobada`, `SubTotal`, `TotalDescto`, `estado`, `valor_condicion`, `condicion`, `ISV`, `Total`, `introduccion`, `Observaciones`, `Observaciones1`, `Observaciones2`, `Observaciones3`, `idUsuario`) VALUES
(1, 1, NULL, '2017-04-17', NULL, NULL, '2017-04-18 00:00:00', '2017-04-27 17:29:27', NULL, NULL, NULL, 94, NULL, NULL, NULL, NULL, NULL, 'YULBILL INOJOSA', NULL, 0.12, 'cotizacion', NULL, NULL, NULL, 'vencida', 1, '1 día', NULL, 690480.00, 'DE ACUERDO A SUS REQUERIMIENTOS', 'OBSERVACIONES GENERALES', 'Validez: ', 'COTZ 2', 'COTZ 3', 1),
(2, 2, NULL, '2017-04-18', NULL, NULL, '2017-04-21 00:00:00', '2017-04-27 17:29:27', NULL, NULL, NULL, 266, NULL, NULL, NULL, NULL, NULL, 'SR. GERMAN MATOS', NULL, 0.12, 'cotizacion', NULL, NULL, NULL, 'vencida', 3, '1 día', NULL, 65990.40, 'DE ACUERDO A SUS REQUERIMIENTOS', 'OBSERVACIONES GENERALES', 'Validez: 3 días', 'COTZ 2', 'COTZ 3', 1),
(3, 3, NULL, '2017-04-18', NULL, NULL, '2017-04-19 00:00:00', '2017-04-27 17:29:27', NULL, NULL, NULL, 202, NULL, NULL, NULL, NULL, NULL, 'SR. VICTOR AYALA', NULL, 0.12, 'cotizacion', NULL, NULL, NULL, 'vencida', 1, '1 día', NULL, 106196.16, 'DE ACUERDO A SUS REQUERIMIENTOS', 'OBSERVACIONES GENERALES', 'Validez: 1 día', 'COTZ 2', 'COTZ 3', 1),
(4, 4, NULL, '2017-04-20', NULL, NULL, '2017-04-23 00:00:00', '2017-04-27 17:29:27', NULL, NULL, NULL, 266, NULL, NULL, NULL, NULL, NULL, 'SR. GERMAN MATOS', NULL, 0.12, 'cotizacion', NULL, NULL, NULL, 'vencida', 5, '5 días', NULL, 57120.00, 'DE ACUERDO A SUS REQUERIMIENTOS', 'OBSERVACIONES GENERALES', 'Validez: 5 días', 'COTZ 2', 'COTZ 3', 1),
(5, 5, NULL, '2017-04-20', NULL, NULL, '2017-04-25 00:00:00', '2017-04-27 17:29:27', NULL, NULL, NULL, 141, NULL, NULL, NULL, NULL, NULL, 'SRA. YUDITH ZANELLA', NULL, 0.12, 'cotizacion', NULL, NULL, NULL, 'vencida', 5, '5 días', NULL, 86889.60, 'DE ACUERDO A SUS REQUERIMIENTOS', 'OBSERVACIONES GENERALES', 'Validez: 5 días', 'COTZ 2', 'COTZ 3', 1),
(6, 1, NULL, '2017-04-20', NULL, NULL, NULL, NULL, NULL, NULL, NULL, 4, NULL, NULL, NULL, NULL, NULL, 'Javier Gómez', NULL, 0.12, 'solicitud', NULL, NULL, NULL, 'pendiente', 3, '3 días', NULL, 0.00, 'Agredecido de su pronta respuesta', 'INFORMACIÓN DE INTERÉS', 'SC1', 'SC2', 'SC3', 1),
(7, 2, NULL, '2017-04-22', NULL, '2017-04-28 16:42:51', NULL, NULL, NULL, NULL, NULL, 1, NULL, NULL, NULL, NULL, NULL, 'Marcel Mancera', NULL, 0.12, 'solicitud', NULL, NULL, NULL, 'pendiente', 5, '5 días', NULL, 0.00, 'Agredecido de su pronta respuesta', 'INFORMACIÓN DE INTERÉS', 'SC1', 'SC2', 'SC3', 1),
(8, 6, NULL, '2017-04-27', NULL, NULL, '2017-04-30 00:00:00', NULL, NULL, '2017-04-27 17:36:33', NULL, 111, NULL, NULL, NULL, NULL, NULL, 'SR. LAURENCE IBARRAS', NULL, 0.12, 'cotizacion', NULL, NULL, NULL, 'aprobada', 3, '3 días', NULL, 263200.00, 'DE ACUERDO A SUS REQUERIMIENTOS', 'OBSERVACIONES GENERALES', 'Validez: 3 días', 'COTZ 2', 'COTZ 3', 1),
(9, 7, NULL, '2017-04-27', '2017-04-27 15:30:05', NULL, '2017-04-30 00:00:00', '2017-05-01 12:26:44', NULL, NULL, NULL, 111, NULL, NULL, NULL, NULL, NULL, '', NULL, 0.12, 'cotizacion', NULL, NULL, NULL, 'vencida', 3, '3 días', NULL, 394800.00, 'DE ACUERDO A SUS REQUERIMIENTOS', 'OBSERVACIONES GENERALES', 'Validez: 1 día', 'COTZ 2', 'COTZ 3', 1),
(10, 3, NULL, '2017-04-28', NULL, NULL, '1970-01-01 00:00:00', NULL, NULL, NULL, NULL, 4, NULL, NULL, NULL, NULL, NULL, 'Javier Gómez', NULL, 0.12, 'solicitud', NULL, NULL, NULL, 'pendiente', NULL, NULL, NULL, 0.00, 'Agredecido de su pronta respuesta', 'INFORMACIÓN DE INTERÉS', 'SC1', 'SC2', 'SC3', 1),
(11, 4, NULL, '2017-05-01', '2017-05-01 15:10:41', NULL, '1970-01-01 00:00:00', NULL, NULL, NULL, NULL, 6, NULL, NULL, NULL, NULL, NULL, 'Julio Hernández', NULL, 0.12, 'solicitud', NULL, NULL, NULL, 'pendiente', NULL, NULL, NULL, 0.00, 'Agredecido de su pronta respuesta', 'INFORMACIÓN DE INTERÉS', 'SC1', 'SC2', 'SC3', 1),
(12, 8, NULL, '2017-05-01', '2017-05-01 19:20:33', '2017-05-01 19:57:56', '2017-05-06 00:00:00', '2017-05-06 02:17:38', NULL, NULL, NULL, 141, NULL, NULL, NULL, NULL, NULL, 'SRA. YUDITH ZANELLA', NULL, 0.12, 'cotizacion', NULL, NULL, NULL, 'vencida', 5, '5 días', NULL, 102379.20, 'DE ACUERDO A SUS REQUERIMIENTOS', 'OBSERVACIONES GENERALES', 'Validez: 5 días', 'COTZ 2', 'COTZ 3', 1),
(13, 9, NULL, '2017-05-01', '2017-05-01 20:01:35', NULL, '2017-05-06 00:00:00', NULL, NULL, '2017-05-01 20:02:55', NULL, 245, NULL, NULL, NULL, NULL, NULL, 'SRA. ROSA BRITO', NULL, 0.12, 'cotizacion', NULL, NULL, NULL, 'aprobada', 5, '5 días', NULL, 102379.20, 'DE ACUERDO A SUS REQUERIMIENTOS', 'OBSERVACIONES GENERALES', 'Validez: 5 días', 'COTZ 2', 'COTZ 3', 1),
(14, 10, NULL, '2017-05-02', '2017-05-02 14:22:33', NULL, '2017-05-05 00:00:00', NULL, NULL, '2017-05-02 14:23:14', NULL, 246, NULL, NULL, NULL, NULL, NULL, 'SR. ALFREDO DELGADO', NULL, 0.12, 'cotizacion', NULL, NULL, NULL, 'aprobada', 3, '3 días', NULL, 74007.36, 'DE ACUERDO A SUS REQUERIMIENTOS', 'OBSERVACIONES GENERALES', 'Validez: 3 días', 'COTZ 2', 'COTZ 3', 1),
(15, 11, NULL, '2017-05-08', '2017-05-08 19:16:39', NULL, '2017-05-09 00:00:00', NULL, NULL, '2017-05-08 19:17:52', NULL, 27, NULL, NULL, NULL, NULL, NULL, 'SRA. BOLIVAR / KATTY', NULL, 0, 'cotizacion', NULL, NULL, NULL, 'aprobada', 1, '1 día', NULL, 98400.00, 'DE ACUERDO A SUS REQUERIMIENTOS', 'OBSERVACIONES GENERALES', 'Validez: 1 día', 'COTZ 2', 'COTZ 3', 1),
(16, 12, NULL, '2017-06-05', '2017-06-05 14:25:58', NULL, '2017-06-07 00:00:00', NULL, NULL, '2017-06-05 17:53:12', NULL, 232, NULL, NULL, NULL, NULL, NULL, 'GENEROSO', NULL, 0.12, 'cotizacion', NULL, NULL, NULL, 'aprobada', 3, '3 días', NULL, 724483.20, 'DE ACUERDO A SUS REQUERIMIENTOS', 'OBSERVACIONES GENERALES', 'Validez: 3 días', 'COTZ 2', 'COTZ 3', 1);

-- --------------------------------------------------------

--
-- Table structure for table `detallecotizacion`
--

CREATE TABLE IF NOT EXISTS `detallecotizacion` (
  `IdMovimiento` int(5) NOT NULL AUTO_INCREMENT,
  `idCotizacion` int(5) NOT NULL,
  `Item` int(2) DEFAULT NULL,
  `IdArticulo` varchar(9) DEFAULT NULL,
  `IdProducto` int(5) DEFAULT NULL,
  `Descripcion` varchar(60) DEFAULT NULL,
  `Cantidad` int(5) DEFAULT NULL,
  `PrecioUnit` float(8,2) DEFAULT NULL,
  `Porcentaje` int(1) DEFAULT NULL,
  `PrecioTotal` float(11,2) DEFAULT NULL,
  `Alicuota` int(2) DEFAULT NULL,
  `und` varchar(5) DEFAULT NULL,
  `IdItem` int(1) DEFAULT NULL,
  `TotalIVA` varchar(9) DEFAULT NULL,
  PRIMARY KEY (`IdMovimiento`)
) ENGINE=InnoDB  DEFAULT CHARSET=utf8 AUTO_INCREMENT=32 ;

--
-- Dumping data for table `detallecotizacion`
--

INSERT INTO `detallecotizacion` (`IdMovimiento`, `idCotizacion`, `Item`, `IdArticulo`, `IdProducto`, `Descripcion`, `Cantidad`, `PrecioUnit`, `Porcentaje`, `PrecioTotal`, `Alicuota`, `und`, `IdItem`, `TotalIVA`) VALUES
(1, 1, NULL, '73', NULL, 'ACETATOS', 9, 68500.00, NULL, 616500.00, NULL, 'UND', NULL, NULL),
(2, 2, NULL, '37', NULL, 'AGENDA DE TRABAJO ISOFI', 6, 9820.00, NULL, 58920.00, NULL, 'UND', NULL, NULL),
(3, 3, NULL, '118', NULL, 'BOLIGRAFOS FABER CASTELL C/TAPA NE 034', 24, 3950.75, NULL, 94818.00, NULL, 'UND', NULL, NULL),
(5, 5, NULL, '2288', NULL, 'AJAX LIQUIDO 2 LTS.', 9, 8620.00, NULL, 77580.00, NULL, 'UND', NULL, NULL),
(8, 4, NULL, '76', NULL, 'ACETATOS TRANS. T/C PAQ. X 50', 6, 8500.00, NULL, 51000.00, NULL, 'UND', NULL, NULL),
(12, 6, NULL, '73', NULL, 'ACETATOS', 4, 0.00, NULL, 0.00, NULL, 'UND', NULL, NULL),
(13, 8, NULL, '1045', NULL, 'CANON S35 TONER', 2, 117500.00, NULL, 235000.00, NULL, 'UND', NULL, NULL),
(15, 10, NULL, '54', NULL, 'ANILLOS DOBLE CARTA PLAST. 7/8', 25, 0.00, NULL, 0.00, NULL, 'UND', NULL, NULL),
(16, 10, NULL, '12', NULL, 'ARCHIVADORES LOMO ANCHO AKTA CARTA', 6, 0.00, NULL, 0.00, NULL, 'UND', NULL, NULL),
(18, 9, NULL, '1045', NULL, 'CANON S35 TONER', 3, 117500.00, NULL, 352500.00, NULL, 'UND', NULL, NULL),
(19, 7, NULL, '37', NULL, 'AGENDA DE TRABAJO ISOFI', 15, 0.00, NULL, 0.00, NULL, 'UND', NULL, NULL),
(20, 11, NULL, '36', NULL, 'AGENDAS EJECUTIVAS 2006 AZ/NE/', 50, 0.00, NULL, 0.00, NULL, 'UND', NULL, NULL),
(21, 11, NULL, '1813', NULL, 'AMPLIFICADOR MARCA: PROGRESIVE 200 EP', 3, 0.00, NULL, 0.00, NULL, 'UND', NULL, NULL),
(24, 12, NULL, '88', NULL, 'BANDAS DE GOMA Nº 18', 20, 3215.00, NULL, 64300.00, NULL, 'UND', NULL, NULL),
(25, 12, NULL, '154', NULL, 'BAT. 9 VOL. RAYOVAC', 5, 5422.00, NULL, 27110.00, NULL, 'UND', NULL, NULL),
(26, 13, NULL, '88', NULL, 'BANDAS DE GOMA Nº 18', 20, 3215.00, NULL, 64300.00, NULL, 'UND', NULL, NULL),
(27, 13, NULL, '154', NULL, 'BAT. 9 VOL. RAYOVAC', 5, 5422.00, NULL, 27110.00, NULL, 'UND', NULL, NULL),
(28, 14, NULL, '152', NULL, 'BAT. AA ALCALINA X 2', 6, 1233.00, NULL, 7398.00, NULL, 'UND', NULL, NULL),
(29, 14, NULL, '153', NULL, 'BAT. AAA ALCALINA', 9, 6520.00, NULL, 58680.00, NULL, 'UND', NULL, NULL),
(30, 15, NULL, '54', NULL, 'ANILLOS DOBLE CARTA PLAST. 7/8', 12, 8200.00, NULL, 98400.00, NULL, 'UND', NULL, NULL),
(31, 16, NULL, '1075', NULL, 'CANON E40 TONER PC940', 3, 215620.00, NULL, 646860.00, NULL, 'UND', NULL, NULL);

-- --------------------------------------------------------

--
-- Table structure for table `detallefactura`
--

CREATE TABLE IF NOT EXISTS `detallefactura` (
  `IdDetalle` int(5) NOT NULL AUTO_INCREMENT,
  `IdFactura` int(4) DEFAULT NULL,
  `Item` int(2) DEFAULT NULL,
  `IdArticulo` int(11) NOT NULL,
  `codigo_producto` varchar(9) DEFAULT NULL,
  `und` varchar(5) DEFAULT NULL,
  `Descripcion` varchar(60) DEFAULT NULL,
  `Cantidad` int(5) DEFAULT NULL,
  `PrecioUnit` varchar(10) DEFAULT NULL,
  `punit` float(11,2) NOT NULL DEFAULT '0.00',
  `Porcentaje` int(1) DEFAULT NULL,
  `PrecioTotal` float(11,2) NOT NULL,
  `IdItem` int(1) DEFAULT NULL,
  `TotalIVA` varchar(11) DEFAULT NULL,
  PRIMARY KEY (`IdDetalle`)
) ENGINE=MyISAM  DEFAULT CHARSET=utf8 AUTO_INCREMENT=40 ;

--
-- Dumping data for table `detallefactura`
--

INSERT INTO `detallefactura` (`IdDetalle`, `IdFactura`, `Item`, `IdArticulo`, `codigo_producto`, `und`, `Descripcion`, `Cantidad`, `PrecioUnit`, `punit`, `Porcentaje`, `PrecioTotal`, `IdItem`, `TotalIVA`) VALUES
(1, 1, NULL, 73, NULL, 'UND', 'ACETATOS', 9, '6500.00', 0.00, NULL, 58500.00, NULL, NULL),
(2, 2, NULL, 1028, NULL, 'UND', 'CANON TINTA BX-3 FAX B-540/550/640 NEGRO', 2, '117500.00', 0.00, NULL, 235000.00, NULL, NULL),
(3, 3, NULL, 37, NULL, 'UND', 'AGENDA DE TRABAJO ISOFI', 6, '6500.00', 0.00, NULL, 39000.00, NULL, NULL),
(4, 4, NULL, 1045, NULL, 'UND', 'CANON S35 TONER', 2, '117500.00', 0.00, NULL, 235000.00, NULL, NULL),
(15, 5, NULL, 1045, NULL, 'UND', 'CANON S35 TONER', 3, '117500.00', 0.00, NULL, 352500.00, NULL, NULL),
(16, 5, NULL, 37, NULL, 'UND', 'AGENDA DE TRABAJO ISOFI', 3, '3205.62', 0.00, NULL, 9616.86, NULL, NULL),
(19, 6, NULL, 152, NULL, 'UND', 'BAT. AA ALCALINA X 2', 4, '1500', 0.00, NULL, 6000.00, NULL, NULL),
(20, 6, NULL, 153, NULL, 'UND', 'BAT. AAA ALCALINA', 8, '2000', 0.00, NULL, 16000.00, NULL, NULL),
(21, 7, NULL, 152, NULL, 'UND', 'BAT. AA ALCALINA X 2', 12, '1500', 0.00, NULL, 18000.00, NULL, NULL),
(22, 7, NULL, 153, NULL, 'UND', 'BAT. AAA ALCALINA', 16, '2000', 0.00, NULL, 32000.00, NULL, NULL),
(29, 8, NULL, 153, NULL, 'UND', 'BAT. AAA ALCALINA', 16, '2000', 0.00, NULL, 32000.00, NULL, NULL),
(30, 8, NULL, 152, NULL, 'UND', 'BAT. AA ALCALINA X 2', 8, '1500', 0.00, NULL, 12000.00, NULL, NULL),
(31, 9, NULL, 153, NULL, 'UND', 'BAT. AAA ALCALINA', 16, '2000', 0.00, NULL, 32000.00, NULL, NULL),
(32, 9, NULL, 152, NULL, 'UND', 'BAT. AA ALCALINA X 2', 8, '1500', 0.00, NULL, 12000.00, NULL, NULL),
(33, 10, NULL, 152, NULL, 'UND', 'BAT. AA ALCALINA X 2', 6, '1233.00', 0.00, NULL, 7398.00, NULL, NULL),
(34, 10, NULL, 153, NULL, 'UND', 'BAT. AAA ALCALINA', 9, '6520.00', 0.00, NULL, 58680.00, NULL, NULL),
(35, 11, NULL, 54, NULL, 'UND', 'ANILLOS DOBLE CARTA PLAST. 7/8', 12, '8200.00', 0.00, NULL, 98400.00, NULL, NULL),
(37, 12, NULL, 2288, NULL, 'UND', 'AJAX LIQUIDO 2 LTS.', 8, '65520.00', 0.00, NULL, 524160.00, NULL, NULL),
(38, 13, NULL, 37, NULL, 'UND', 'AGENDA DE TRABAJO ISOFI', 3, '3200.00', 0.00, NULL, 9600.00, NULL, NULL),
(39, 14, NULL, 1075, NULL, 'UND', 'CANON E40 TONER PC940', 3, '215620.00', 0.00, NULL, 646860.00, NULL, NULL);

-- --------------------------------------------------------

--
-- Table structure for table `detallenota`
--

CREATE TABLE IF NOT EXISTS `detallenota` (
  `IdDetalle` int(5) NOT NULL AUTO_INCREMENT,
  `IdNota` int(4) DEFAULT NULL,
  `Item` int(2) DEFAULT NULL,
  `IdArticulo` int(11) NOT NULL,
  `codigo_producto` varchar(9) DEFAULT NULL,
  `Descripcion` varchar(60) DEFAULT NULL,
  `Cantidad` int(5) DEFAULT NULL,
  `PrecioUnit` varchar(11) DEFAULT '0.00',
  `punit` float(11,2) NOT NULL DEFAULT '0.00',
  `Porcentaje` int(1) DEFAULT NULL,
  `PrecioTotal` float(11,2) NOT NULL DEFAULT '0.00',
  `Alicuota` int(2) DEFAULT NULL,
  `und` varchar(5) DEFAULT NULL,
  `IdItem` int(1) DEFAULT NULL,
  `IdMovNE` varchar(10) DEFAULT NULL,
  `TotKgs` int(1) DEFAULT NULL,
  `TotMts` int(1) DEFAULT NULL,
  `TotalIVA` varchar(11) DEFAULT NULL,
  PRIMARY KEY (`IdDetalle`)
) ENGINE=MyISAM  DEFAULT CHARSET=utf8 AUTO_INCREMENT=16 ;

--
-- Dumping data for table `detallenota`
--

INSERT INTO `detallenota` (`IdDetalle`, `IdNota`, `Item`, `IdArticulo`, `codigo_producto`, `Descripcion`, `Cantidad`, `PrecioUnit`, `punit`, `Porcentaje`, `PrecioTotal`, `Alicuota`, `und`, `IdItem`, `IdMovNE`, `TotKgs`, `TotMts`, `TotalIVA`) VALUES
(1, 1, NULL, 76, NULL, 'ACETATOS TRANS. T/C PAQ. X 50', 9, '9500.00', 0.00, NULL, 85500.00, NULL, 'UND', NULL, NULL, NULL, NULL, NULL),
(2, 2, NULL, 73, NULL, 'ACETATOS', 200, '3250.00', 0.00, NULL, 650000.00, NULL, 'UND', NULL, NULL, NULL, NULL, NULL),
(6, 6, NULL, 32, NULL, 'ARCHICOMODO PLASTICO', 20, '15250.75', 0.00, NULL, 305015.00, NULL, 'UND', NULL, NULL, NULL, NULL, NULL),
(9, 7, NULL, 32, NULL, 'ARCHICOMODO PLASTICO', 18, '15250.75', 0.00, NULL, 274513.50, NULL, 'UND', NULL, NULL, NULL, NULL, NULL),
(11, 8, NULL, 152, NULL, 'BAT. AA ALCALINA X 2', 6, '1500', 0.00, NULL, 9000.00, NULL, 'UND', NULL, NULL, NULL, NULL, NULL),
(13, 9, NULL, 54, NULL, 'ANILLOS DOBLE CARTA PLAST. 7/8', 2, '8200.00', 0.00, NULL, 16400.00, NULL, 'UND', NULL, NULL, NULL, NULL, NULL),
(14, 10, NULL, 73, NULL, 'ACETATOS', 12, '1400.00', 0.00, NULL, 16800.00, NULL, 'UND', NULL, NULL, NULL, NULL, NULL),
(15, 11, NULL, 1812, NULL, 'AMPLIFICADOR', 12, '6500.00', 0.00, NULL, 78000.00, NULL, 'UND', NULL, NULL, NULL, NULL, NULL);

-- --------------------------------------------------------

--
-- Table structure for table `detalleordencompra`
--

CREATE TABLE IF NOT EXISTS `detalleordencompra` (
  `IdMovimiento` int(5) NOT NULL AUTO_INCREMENT,
  `idOrden` int(4) DEFAULT NULL,
  `Item` int(2) DEFAULT NULL,
  `IdArticulo` varchar(9) DEFAULT NULL,
  `Descripcion` varchar(60) DEFAULT NULL,
  `Cantidad` int(5) DEFAULT NULL,
  `PrecioUnit` float(8,2) DEFAULT NULL,
  `Porcentaje` int(1) DEFAULT NULL,
  `PrecioTotal` float(11,2) DEFAULT NULL,
  `und` varchar(5) DEFAULT NULL,
  `IdItem` int(1) DEFAULT NULL,
  `TotalIVA` varchar(9) DEFAULT NULL,
  PRIMARY KEY (`IdMovimiento`)
) ENGINE=InnoDB  DEFAULT CHARSET=utf8 AUTO_INCREMENT=34 ;

--
-- Dumping data for table `detalleordencompra`
--

INSERT INTO `detalleordencompra` (`IdMovimiento`, `idOrden`, `Item`, `IdArticulo`, `Descripcion`, `Cantidad`, `PrecioUnit`, `Porcentaje`, `PrecioTotal`, `und`, `IdItem`, `TotalIVA`) VALUES
(1, 2, NULL, '127', 'BOLIGRAFOS SOLITA C/TAPA NE', 50, 520.25, NULL, 26012.50, 'UND', NULL, NULL),
(2, 2, NULL, '126', 'BOLIGRAFOS SOLITA C/TAPA AZ', 70, 520.25, NULL, 36417.50, 'UND', NULL, NULL),
(3, 2, NULL, '128', 'BOLIGRAFOS SOLITA C/TAPA RO', 60, 520.25, NULL, 31215.00, 'UND', NULL, NULL),
(4, 3, NULL, '74', 'ACETATOS TRANSP, T/CARTA PAQ. X 100', 6, 785.02, NULL, 4710.12, 'UND', NULL, NULL),
(5, 3, NULL, '46', 'ANILLOS PLASTICOS DOBLE CARTA 2', 50, 985.02, NULL, 49251.00, 'UND', NULL, NULL),
(6, 4, NULL, '276', 'CINTA KORES GR 187C KORES', 5, 915.35, NULL, 4576.75, 'UND', NULL, NULL),
(10, 5, NULL, '2453', 'SOBRES KRAFT MARRON T/CARTA', 2850, 62.00, NULL, 176700.00, 'UND', NULL, NULL),
(11, 5, NULL, '104', 'BLOCK DE RAYA T/CARTA', 18, 1580.20, NULL, 28443.60, 'UND', NULL, NULL),
(12, 6, NULL, '1034', 'CANON GPR-2 IMAGE RUNNER 330/400', 2, 232650.23, NULL, 465300.47, 'UND', NULL, NULL),
(13, 6, NULL, '1364', 'HP 122 CH561HL NEGRO', 3, 113642.23, NULL, 340926.69, 'UND', NULL, NULL),
(14, 7, NULL, '73', 'ACETATOS', 6, 9500.00, NULL, 57000.00, 'UND', NULL, NULL),
(15, 8, NULL, '721', 'PAPEL P/FOTOCOPIADORA', 30, 12000.00, NULL, 360000.00, 'UND', NULL, NULL),
(16, 9, NULL, '13', 'ARCHIVADOR LOMO ANCHO T/OFICIO', 25, 6200.00, NULL, 155000.00, 'UND', NULL, NULL),
(17, 9, NULL, '152', 'BAT. AA ALCALINA X 2', 3, 65000.00, NULL, 195000.00, 'UND', NULL, NULL),
(18, 10, NULL, '721', 'PAPEL P/FOTOCOPIADORA', 20, 32000.00, NULL, 640000.00, 'UND', NULL, NULL),
(19, 11, NULL, '37', 'AGENDA DE TRABAJO ISOFI', 12, 12000.00, NULL, 144000.00, 'UND', NULL, NULL),
(20, 12, NULL, '51', 'ANILLO DOBLE CARTA PLAST. 9/16', 12, 6550.00, NULL, 78600.00, 'UND', NULL, NULL),
(21, 12, NULL, '42', 'ANILLOS PLAST. P/ENC. 3/4 PAQ. X 50', 10, 7620.00, NULL, 76200.00, 'UND', NULL, NULL),
(30, 14, NULL, '134', 'BOLIGRAFOS UNIBMICRO ROJO', 30, 5600.00, NULL, 168000.00, 'UND', NULL, NULL),
(31, 14, NULL, '37', 'AGENDA DE TRABAJO ISOFI', 12, 5580.32, NULL, 66963.84, 'UND', NULL, NULL),
(32, 13, NULL, '134', 'BOLIGRAFOS UNIBMICRO ROJO', 30, 5600.00, NULL, 168000.00, 'UND', NULL, NULL),
(33, 13, NULL, '39', 'ANILLOS PLAST. P/ENC. 1/4', 1, 13620.00, NULL, 13620.00, 'UND', NULL, NULL);

-- --------------------------------------------------------

--
-- Table structure for table `detallepedido`
--

CREATE TABLE IF NOT EXISTS `detallepedido` (
  `IdMovimiento` int(4) NOT NULL AUTO_INCREMENT,
  `IdPedido` int(3) DEFAULT NULL,
  `IdPedido2` int(5) DEFAULT NULL,
  `Item` int(2) DEFAULT NULL,
  `IdArticulo` varchar(9) DEFAULT NULL,
  `IdProducto` int(5) DEFAULT NULL,
  `Descripcion` varchar(58) DEFAULT NULL,
  `Cantidad` int(4) DEFAULT NULL,
  `PrecioUnit` float(11,2) DEFAULT NULL,
  `Porcentaje` int(1) DEFAULT NULL,
  `PrecioTotal` float(11,2) DEFAULT NULL,
  `Alicuota` int(2) DEFAULT NULL,
  `und` varchar(4) DEFAULT NULL,
  `IdItem` int(1) DEFAULT NULL,
  `TotalIVA` varchar(8) DEFAULT NULL,
  PRIMARY KEY (`IdMovimiento`)
) ENGINE=InnoDB DEFAULT CHARSET=utf8 AUTO_INCREMENT=1 ;

--
-- Dumping data for table `detallepedido`
--


-- --------------------------------------------------------

--
-- Table structure for table `factura`
--

CREATE TABLE IF NOT EXISTS `factura` (
  `idFactura` int(5) NOT NULL AUTO_INCREMENT,
  `numero` int(5) NOT NULL,
  `idCliente` int(7) DEFAULT NULL,
  `fecha_emision` datetime DEFAULT NULL,
  `fecha_registro` datetime DEFAULT NULL,
  `fecha_modificacion` datetime DEFAULT NULL,
  `fecha_vencimiento` datetime DEFAULT NULL,
  `fecha_venc_sist` datetime DEFAULT NULL,
  `fecha_pago` datetime DEFAULT NULL,
  `fecha_anulacion` datetime DEFAULT NULL,
  `idCotizacion` int(7) DEFAULT NULL,
  `orden_compra` varchar(15) DEFAULT NULL,
  `estado` varchar(20) DEFAULT NULL,
  `valor_condicion` int(11) DEFAULT NULL,
  `condicion` varchar(30) DEFAULT NULL,
  `idVendedor` int(1) DEFAULT NULL,
  `iva` decimal(10,2) DEFAULT NULL,
  `SubTotal` varchar(9) DEFAULT NULL,
  `TotalDescto` int(1) DEFAULT NULL,
  `TotalRecargo` int(1) DEFAULT NULL,
  `Total` varchar(10) DEFAULT NULL,
  `TipoDoc` varchar(1) DEFAULT NULL,
  `introduccion` varchar(200) DEFAULT NULL,
  `Observaciones` varchar(50) DEFAULT NULL,
  `Observaciones1` varchar(50) DEFAULT NULL,
  `Observaciones2` varchar(50) DEFAULT NULL,
  `Observaciones3` varchar(50) DEFAULT NULL,
  `idUsuario` int(11) DEFAULT NULL,
  PRIMARY KEY (`idFactura`),
  KEY `idUsuario` (`idUsuario`),
  KEY `IdCotizacion` (`idCotizacion`)
) ENGINE=InnoDB  DEFAULT CHARSET=utf8 AUTO_INCREMENT=15 ;

--
-- Dumping data for table `factura`
--

INSERT INTO `factura` (`idFactura`, `numero`, `idCliente`, `fecha_emision`, `fecha_registro`, `fecha_modificacion`, `fecha_vencimiento`, `fecha_venc_sist`, `fecha_pago`, `fecha_anulacion`, `idCotizacion`, `orden_compra`, `estado`, `valor_condicion`, `condicion`, `idVendedor`, `iva`, `SubTotal`, `TotalDescto`, `TotalRecargo`, `Total`, `TipoDoc`, `introduccion`, `Observaciones`, `Observaciones1`, `Observaciones2`, `Observaciones3`, `idUsuario`) VALUES
(1, 1, 258, '2017-04-18 00:00:00', '2017-04-18 18:12:15', NULL, '2017-05-03 00:00:00', '2017-05-03 20:50:33', NULL, NULL, NULL, '8520', 'vencida', 15, '15 días', NULL, 0.12, NULL, NULL, NULL, '65520.00', NULL, '', 'IMPORTANTE', 'EMITIR CHEQUE NO ENDOSABLE A NOMBRE DE:', 'FAC 2', 'FAC 3', 1),
(2, 2, 49, '2017-04-18 00:00:00', '2017-04-18 18:15:48', NULL, '2017-05-03 00:00:00', '2017-05-03 20:50:33', NULL, NULL, NULL, '8530', 'vencida', 15, '15 días', NULL, 0.12, NULL, NULL, NULL, '263200.00', NULL, '', 'IMPORTANTE', 'EMITIR CHEQUE NO ENDOSABLE A NOMBRE DE:', 'FAC 2', 'FAC 3', 1),
(3, 3, 143, '2017-04-20 00:00:00', '2017-04-20 16:40:40', NULL, '2017-05-05 00:00:00', '2017-05-06 02:17:38', NULL, NULL, NULL, '9562', 'vencida', 15, '15 días', NULL, 0.12, NULL, NULL, NULL, '43680.00', NULL, '', 'IMPORTANTE', 'EMITIR CHEQUE NO ENDOSABLE A NOMBRE DE:', 'FAC 2', 'FAC 3', 1),
(4, 4, 111, '2017-04-27 00:00:00', '2017-04-27 18:21:08', NULL, '2017-04-30 00:00:00', '2017-05-01 12:26:44', NULL, NULL, 8, 'N/A', 'vencida', 3, '3 días', NULL, 0.12, NULL, NULL, NULL, '263200', NULL, '', 'IMPORTANTE', 'EMITIR CHEQUE NO ENDOSABLE A NOMBRE DE:', 'FAC 2', 'FAC 3', 1),
(5, 5, 111, '2017-04-28 00:00:00', '2017-04-28 14:48:07', '2017-04-28 15:23:51', '2017-04-29 00:00:00', '2017-05-01 12:26:44', NULL, NULL, 8, '9521', 'vencida', 1, 'CONTADO', NULL, 0.12, '362116.86', NULL, NULL, '405570.88', NULL, '', 'IMPORTANTE', 'EMITIR CHEQUE NO ENDOSABLE A NOMBRE DE:', 'FAC 2', 'FAC 3', 1),
(6, 6, 246, '2017-05-02 00:00:00', '2017-05-02 14:24:16', '2017-05-02 14:39:08', '2017-05-05 00:00:00', '2017-05-06 02:17:38', NULL, NULL, 14, '9520', 'vencida', 3, '3 días', NULL, 0.12, '22000.00', NULL, NULL, '24640', NULL, '', 'IMPORTANTE', 'EMITIR CHEQUE NO ENDOSABLE A NOMBRE DE:', 'FAC 2', 'FAC 3', 1),
(7, 7, 246, '2017-05-02 00:00:00', '2017-05-02 14:42:25', NULL, '2017-05-03 00:00:00', '2017-05-03 20:50:33', NULL, NULL, NULL, '6231', 'vencida', 1, 'CONTADO', NULL, 0.12, NULL, NULL, NULL, '56000', NULL, '', 'IMPORTANTE', 'EMITIR CHEQUE NO ENDOSABLE A NOMBRE DE:', 'FAC 2', 'FAC 3', 1),
(8, 8, 246, '2017-05-02 00:00:00', '2017-05-02 14:55:24', '2017-05-02 15:22:33', '2017-05-17 00:00:00', NULL, NULL, '2017-05-02 15:24:45', 14, '9216', 'anulada', 15, '15 días', NULL, 0.12, '44000.00', NULL, NULL, '49280', NULL, '', 'IMPORTANTE', 'EMITIR CHEQUE NO ENDOSABLE A NOMBRE DE:', 'FAC 2', 'FAC 3', 1),
(9, 9, 246, '2017-05-02 00:00:00', '2017-05-02 15:34:52', NULL, '2017-05-05 00:00:00', NULL, '2017-05-02 15:34:57', NULL, 14, '9254', 'pagada', 3, '3 días', NULL, 0.12, NULL, NULL, NULL, '49280', NULL, '', 'IMPORTANTE', 'EMITIR CHEQUE NO ENDOSABLE A NOMBRE DE:', 'FAC 2', 'FAC 3', 1),
(10, 10, 246, '2017-05-06 00:00:00', '2017-05-06 02:29:51', NULL, '2017-05-07 00:00:00', '2017-05-07 20:05:06', NULL, NULL, 14, 'N/A', 'vencida', 1, 'CONTADO', NULL, 0.12, NULL, NULL, NULL, '74007.36', NULL, '', 'IMPORTANTE', 'EMITIR CHEQUE NO ENDOSABLE A NOMBRE DE:', 'FAC 2', 'FAC 3', 1),
(11, 11, 27, '2017-05-08 00:00:00', '2017-05-08 19:18:28', NULL, '2017-05-09 00:00:00', '2017-05-09 09:28:01', NULL, NULL, 15, 'N/A', 'vencida', 1, 'CONTADO', NULL, 0.00, NULL, NULL, NULL, '98400', NULL, '', 'IMPORTANTE', 'EMITIR CHEQUE NO ENDOSABLE A NOMBRE DE:', 'FAC 2', 'FAC 3', 1),
(12, 12, 247, '2017-05-08 00:00:00', '2017-05-08 22:08:49', '2017-05-08 22:31:52', '2017-05-11 00:00:00', '2017-05-16 15:42:26', NULL, NULL, NULL, '9562', 'vencida', 3, '3 días', NULL, 0.12, '524160.00', NULL, NULL, '587059.2', NULL, '', 'IMPORTANTE', 'EMITIR CHEQUE NO ENDOSABLE A NOMBRE DE:', 'FAC 2', 'FAC 3', 1),
(13, 13, 47, '2017-06-05 00:00:00', '2017-06-05 11:39:58', NULL, '2017-06-07 00:00:00', '2017-06-07 10:18:16', NULL, NULL, NULL, '6521', 'vencida', 3, '3 días', NULL, 0.12, NULL, NULL, NULL, '10752', NULL, '', 'IMPORTANTE', 'EMITIR CHEQUE NO ENDOSABLE A NOMBRE DE:', 'FAC 2', 'FAC 3', 1),
(14, 14, 232, '2017-06-07 00:00:00', '2017-06-07 15:15:21', NULL, '2017-06-27 00:00:00', NULL, NULL, NULL, 16, '6521', 'pendiente', 15, '15 días', NULL, 0.12, NULL, NULL, NULL, '724483.2', NULL, '', 'IMPORTANTE', 'EMITIR CHEQUE NO ENDOSABLE A NOMBRE DE:', '', '33333333333333333333333333333333333333333333333333', 1);

-- --------------------------------------------------------

--
-- Table structure for table `formato`
--

CREATE TABLE IF NOT EXISTS `formato` (
  `idFormato` int(11) NOT NULL AUTO_INCREMENT,
  `doc` varchar(15) COLLATE utf8_spanish_ci DEFAULT NULL,
  `entrada` varchar(120) COLLATE utf8_spanish_ci DEFAULT NULL,
  `enc1` varchar(80) COLLATE utf8_spanish_ci DEFAULT NULL,
  `enc2` varchar(80) COLLATE utf8_spanish_ci DEFAULT NULL,
  `enc3` varchar(80) COLLATE utf8_spanish_ci DEFAULT NULL,
  `enc4` varchar(80) COLLATE utf8_spanish_ci DEFAULT NULL,
  `enc5` varchar(80) COLLATE utf8_spanish_ci DEFAULT NULL,
  `enc6` varchar(80) COLLATE utf8_spanish_ci DEFAULT NULL,
  `titulo_obs` varchar(80) COLLATE utf8_spanish_ci DEFAULT NULL,
  `obs1` varchar(120) COLLATE utf8_spanish_ci DEFAULT NULL,
  `obs2` varchar(120) COLLATE utf8_spanish_ci DEFAULT NULL,
  `obs3` varchar(120) COLLATE utf8_spanish_ci DEFAULT NULL,
  `idUsuario` int(11) DEFAULT NULL,
  PRIMARY KEY (`idFormato`),
  KEY `idUsuario` (`idUsuario`)
) ENGINE=InnoDB  DEFAULT CHARSET=utf8 COLLATE=utf8_spanish_ci AUTO_INCREMENT=9 ;

--
-- Dumping data for table `formato`
--

INSERT INTO `formato` (`idFormato`, `doc`, `entrada`, `enc1`, `enc2`, `enc3`, `enc4`, `enc5`, `enc6`, `titulo_obs`, `obs1`, `obs2`, `obs3`, `idUsuario`) VALUES
(1, 'ctz', 'DE ACUERDO A SUS REQUERIMIENTOS', 'INSUMOS INFORMÁTICOS R&G, C.A', 'Suministros para Computación y Papelería', 'Calle Este 16, Sordo a Peláez, Residencias Sorpe, PB, local 1', 'Parroquia Sta Rosalía, RIF.: J-30771508-1', 'Teléfonos (0212) 5456529 / 3955955 / Telefax: 5424137 Cel: 04166244269', 'email: insumos_rg@cantv.net    /   rginsumosinformaticos@gmail.com', 'OBSERVACIONES GENERALES', '#vctz', '', '', 1),
(2, 'ndc', '', 'INSUMOS INFORMÁTICOS R&G, C.A', 'Suministros para Computación y Papelería', 'Calle Este 16, Sordo a Peláez, Residencias Sorpe, PB, local 1', 'Parroquia Sta Rosalía, RIF.: J-30771508-1', 'Teléfonos (0212) 5456529 / 3955955 / Telefax: 5424137 Cel: 04166244269', 'email: insumos_rg@cantv.net    /   rginsumosinformaticos@gmail.com', 'CONSIDERACIONES', '', '', '', 1),
(3, 'ndd', 'NOTA DE DÉBITO', '', '', '', '', '', '', 'CONCEPTO', '', '', '', 1),
(4, 'nde', '', 'INSUMOS INFORMÁTICOS R&G, C.A.', 'Suministros para Computación y Papelería', 'Calle Este 16, Sordo a Peláez, Residencias Sorpe, PB, local 1', 'Parroquia Sta Rosalía, RIF.: J-30771508-1', 'Teléfonos (0212) 5456529 / 3955955 / Telefax: 5424137 Cel: 04166244269', 'email: insumos_rg@cantv.net    /   rginsumosinformaticos@gmail.com', 'RECIBIDO CONFORME', '', '', '_____________________________________________', 1),
(5, 'fac', NULL, '', '', '', '', '', '', 'IMPORTANTE', 'EMITIR CHEQUE NO ENDOSABLE A NOMBRE DE:', '', '', 1),
(6, 'sctz', 'Agredecido de su pronta respuesta', 'INSUMOS INFORMÁTICOS R&G, C.A.', 'Suministros para Computación y Papelería', 'Calle Este 16, Sordo a Peláez, Residencias Sorpe, PB, local 1', 'Parroquia Sta Rosalía', 'Teléfonos (0212) 5456529 / 3955955 / Telefax: 5424137 Cel: 04166244269', 'mrangel@mgideas.net / mikeven@gmail.com', 'INFORMACIÓN DE INTERÉS', 'SC1', 'SC2', 'SC3', 1),
(7, 'odc', 'De acuerdo a la cotización', 'INSUMOS INFORMÁTICOS R&G, C.A.', 'Suministros para Computación y Papelería', 'Calle Este 16, Sordo a Peláez, Residencias Sorpe, PB, local 1', 'Parroquia Sta Rosalía, RIF.: J-30771508-1', 'Teléfonos (0212) 5456529 / 3955955 / Telefax: 5424137 Cel: 04166244269', 'email: insumos_rg@cantv.net    /   rginsumosinformaticos@gmail.com', 'ORDEN DE COMPRA', 'oc1', 'oc2', 'oc3', 1),
(8, 'ped', 'PEDIDOS', 'INSUMOS INFORMÁTICOS R&G, C.A.', 'Suministros para Computación y Papelería', 'Calle Este 16, Sordo a Peláez, Residencias Sorpe, PB, local 1', 'Parroquia Sta Rosalía', 'Teléfonos (0212) 5456529 / 3955955 / Telefax: 5424137 Cel: 04166244269', 'mrangel@mgideas.net / mikeven@gmail.com', 'TITULO PEDIDOS', 'PED1', 'PED2', 'PED3', 1);

-- --------------------------------------------------------

--
-- Table structure for table `gasto`
--

CREATE TABLE IF NOT EXISTS `gasto` (
  `idGasto` int(11) NOT NULL AUTO_INCREMENT,
  `fecha_registro` datetime NOT NULL,
  `fecha_pago` datetime NOT NULL,
  `concepto` varchar(100) COLLATE utf8_spanish_ci NOT NULL,
  `monto` float(10,2) NOT NULL,
  `monto_pagado` float(10,2) DEFAULT NULL,
  `forma_pago` varchar(50) COLLATE utf8_spanish_ci NOT NULL,
  `banco` varchar(100) COLLATE utf8_spanish_ci NOT NULL,
  `tipo` varchar(30) COLLATE utf8_spanish_ci NOT NULL,
  `idUsuario` int(11) NOT NULL,
  PRIMARY KEY (`idGasto`)
) ENGINE=MyISAM DEFAULT CHARSET=utf8 COLLATE=utf8_spanish_ci AUTO_INCREMENT=1 ;

--
-- Dumping data for table `gasto`
--


-- --------------------------------------------------------

--
-- Table structure for table `nota`
--

CREATE TABLE IF NOT EXISTS `nota` (
  `idNota` int(5) NOT NULL AUTO_INCREMENT,
  `numero` int(5) DEFAULT NULL,
  `idCliente` int(7) DEFAULT NULL,
  `fecha_emision` datetime DEFAULT NULL,
  `fecha_registro` datetime DEFAULT NULL,
  `fecha_modificacion` datetime DEFAULT NULL,
  `fecha_anulacion` datetime DEFAULT NULL,
  `tipo` varchar(15) DEFAULT NULL,
  `idFactura` int(2) DEFAULT NULL,
  `estado` varchar(20) DEFAULT NULL,
  `idVendedor` int(1) DEFAULT NULL,
  `iva` decimal(10,2) DEFAULT NULL,
  `SubTotal` varchar(9) DEFAULT NULL,
  `ISV` varchar(9) DEFAULT NULL,
  `Total` varchar(10) DEFAULT NULL,
  `idPedido` int(7) DEFAULT NULL,
  `concepto` varchar(120) DEFAULT NULL,
  `tipo_concepto` varchar(20) DEFAULT NULL,
  `introduccion` varchar(150) DEFAULT NULL,
  `Observaciones` varchar(50) DEFAULT NULL,
  `Observaciones1` varchar(50) DEFAULT NULL,
  `Observaciones2` varchar(50) DEFAULT NULL,
  `Observaciones3` varchar(50) DEFAULT NULL,
  `idUsuario` int(11) DEFAULT NULL,
  PRIMARY KEY (`idNota`),
  KEY `idUsuario` (`idUsuario`)
) ENGINE=InnoDB  DEFAULT CHARSET=utf8 AUTO_INCREMENT=12 ;

--
-- Dumping data for table `nota`
--

INSERT INTO `nota` (`idNota`, `numero`, `idCliente`, `fecha_emision`, `fecha_registro`, `fecha_modificacion`, `fecha_anulacion`, `tipo`, `idFactura`, `estado`, `idVendedor`, `iva`, `SubTotal`, `ISV`, `Total`, `idPedido`, `concepto`, `tipo_concepto`, `introduccion`, `Observaciones`, `Observaciones1`, `Observaciones2`, `Observaciones3`, `idUsuario`) VALUES
(1, 1, 141, '2017-04-20 00:00:00', '2017-04-20 17:01:52', NULL, NULL, 'nota_entrega', NULL, 'pendiente', NULL, 0.12, '85500.00', NULL, '95760', NULL, '', '', NULL, 'RECIBIDO CONFORME', '', '', '_____________________________________________', 1),
(2, 2, 94, '2017-04-24 00:00:00', '2017-04-24 20:22:18', NULL, NULL, 'nota_entrega', NULL, 'pendiente', NULL, 0.12, '650000.00', NULL, '728000', NULL, '', '', NULL, 'RECIBIDO CONFORME', '', '', '_____________________________________________', 1),
(3, 1, 49, '2017-04-24 00:00:00', '2017-04-24 20:34:48', NULL, NULL, 'nota_credito', 2, 'pendiente', NULL, 0.12, '35000.00', NULL, '39200', NULL, '', 'Ajuste global', NULL, 'CONSIDERACIONES', '', '', '', 1),
(4, 2, 49, '2017-04-24 00:00:00', '2017-04-24 20:36:12', NULL, NULL, 'nota_credito', 2, 'pendiente', NULL, 0.12, '85000.00', NULL, '95200', NULL, 'Descripción MM', 'Ajuste global', NULL, 'CONSIDERACIONES', '', '', '', 1),
(5, 1, 258, '2017-04-24 00:00:00', '2017-04-24 21:03:36', '2017-04-24 21:23:58', NULL, 'nota_debito', 1, 'pendiente', NULL, 0.12, '18500.00', NULL, '20720', NULL, 'Devolución por defectos', 'Ajuste global', NULL, 'CONCEPTO', '', '', '', 1),
(6, 3, 107, '2017-04-28 00:00:00', '2017-04-28 17:11:28', '2017-04-28 17:57:32', NULL, 'nota_entrega', NULL, 'pendiente', NULL, 0.12, '305015.00', NULL, '341616.8', NULL, 'Omisión de factura', '', NULL, 'RECIBIDO CONFORME', '', '', '_____________________________________________', 1),
(7, 4, 107, '2017-05-02 00:00:00', '2017-05-02 17:42:55', '2017-05-02 19:57:10', NULL, 'nota_entrega', NULL, 'pendiente', NULL, 0.12, '274513.50', NULL, '307455.12', NULL, '', '', NULL, 'RECIBIDO CONFORME', '', '', '_____________________________________________', 1),
(8, 3, 246, '2017-05-02 00:00:00', '2017-05-02 21:56:27', '2017-05-02 23:03:07', '2017-05-02 23:03:21', 'nota_credito', 6, 'anulada', NULL, 0.12, '9000.00', NULL, '10080', NULL, 'Defecto', 'Devolución de mercan', NULL, 'CONSIDERACIONES', '', '', '', 1),
(9, 4, 27, '2017-05-08 00:00:00', '2017-05-08 19:19:33', '2017-05-08 19:19:54', NULL, 'nota_credito', 11, 'pendiente', NULL, 0.00, '16400.00', NULL, '16400', NULL, '', '', NULL, 'CONSIDERACIONES', '', '', '', 1),
(10, 5, 143, '2017-06-16 00:00:00', '2017-06-16 17:04:39', NULL, NULL, 'nota_entrega', NULL, 'pendiente', NULL, 0.12, '16800.00', NULL, '18816', NULL, '', '', NULL, 'RECIBIDO CONFORME', '', '', '_____________________________________________', 1),
(11, 6, 247, '2017-06-16 00:00:00', '2017-06-16 17:19:17', NULL, NULL, 'nota_entrega', NULL, 'pendiente', NULL, 0.00, '78000.00', NULL, '78000', NULL, '', '', NULL, 'RECIBIDO CONFORME', '', '', '_____________________________________________', 1);

-- --------------------------------------------------------

--
-- Table structure for table `orden_compra`
--

CREATE TABLE IF NOT EXISTS `orden_compra` (
  `idOrden` int(5) NOT NULL AUTO_INCREMENT,
  `numero` int(5) DEFAULT NULL,
  `idProveedor` int(7) DEFAULT NULL,
  `fecha_registro` datetime DEFAULT NULL,
  `fecha_emision` datetime DEFAULT NULL,
  `fecha_modificacion` datetime DEFAULT NULL,
  `iva` decimal(10,2) DEFAULT NULL,
  `subtotal` varchar(9) DEFAULT NULL,
  `total` varchar(10) DEFAULT NULL,
  `estado` varchar(20) DEFAULT NULL,
  `introduccion` varchar(200) DEFAULT NULL,
  `Observaciones` varchar(50) DEFAULT NULL,
  `Observaciones1` varchar(17) DEFAULT NULL,
  `Observaciones2` varchar(10) DEFAULT NULL,
  `Observaciones3` varchar(10) DEFAULT NULL,
  `texto` varchar(5) DEFAULT NULL,
  `documento` varchar(20) DEFAULT NULL,
  `idUsuario` int(11) DEFAULT NULL,
  PRIMARY KEY (`idOrden`),
  KEY `idProveedor` (`idProveedor`),
  KEY `idUsuario` (`idUsuario`)
) ENGINE=InnoDB  DEFAULT CHARSET=utf8 AUTO_INCREMENT=15 ;

--
-- Dumping data for table `orden_compra`
--

INSERT INTO `orden_compra` (`idOrden`, `numero`, `idProveedor`, `fecha_registro`, `fecha_emision`, `fecha_modificacion`, `iva`, `subtotal`, `total`, `estado`, `introduccion`, `Observaciones`, `Observaciones1`, `Observaciones2`, `Observaciones3`, `texto`, `documento`, `idUsuario`) VALUES
(2, 2, 3, NULL, '2017-02-03 00:00:00', NULL, 0.12, NULL, '104882.40', 'pendiente', 'Datos de la orden de compra', 'CONDICIONES ORDEN DE COMPRA', 'oc1', 'oc2', 'oc3', NULL, NULL, 1),
(3, 3, 1, NULL, '2017-02-03 00:00:00', NULL, 0.12, NULL, '60436.45', 'pendiente', 'Datos de la orden de compra', 'ORDEN DE COMPRA', 'oc1', 'oc2', 'oc3', NULL, NULL, 1),
(4, 4, 1, NULL, '2017-02-08 00:00:00', NULL, 0.12, NULL, '5125.96', 'pendiente', 'De acuerdo a la cotización', 'ORDEN DE COMPRA', 'oc1', 'oc2', 'oc3', NULL, NULL, 1),
(5, 5, 4, NULL, '2017-02-19 00:00:00', '2017-03-27 16:06:52', 0.12, '205143.60', '229760.83', 'pendiente', 'De acuerdo a la cotización', 'ORDEN DE COMPRA', 'oc1', 'oc2', 'oc3', NULL, NULL, 1),
(6, 6, 5, NULL, '2017-03-27 00:00:00', NULL, 0.12, NULL, '902974.41', 'pendiente', 'De acuerdo a la cotización', 'ORDEN DE COMPRA', 'oc1', 'oc2', 'oc3', NULL, NULL, 1),
(7, 7, 3, NULL, '2017-04-20 00:00:00', NULL, 0.12, NULL, '63840', 'pendiente', 'De acuerdo a la cotización', 'ORDEN DE COMPRA', 'oc1', 'oc2', 'oc3', NULL, NULL, 1),
(8, 8, 4, NULL, '2017-04-20 00:00:00', NULL, 0.12, NULL, '403200', 'pendiente', 'De acuerdo a la cotización', 'ORDEN DE COMPRA', 'oc1', 'oc2', 'oc3', NULL, NULL, 1),
(9, 9, 5, NULL, '2017-04-28 00:00:00', NULL, 0.12, NULL, '392000', 'pendiente', 'De acuerdo a la cotización', 'ORDEN DE COMPRA', 'oc1', 'oc2', 'oc3', NULL, NULL, 1),
(10, 10, 4, '2017-04-28 11:46:51', '2017-04-28 00:00:00', NULL, 0.12, NULL, '716800', 'pendiente', 'De acuerdo a la cotización', 'ORDEN DE COMPRA', 'oc1', 'oc2', 'oc3', NULL, NULL, 1),
(11, 11, 4, '2017-04-28 12:00:37', '2017-04-28 00:00:00', NULL, 0.12, NULL, '161280', 'pendiente', 'De acuerdo a la cotización', 'ORDEN DE COMPRA', 'oc1', 'oc2', 'oc3', NULL, NULL, 1),
(12, 12, 6, '2017-05-01 15:24:47', '2017-05-01 00:00:00', NULL, 0.12, NULL, '173376', 'pendiente', 'De acuerdo a la cotización', 'ORDEN DE COMPRA', 'oc1', 'oc2', 'oc3', NULL, NULL, 1),
(13, 13, 5, '2017-05-02 10:21:10', '2017-05-02 00:00:00', '2017-05-02 14:13:50', 0.12, '181620.00', '203414.4', 'pendiente', 'De acuerdo a la cotización', 'ORDEN DE COMPRA', 'oc1', 'oc2', 'oc3', NULL, NULL, 1),
(14, 14, 5, '2017-05-02 14:13:29', '2017-05-02 00:00:00', NULL, 0.12, NULL, '263159.5', 'pendiente', 'De acuerdo a la cotización', 'ORDEN DE COMPRA', 'oc1', 'oc2', 'oc3', NULL, NULL, 1);

-- --------------------------------------------------------

--
-- Table structure for table `pedido`
--

CREATE TABLE IF NOT EXISTS `pedido` (
  `numero` int(3) DEFAULT NULL,
  `IdPedido2` int(5) NOT NULL AUTO_INCREMENT,
  `Fecha` varchar(10) DEFAULT NULL,
  `fecha_emision` date DEFAULT NULL,
  `TieneCotiz` varchar(9) DEFAULT NULL,
  `IdCliente` int(7) DEFAULT NULL,
  `IdCliente2` int(5) DEFAULT NULL,
  `IdCotizacion2` int(5) DEFAULT NULL,
  `IdCotizacion` int(4) DEFAULT NULL,
  `AnalisisAd` int(1) DEFAULT NULL,
  `IdCondicion` int(2) DEFAULT NULL,
  `IdVendedor` int(1) DEFAULT NULL,
  `IdZona` int(1) DEFAULT NULL,
  `IdSucursal` int(1) DEFAULT NULL,
  `iva` float(3,2) DEFAULT NULL,
  `NoOrden` int(1) DEFAULT NULL,
  `FechaEntrega` varchar(10) DEFAULT NULL,
  `SubTotal` varchar(8) DEFAULT NULL,
  `TotalDescto` int(1) DEFAULT NULL,
  `TotalRecargo` int(1) DEFAULT NULL,
  `IdDescuento` int(1) DEFAULT NULL,
  `IdRecargo` int(1) DEFAULT NULL,
  `PoVDescto` int(1) DEFAULT NULL,
  `PoVRecargo` int(1) DEFAULT NULL,
  `Afecto` varchar(8) DEFAULT NULL,
  `ISV` varchar(7) DEFAULT NULL,
  `Total` decimal(9,2) DEFAULT NULL,
  `Pedido` varchar(9) DEFAULT NULL,
  `IdAlmacen` int(1) DEFAULT NULL,
  `introduccion` varchar(200) DEFAULT NULL,
  `Observaciones` varchar(10) DEFAULT NULL,
  `Observaciones1` varchar(10) DEFAULT NULL,
  `Observaciones2` varchar(10) DEFAULT NULL,
  `Observaciones3` varchar(10) DEFAULT NULL,
  `Paridad` int(1) DEFAULT NULL,
  `idUsuario` int(11) DEFAULT NULL,
  PRIMARY KEY (`IdPedido2`),
  KEY `idUsuario` (`idUsuario`)
) ENGINE=InnoDB  DEFAULT CHARSET=utf8 AUTO_INCREMENT=171 ;

--
-- Dumping data for table `pedido`
--

INSERT INTO `pedido` (`numero`, `IdPedido2`, `Fecha`, `fecha_emision`, `TieneCotiz`, `IdCliente`, `IdCliente2`, `IdCotizacion2`, `IdCotizacion`, `AnalisisAd`, `IdCondicion`, `IdVendedor`, `IdZona`, `IdSucursal`, `iva`, `NoOrden`, `FechaEntrega`, `SubTotal`, `TotalDescto`, `TotalRecargo`, `IdDescuento`, `IdRecargo`, `PoVDescto`, `PoVRecargo`, `Afecto`, `ISV`, `Total`, `Pedido`, `IdAlmacen`, `introduccion`, `Observaciones`, `Observaciones1`, `Observaciones2`, `Observaciones3`, `Paridad`, `idUsuario`) VALUES
(1, 1, '06/03/2008', '2008-03-06', 'VERDADERO', 300092, 222, NULL, 1238, 1, 5, 2, 1, 1, 3.00, 0, '07/03/2008', '0', 0, 0, 0, 0, 0, 0, '0', '0', 0.00, 'FALSO', 1, '0', NULL, NULL, NULL, NULL, 1, 1),
(3, 2, '18/04/2008', '2008-04-18', 'VERDADERO', 100070, 70, NULL, 1411, 1, 6, 1, 1, 1, 0.00, 0, '23/04/2008', '656,28', 0, 0, 0, 0, 0, 0, '656,28', '59,07', 715.00, 'VERDADERO', 1, '0', NULL, NULL, NULL, NULL, 1, 1),
(4, 3, '18/04/2008', '2008-04-18', 'VERDADERO', 100070, 70, NULL, 1412, 1, 6, 1, 1, 1, 0.00, 0, '23/04/2008', '360,27', 0, 0, 0, 0, 0, 0, '360,27', '32,42', 392.00, 'VERDADERO', 1, '0', NULL, NULL, NULL, NULL, 1, 1),
(5, 4, '24/04/2008', '2008-04-24', 'VERDADERO', 300010, 143, NULL, 1430, 1, 1, 1, 2, 1, 0.00, 0, '02/05/2008', '5034,99', 0, 0, 0, 0, 0, 0, '5034,99', '453,15', 5488.00, 'VERDADERO', 1, '0', NULL, NULL, NULL, NULL, 1, 1),
(6, 5, '06/05/2008', '2008-05-06', 'VERDADERO', 300086, 216, NULL, 1435, 1, 1, 1, 1, 1, 0.00, 0, '14/05/2008', '4495,15', 0, 0, 0, 0, 0, 0, '4495,15', '404,56', 4899.00, 'FALSO', 1, '0', NULL, NULL, NULL, NULL, 1, 1),
(7, 6, '06/05/2008', '2008-05-06', 'VERDADERO', 100106, 103, NULL, 1436, 1, 10, 1, 1, 1, 0.00, 0, '11/05/2008', '283,92', 0, 0, 0, 0, 0, 0, '283,92', '25,55', 309.00, 'VERDADERO', 1, '0', NULL, NULL, NULL, NULL, 1, 1),
(8, 7, '14/05/2008', '2008-05-14', 'VERDADERO', 100098, 95, NULL, 1446, 1, 10, 1, 1, 1, 0.00, 0, '19/05/2008', '492,58', 0, 0, 0, 0, 0, 0, '492,58', '44,33', 536.00, 'VERDADERO', 1, '0', NULL, NULL, NULL, NULL, 1, 1),
(9, 8, '14/05/2008', '2008-05-14', 'VERDADERO', 200019, 121, NULL, 1445, 1, 1, 1, 1, 1, 0.00, 0, '22/05/2008', '724,91', 0, 0, 0, 0, 0, 0, '724,91', '65,24', 790.00, 'VERDADERO', 1, '0', NULL, NULL, NULL, NULL, 1, 1),
(11, 9, '19/05/2008', '2008-05-19', 'VERDADERO', 100030, 31, NULL, 1456, 1, 1, 1, 1, 1, 0.00, 0, '27/05/2008', '196,8', 0, 0, 0, 0, 0, 0, '0', '0', 196.00, 'FALSO', 1, '', NULL, NULL, NULL, NULL, 1, 1),
(13, 10, '27/05/2008', '2008-05-27', 'VERDADERO', 300048, 178, NULL, 1480, 1, 5, 1, 1, 1, 0.00, 0, '28/05/2008', '1891,82', 0, 0, 0, 0, 0, 0, '1891,82', '170,26', 2062.00, 'VERDADERO', 1, '0', NULL, NULL, NULL, NULL, 1, 1),
(14, 11, '27/05/2008', '2008-05-27', 'VERDADERO', 100008, 10, NULL, 1481, 1, 3, 1, 1, 1, 0.00, 0, '11/06/2008', '780,76', 0, 0, 0, 0, 0, 0, '780,76', '70,27', 851.00, 'VERDADERO', 1, '0', NULL, NULL, NULL, NULL, 1, 1),
(15, 12, '27/05/2008', '2008-05-27', 'VERDADERO', 100008, 10, NULL, 1482, 1, 3, 1, 1, 1, 0.00, 0, '11/06/2008', '1267,6', 0, 0, 0, 0, 0, 0, '1267,6', '114,08', 1381.00, 'VERDADERO', 1, '0', NULL, NULL, NULL, NULL, 1, 1),
(16, 13, '02/06/2008', '2008-06-02', 'VERDADERO', 300098, 228, NULL, 1487, 1, 10, 2, 1, 1, 3.00, 0, '07/06/2008', '1323,59', 0, 0, 0, 0, 0, 0, '1323,59', '119,12', 1442.00, 'VERDADERO', 1, '0', NULL, NULL, NULL, NULL, 1, 1),
(17, 14, '30/05/2008', '2008-05-30', 'VERDADERO', 200007, 111, NULL, 1441, 1, 3, 1, 1, 1, 0.00, 0, '14/06/2008', '1134,25', 0, 0, 0, 0, 0, 0, '1134,25', '102,08', 1236.00, 'VERDADERO', 1, '0', NULL, NULL, NULL, NULL, 1, 1),
(18, 15, '09/06/2008', '2008-06-09', 'VERDADERO', 200013, 115, NULL, 1498, 1, 3, 1, 1, 1, 0.00, 0, '24/06/2008', '1795,85', 0, 0, 0, 0, 0, 0, '1795,85', '161,63', 1957.00, 'VERDADERO', 1, '0', NULL, NULL, NULL, NULL, 1, 1),
(19, 16, '25/06/2008', '2008-06-25', 'VERDADERO', 300124, 254, NULL, 1540, 1, 1, 1, 1, 1, 0.00, 0, '03/07/2008', '3076,03', 0, 0, 0, 0, 0, 0, '3076,03', '276,84', 3352.00, 'VERDADERO', 1, '0', NULL, NULL, NULL, NULL, 1, 1),
(20, 17, '28/10/2009', '2009-10-28', 'VERDADERO', 200027, 129, NULL, 1585, 1, 5, 1, 1, 1, 0.00, 0, '29/10/2009', '1403,17', 0, 0, 0, 0, 0, 0, '1403,17', '168,38', 1571.00, 'VERDADERO', 1, '0', NULL, NULL, NULL, NULL, 1, 1),
(21, 18, '11/11/2009', '2009-11-11', 'VERDADERO', 200007, 111, NULL, 1600, 1, 3, 1, 1, 1, 0.00, 0, '26/11/2009', '2562,64', 0, 0, 0, 0, 0, 0, '2562,64', '307,52', 2870.00, 'VERDADERO', 1, '0', NULL, NULL, NULL, NULL, 1, 1),
(22, 19, '11/11/2009', '2009-11-11', 'VERDADERO', 200007, 111, NULL, 1599, 1, 3, 1, 1, 1, 0.00, 0, '26/11/2009', '10163,8', 0, 0, 0, 0, 0, 0, '10163,8', '1219,66', 11383.00, 'VERDADERO', 1, '0', NULL, NULL, NULL, NULL, 1, 1),
(23, 20, '30/11/2009', '2009-11-30', 'VERDADERO', 100048, 49, NULL, 1630, 1, 10, 1, 1, 1, 0.00, 0, '05/12/2009', '19342,51', 0, 0, 0, 0, 0, 0, '19342,51', '2321,1', 21663.00, 'VERDADERO', 1, '0', NULL, NULL, NULL, NULL, 1, 1),
(24, 21, '15/12/2009', '2009-12-15', 'VERDADERO', 100026, 27, NULL, 1641, 1, 1, 1, 1, 1, 0.00, 0, '23/12/2009', '7083,55', 0, 0, 0, 0, 0, 0, '7083,55', '850,03', 7933.00, 'VERDADERO', 1, '0', NULL, NULL, NULL, NULL, 1, 1),
(25, 22, '13/01/2009', '2009-01-13', 'VERDADERO', 200028, 130, NULL, 1644, 1, 10, 1, 1, 1, 0.00, 0, '18/01/2009', '1503,99', 0, 0, 0, 0, 0, 0, '1503,99', '180,48', 1684.00, 'VERDADERO', 1, '0', NULL, NULL, NULL, NULL, 1, 1),
(26, 23, '20/01/2009', '2009-01-20', 'VERDADERO', 100043, 44, NULL, 1656, 1, 10, 1, 2, 1, 0.00, 0, '25/01/2009', '1267,15', 0, 0, 0, 0, 0, 0, '1267,15', '152,06', 1419.00, 'VERDADERO', 1, '0', NULL, NULL, NULL, NULL, 1, 1),
(27, 24, '20/01/2009', '2009-01-20', 'VERDADERO', 100043, 44, NULL, 1661, 1, 10, 1, 2, 1, 0.00, 0, '25/01/2009', '1509', 0, 0, 0, 0, 0, 0, '1509', '181,08', 1690.00, 'VERDADERO', 1, '0', NULL, NULL, NULL, NULL, 1, 1),
(28, 25, '26/01/2009', '2009-01-26', 'VERDADERO', 100038, 39, NULL, 1667, 1, 10, 1, 1, 1, 0.00, 0, '31/01/2009', '5594,75', 0, 0, 0, 0, 0, 0, '5594,75', '671,37', 6266.00, 'VERDADERO', 1, '0', NULL, NULL, NULL, NULL, 1, 1),
(29, 26, '27/01/2010', '2010-01-27', 'VERDADERO', 200027, 129, NULL, 1678, 1, 5, 1, 1, 1, 0.00, 0, '28/01/2010', '1594,81', 0, 0, 0, 0, 0, 0, '1594,81', '191,38', 1786.00, 'VERDADERO', 1, '0', NULL, NULL, NULL, NULL, 1, 1),
(30, 27, '02/02/2010', '2010-02-02', 'VERDADERO', 3000011, 134, NULL, 1666, 1, 1, 1, 1, 1, 0.00, 0, '10/02/2010', '3348,29', 0, 0, 0, 0, 0, 0, '3348,29', '401,79', 3750.00, 'FALSO', 1, '0', NULL, NULL, NULL, NULL, 1, 1),
(31, 28, '08/02/2010', '2010-02-08', 'VERDADERO', 100108, 105, NULL, 1703, 1, 10, 1, 1, 1, 0.00, 0, '13/02/2010', '1830,46', 0, 0, 0, 0, 0, 0, '1830,46', '219,66', 2050.00, 'VERDADERO', 1, '0', NULL, NULL, NULL, NULL, 1, 1),
(32, 29, '08/02/2010', '2010-02-08', 'VERDADERO', 3000011, 134, NULL, 1702, 1, 1, 1, 1, 1, 0.00, 0, '16/02/2010', '187,2', 0, 0, 0, 0, 0, 0, '187,2', '22,46', 209.00, 'VERDADERO', 1, '0', NULL, NULL, NULL, NULL, 1, 1),
(33, 30, '23/02/2010', '2010-02-23', 'VERDADERO', 3000011, 134, NULL, 1709, 1, 1, 1, 1, 1, 0.00, 0, '03/03/2010', '1656', 0, 0, 0, 0, 0, 0, '1656', '198,72', 1854.00, 'FALSO', 1, '0', NULL, NULL, NULL, NULL, 1, 1),
(34, 31, '08/03/2010', '2010-03-08', 'VERDADERO', 200013, 115, NULL, 1743, 1, 1, 1, 1, 1, 0.00, 0, '16/03/2010', '2223', 0, 0, 0, 0, 0, 0, '2223', '266,76', 2489.00, 'VERDADERO', 1, '0', NULL, NULL, NULL, NULL, 1, 1),
(35, 32, '09/03/2010', '2010-03-09', 'VERDADERO', 100019, 20, NULL, 1745, 1, 1, 1, 1, 1, 0.00, 0, '17/03/2010', '3602', 0, 0, 0, 0, 0, 0, '3602', '432,24', 4034.00, 'VERDADERO', 1, '0', NULL, NULL, NULL, NULL, 1, 1),
(36, 33, '12/03/2010', '2010-03-12', 'VERDADERO', 100025, 26, NULL, 1749, 1, 10, 1, 1, 1, 0.00, 0, '17/03/2010', '1428,96', 0, 0, 0, 0, 0, 0, '1428,96', '171,48', 1600.00, 'VERDADERO', 1, '0', NULL, NULL, NULL, NULL, 1, 1),
(37, 34, '17/03/2010', '2010-03-17', 'VERDADERO', 200028, 130, NULL, 1759, 1, 10, 1, 1, 1, 0.00, 0, '22/03/2010', '745', 0, 0, 0, 0, 0, 0, '745', '89,4', 834.00, 'FALSO', 1, '0', NULL, NULL, NULL, NULL, 1, 1),
(38, 35, '17/03/2010', '2010-03-17', 'VERDADERO', 200028, 130, NULL, 1754, 1, 10, 1, 1, 1, 0.00, 0, '22/03/2010', '1758,65', 0, 0, 0, 0, 0, 0, '1758,65', '211,04', 1969.00, 'VERDADERO', 1, '0', NULL, NULL, NULL, NULL, 1, 1),
(39, 36, '24/03/2010', '2010-03-24', 'VERDADERO', 200027, 129, NULL, 1766, 1, 8, 2, 1, 1, 3.00, 0, '01/04/2010', '1139,53', 0, 0, 0, 0, 0, 0, '1139,53', '136,74', 1276.00, 'VERDADERO', 1, '0', NULL, NULL, NULL, NULL, 1, 1),
(40, 37, '24/03/2010', '2010-03-24', 'VERDADERO', 100026, 27, NULL, 1770, 1, 1, 1, 1, 1, 0.00, 0, '01/04/2010', '1844,8', 0, 0, 0, 0, 0, 0, '1844,8', '221,38', 2066.00, 'VERDADERO', 1, '0', NULL, NULL, NULL, NULL, 1, 1),
(41, 38, '05/04/2010', '2010-04-05', 'VERDADERO', 100023, 24, NULL, 1762, 1, 1, 1, 1, 1, 0.00, 0, '13/04/2010', '655,75', 0, 0, 0, 0, 0, 0, '655,75', '78,69', 734.00, 'VERDADERO', 1, '0', NULL, NULL, NULL, NULL, 1, 1),
(42, 39, '10/05/2010', '2010-05-10', 'VERDADERO', 100019, 20, NULL, 1825, 1, 1, 1, 1, 1, 0.00, 0, '18/05/2010', '5974', 0, 0, 0, 0, 0, 0, '5974', '716,88', 6690.00, 'VERDADERO', 1, '0', NULL, NULL, NULL, NULL, 1, 1),
(43, 40, '10/05/2010', '2010-05-10', 'VERDADERO', 200007, 111, NULL, 1816, 1, 3, 1, 1, 1, 0.00, 0, '25/05/2010', '2040,15', 0, 0, 0, 0, 0, 0, '2040,15', '244,82', 2284.00, 'VERDADERO', 1, '0', NULL, NULL, NULL, NULL, 1, 1),
(44, 41, '12/05/2010', '2010-05-12', 'VERDADERO', 100038, 39, NULL, 1822, 1, 8, 1, 1, 1, 0.00, 0, '20/05/2010', '2959,6', 0, 0, 0, 0, 0, 0, '2959,6', '355,15', 3314.00, 'VERDADERO', 1, '0', NULL, NULL, NULL, NULL, 1, 1),
(45, 42, '20/05/2010', '2010-05-20', 'VERDADERO', 200027, 129, NULL, 1840, 1, 8, 2, 1, 1, 3.00, 0, '28/05/2010', '1086,02', 0, 0, 0, 0, 0, 0, '1086,02', '130,32', 1216.00, 'VERDADERO', 1, '0', NULL, NULL, NULL, NULL, 1, 1),
(46, 43, '04/06/2010', '2010-06-04', 'VERDADERO', 300062, 192, NULL, 1867, 1, 10, 1, 1, 1, 0.00, 0, '09/06/2010', '4474,87', 0, 0, 0, 0, 0, 0, '4474,87', '536,98', 5011.00, 'VERDADERO', 1, '0', NULL, NULL, NULL, NULL, 1, 1),
(47, 44, '08/06/2010', '2010-06-08', 'VERDADERO', 100024, 25, NULL, 1878, 1, 1, 1, 1, 1, 0.00, 0, '15/06/2010', '2134,6', 0, 0, 0, 0, 0, 0, '2134,6', '256,15', 2390.00, 'VERDADERO', 1, '0', NULL, NULL, NULL, NULL, 1, 1),
(48, 45, '10/06/2010', '2010-06-10', 'VERDADERO', 200007, 111, NULL, 1875, 1, 3, 1, 1, 1, 0.00, 0, '25/06/2010', '5170,8', 0, 0, 0, 0, 0, 0, '5170,8', '620,5', 5791.00, 'VERDADERO', 1, '0', NULL, NULL, NULL, NULL, 1, 1),
(49, 46, '10/06/2010', '2010-06-10', 'VERDADERO', 200007, 111, NULL, 1876, 1, 3, 1, 1, 1, 0.00, 0, '25/06/2010', '2991,02', 0, 0, 0, 0, 0, 0, '2991,02', '358,92', 3349.00, 'VERDADERO', 1, '0', NULL, NULL, NULL, NULL, 1, 1),
(50, 47, '12/07/2010', '2010-07-12', 'VERDADERO', 300062, 192, NULL, 1894, 1, 10, 1, 1, 1, 0.00, 0, '17/07/2010', '3897,5', 0, 0, 0, 0, 0, 0, '3897,5', '467,7', 4365.00, 'VERDADERO', 1, '0', NULL, NULL, NULL, NULL, 1, 1),
(52, 48, '12/07/2010', '2010-07-12', 'VERDADERO', 200027, 129, NULL, 1905, 1, 8, 2, 1, 1, 3.00, 0, '20/07/2010', '1524,43', 0, 0, 0, 0, 0, 0, '1524,43', '182,93', 1707.00, 'VERDADERO', 1, '0', NULL, NULL, NULL, NULL, 1, 1),
(53, 49, '12/07/2010', '2010-07-12', 'VERDADERO', 300062, 192, NULL, 1895, 1, 10, 1, 1, 1, 0.00, 0, '17/07/2010', '946,13', 0, 0, 0, 0, 0, 0, '946,13', '113,54', 1059.00, 'VERDADERO', 1, '0', NULL, NULL, NULL, NULL, 1, 1),
(54, 50, '14/07/2010', '2010-07-14', 'VERDADERO', 200007, 111, NULL, 1903, 1, 3, 1, 1, 1, 0.00, 0, '29/07/2010', '4079,74', 0, 0, 0, 0, 0, 0, '4079,74', '489,57', 4569.00, 'VERDADERO', 1, '0', NULL, NULL, NULL, NULL, 1, 1),
(55, 51, '16/07/2010', '2010-07-16', 'VERDADERO', 100038, 39, NULL, 1925, 1, 8, 1, 1, 1, 0.00, 0, '24/07/2010', '5110,1', 0, 0, 0, 0, 0, 0, '5110,1', '613,21', 5723.00, 'VERDADERO', 1, '0', NULL, NULL, NULL, NULL, 1, 1),
(56, 52, '26/07/2010', '2010-07-26', 'VERDADERO', 100025, 26, NULL, 1936, 1, 10, 1, 1, 1, 0.00, 0, '31/07/2010', '628,4', 0, 0, 0, 0, 0, 0, '628,4', '75,41', 703.00, 'VERDADERO', 1, '0', NULL, NULL, NULL, NULL, 1, 1),
(57, 53, '06/08/2010', '2010-08-06', 'VERDADERO', 300124, 254, NULL, 1943, 1, 1, 1, 1, 1, 0.00, 0, '13/08/2010', '6520,5', 0, 0, 0, 0, 0, 0, '6520,5', '782,46', 7302.00, 'VERDADERO', 1, '0', NULL, NULL, NULL, NULL, 1, 1),
(58, 54, '09/08/2010', '2010-08-09', 'VERDADERO', 200013, 115, NULL, 1950, 1, 1, 1, 1, 1, 0.00, 0, '16/08/2010', '2097,2', 0, 0, 0, 0, 0, 0, '2097,2', '251,66', 2348.00, 'FALSO', 1, '0', NULL, NULL, NULL, NULL, 1, 1),
(59, 55, '12/08/2010', '2010-08-12', 'VERDADERO', 200007, 111, NULL, 1951, 1, 10, 1, 1, 1, 0.00, 0, '17/08/2010', '5121,3', 0, 0, 0, 0, 0, 0, '5121,3', '614,56', 5735.00, 'VERDADERO', 1, '0', NULL, NULL, NULL, NULL, 1, 1),
(60, 56, '07/09/2010', '2010-09-07', 'VERDADERO', 300030, 160, NULL, 1965, 1, 1, 1, 1, 1, 0.00, 0, '14/09/2010', '5898,58', 0, 0, 0, 0, 0, 0, '5898,58', '707,83', 6606.00, 'VERDADERO', 1, '0', NULL, NULL, NULL, NULL, 1, 1),
(61, 57, '10/09/2010', '2010-09-10', 'VERDADERO', 300124, 254, NULL, 1977, 1, 1, 1, 1, 1, 0.00, 0, '17/09/2010', '105', 0, 0, 0, 0, 0, 0, '105', '12,6', 117.00, 'FALSO', 1, '0', NULL, NULL, NULL, NULL, 1, 1),
(62, 58, '10/09/2010', '2010-09-10', 'VERDADERO', 300124, 254, NULL, 1979, 1, 1, 1, 1, 1, 0.00, 0, '17/09/2010', '2695,06', 0, 0, 0, 0, 0, 0, '2695,06', '323,41', 3018.00, 'VERDADERO', 1, '0', NULL, NULL, NULL, NULL, 1, 1),
(63, 59, '10/09/2010', '2010-09-10', 'VERDADERO', 100025, 26, NULL, 1983, 1, 10, 1, 1, 1, 0.00, 0, '15/09/2010', '1095', 0, 0, 0, 0, 0, 0, '1095', '131,4', 1226.00, 'VERDADERO', 1, '0', NULL, NULL, NULL, NULL, 1, 1),
(64, 60, '13/09/2010', '2010-09-13', 'VERDADERO', 200007, 111, NULL, 1974, 1, 10, 1, 1, 1, 0.00, 0, '18/09/2010', '5278,7', 0, 0, 0, 0, 0, 0, '5278,7', '633,44', 5912.00, 'VERDADERO', 1, '0', NULL, NULL, NULL, NULL, 1, 1),
(65, 61, '20/09/2010', '2010-09-20', 'VERDADERO', 100038, 39, NULL, 1987, 1, 8, 1, 1, 1, 0.00, 0, '28/09/2010', '1341,76', 0, 0, 0, 0, 0, 0, '1341,76', '161,01', 1502.00, 'VERDADERO', 1, '0', NULL, NULL, NULL, NULL, 1, 1),
(66, 62, '28/09/2010', '2010-09-28', 'VERDADERO', 100048, 49, NULL, 2009, 1, 10, 1, 1, 1, 0.00, 0, '03/10/2010', '17528', 0, 0, 0, 0, 0, 0, '17528', '2103,36', 19631.00, 'VERDADERO', 1, '0', NULL, NULL, NULL, NULL, 1, 1),
(67, 63, '05/10/2010', '2010-10-05', 'VERDADERO', 100023, 24, NULL, 1996, 1, 1, 1, 1, 1, 0.00, 0, '12/10/2010', '8148', 0, 0, 0, 0, 0, 0, '8148', '977,76', 9125.00, 'FALSO', 1, '0', NULL, NULL, NULL, NULL, 1, 1),
(68, 64, '06/10/2010', '2010-10-06', 'VERDADERO', 200027, 129, NULL, 2017, 1, 8, 2, 1, 1, 3.00, 0, '14/10/2010', '3391,16', 0, 0, 0, 0, 0, 0, '3391,16', '406,94', 3798.00, 'VERDADERO', 1, '0', NULL, NULL, NULL, NULL, 1, 1),
(69, 65, '18/10/2010', '2010-10-18', 'VERDADERO', 100026, 27, NULL, 2026, 1, 1, 1, 1, 1, 0.00, 0, '25/10/2010', '6041,55', 0, 0, 0, 0, 0, 0, '6041,55', '724,99', 6766.00, 'VERDADERO', 1, '0', NULL, NULL, NULL, NULL, 1, 1),
(70, 66, '18/10/2010', '2010-10-18', 'VERDADERO', 100026, 27, NULL, 2028, 1, 1, 1, 1, 1, 0.00, 0, '25/10/2010', '1719,4', 0, 0, 0, 0, 0, 0, '1719,4', '206,33', 1925.00, 'VERDADERO', 1, '0', NULL, NULL, NULL, NULL, 1, 1),
(71, 67, '19/10/2010', '2010-10-19', 'VERDADERO', 200028, 130, NULL, 2029, 1, 10, 1, 1, 1, 0.00, 0, '24/10/2010', '895,1', 0, 0, 0, 0, 0, 0, '895,1', '107,41', 1002.00, 'VERDADERO', 1, '0', NULL, NULL, NULL, NULL, 1, 1),
(72, 68, '29/10/2010', '2010-10-29', 'VERDADERO', 300124, 254, NULL, 2040, 1, 1, 1, 1, 1, 0.00, 0, '05/11/2010', '1261', 0, 0, 0, 0, 0, 0, '1261', '151,32', 1412.00, 'VERDADERO', 1, '0', NULL, NULL, NULL, NULL, 1, 1),
(73, 69, '17/11/2010', '2010-11-17', 'VERDADERO', 300132, 262, NULL, 2063, 1, 10, 1, 1, 1, 0.00, 0, '22/11/2010', '2220', 0, 0, 0, 0, 0, 0, '2220', '266,4', 2486.00, 'FALSO', 1, '0', NULL, NULL, NULL, NULL, 1, 1),
(74, 70, '18/11/2010', '2010-11-18', 'VERDADERO', 200007, 111, NULL, 2057, 1, 10, 1, 1, 1, 0.00, 0, '23/11/2010', '27743', 0, 0, 0, 0, 0, 0, '27743', '3329,16', 31072.00, 'VERDADERO', 1, '0', NULL, NULL, NULL, NULL, 1, 1),
(76, 71, '18/11/2010', '2010-11-18', 'VERDADERO', 200007, 111, NULL, 2055, 1, 10, 1, 1, 1, 0.00, 0, '23/11/2010', '4351,05', 0, 0, 0, 0, 0, 0, '4351,05', '522,13', 4873.00, 'FALSO', 1, '0', NULL, NULL, NULL, NULL, 1, 1),
(77, 72, '25/11/2010', '2010-11-25', 'VERDADERO', 100048, 49, NULL, 2073, 1, 10, 1, 1, 1, 0.00, 0, '30/11/2010', '26661', 0, 0, 0, 0, 0, 0, '26661', '3199,32', 29860.00, 'VERDADERO', 1, '0', NULL, NULL, NULL, NULL, 1, 1),
(78, 73, '03/12/2010', '2010-12-03', 'VERDADERO', 100043, 44, NULL, 2078, 1, 10, 1, 1, 1, 0.00, 0, '08/12/2010', '3308,2', 0, 0, 0, 0, 0, 0, '3308,2', '396,98', 3705.00, 'VERDADERO', 1, '0', NULL, NULL, NULL, NULL, 1, 1),
(79, 74, '06/12/2010', '2010-12-06', 'VERDADERO', 3000011, 134, NULL, 2070, 1, 1, 1, 1, 1, 0.00, 0, '13/12/2010', '9720', 0, 0, 0, 0, 0, 0, '9720', '1166,4', 10886.00, 'VERDADERO', 1, '0', NULL, NULL, NULL, NULL, 1, 1),
(80, 75, '09/12/2010', '2010-12-09', 'VERDADERO', 300124, 254, NULL, 2086, 1, 1, 1, 1, 1, 0.00, 0, '16/12/2010', '1918,08', 0, 0, 0, 0, 0, 0, '1918,08', '230,17', 2148.00, 'VERDADERO', 1, '0', NULL, NULL, NULL, NULL, 1, 1),
(81, 76, '09/12/2010', '2010-12-09', 'VERDADERO', 100038, 39, NULL, 2076, 1, 8, 1, 1, 1, 0.00, 0, '17/12/2010', '766', 0, 0, 0, 0, 0, 0, '766', '91,92', 857.00, 'VERDADERO', 1, '0', NULL, NULL, NULL, NULL, 1, 1),
(82, 77, '18/01/2011', '2011-01-18', 'VERDADERO', 200027, 129, NULL, 2090, 1, 8, 2, 1, 1, 3.00, 0, '26/01/2011', '1103,75', 0, 0, 0, 0, 0, 0, '1103,75', '132,45', 1236.00, 'VERDADERO', 1, '0', NULL, NULL, NULL, NULL, 1, 1),
(84, 78, '24/01/2011', '2011-01-24', 'VERDADERO', 300062, 192, NULL, 2094, 1, 10, 1, 1, 1, 0.00, 0, '29/01/2011', '6103,16', 0, 0, 0, 0, 0, 0, '6103,16', '732,38', 6835.00, 'VERDADERO', 1, '0', NULL, NULL, NULL, NULL, 1, 1),
(86, 79, '25/01/2011', '2011-01-25', 'VERDADERO', 300062, 192, NULL, 2093, 1, 10, 1, 1, 1, 0.00, 0, '30/01/2011', '5309,1', 0, 0, 0, 0, 0, 0, '5309,1', '637,09', 5946.00, 'VERDADERO', 1, '0', NULL, NULL, NULL, NULL, 1, 1),
(87, 80, '25/01/2011', '2011-01-25', 'VERDADERO', 300030, 160, NULL, 2091, 1, 1, 1, 1, 1, 0.00, 0, '01/02/2011', '5665,75', 0, 0, 0, 0, 0, 0, '5665,75', '679,89', 6345.00, 'VERDADERO', 1, '0', NULL, NULL, NULL, NULL, 1, 1),
(88, 81, '28/01/2011', '2011-01-28', 'VERDADERO', 300124, 254, NULL, 2085, 1, 1, 1, 1, 1, 0.00, 0, '04/02/2011', '1472', 0, 0, 0, 0, 0, 0, '1472', '176,64', 1648.00, 'FALSO', 1, '0', NULL, NULL, NULL, NULL, 1, 1),
(89, 82, '04/02/2011', '2011-02-04', 'VERDADERO', 300124, 254, NULL, 2100, 1, 1, 1, 1, 1, 0.00, 0, '11/02/2011', '4420,04', 0, 0, 0, 0, 0, 0, '4420,04', '530,4', 4950.00, 'VERDADERO', 1, '0', NULL, NULL, NULL, NULL, 1, 1),
(90, 83, '15/02/2011', '2011-02-15', 'VERDADERO', 100046, 47, NULL, 2120, 1, 1, 1, 1, 1, 0.00, 0, '22/02/2011', '5987,56', 0, 0, 0, 0, 0, 0, '5987,56', '718,51', 6706.00, 'VERDADERO', 1, '0', NULL, NULL, NULL, NULL, 1, 1),
(91, 84, '24/02/2011', '2011-02-24', 'VERDADERO', 200022, 124, NULL, 2099, 1, 1, 1, 1, 1, 0.00, 0, '03/03/2011', '2603,9', 0, 0, 0, 0, 0, 0, '2603,9', '312,47', 2916.00, 'VERDADERO', 1, '0', NULL, NULL, NULL, NULL, 1, 1),
(92, 85, '25/02/2011', '2011-02-25', 'VERDADERO', 200022, 124, NULL, 2098, 1, 1, 1, 1, 1, 0.00, 0, '04/03/2011', '7251,63', 0, 0, 0, 0, 0, 0, '7251,63', '870,2', 8121.00, 'VERDADERO', 1, '0', NULL, NULL, NULL, NULL, 1, 1),
(93, 86, '04/03/2011', '2011-03-04', 'VERDADERO', 100038, 39, NULL, 2143, 1, 8, 1, 1, 1, 0.00, 0, '12/03/2011', '3758,8', 0, 0, 0, 0, 0, 0, '3758,8', '451,06', 4209.00, 'VERDADERO', 1, '0', NULL, NULL, NULL, NULL, 1, 1),
(94, 87, '29/03/2011', '2011-03-29', 'VERDADERO', 100046, 47, NULL, 2132, 1, 1, 1, 1, 1, 0.00, 0, '05/04/2011', '820', 0, 0, 0, 0, 0, 0, '820', '98,4', 918.00, 'FALSO', 1, '0', NULL, NULL, NULL, NULL, 1, 1),
(95, 88, '31/03/2011', '2011-03-31', 'VERDADERO', 300124, 254, NULL, 2157, 1, 1, 1, 1, 1, 0.00, 0, '07/04/2011', '2252,32', 0, 0, 0, 0, 0, 0, '2252,32', '270,28', 2522.00, 'VERDADERO', 1, '0', NULL, NULL, NULL, NULL, 1, 1),
(96, 89, '08/04/2011', '2011-04-08', 'VERDADERO', 300030, 160, NULL, 2160, 1, 1, 1, 1, 1, 0.00, 0, '15/04/2011', '2549,54', 0, 0, 0, 0, 0, 0, '2549,54', '305,94', 2855.00, 'VERDADERO', 1, '0', NULL, NULL, NULL, NULL, 1, 1),
(97, 90, '11/04/2011', '2011-04-11', 'VERDADERO', 200007, 111, NULL, 2162, 1, 10, 1, 1, 1, 0.00, 0, '16/04/2011', '4953', 0, 0, 0, 0, 0, 0, '4953', '594,36', 5547.00, 'FALSO', 1, '0', NULL, NULL, NULL, NULL, 1, 1),
(98, 91, '12/04/2011', '2011-04-12', 'VERDADERO', 3000011, 134, NULL, 2161, 1, 1, 1, 1, 1, 0.00, 0, '19/04/2011', '5326,37', 0, 0, 0, 0, 0, 0, '5326,37', '639,16', 5965.00, 'VERDADERO', 1, '0', NULL, NULL, NULL, NULL, 1, 1),
(99, 92, '02/05/2011', '2011-05-02', 'VERDADERO', 100038, 39, NULL, 2172, 1, 8, 1, 1, 1, 0.00, 0, '10/05/2011', '5323,45', 0, 0, 0, 0, 0, 0, '5323,45', '638,81', 5962.00, 'VERDADERO', 1, '0', NULL, NULL, NULL, NULL, 1, 1),
(100, 93, '03/05/2011', '2011-05-03', 'VERDADERO', 100048, 49, NULL, 2174, 1, 10, 1, 1, 1, 0.00, 0, '08/05/2011', '7716,6', 0, 0, 0, 0, 0, 0, '7716,6', '925,99', 8642.00, 'VERDADERO', 1, '0', NULL, NULL, NULL, NULL, 1, 1),
(101, 94, '09/05/2011', '2011-05-09', 'VERDADERO', 100046, 47, NULL, 2178, 1, 1, 1, 1, 1, 0.00, 0, '16/05/2011', '4257,06', 0, 0, 0, 0, 0, 0, '4257,06', '510,85', 4767.00, 'VERDADERO', 1, '0', NULL, NULL, NULL, NULL, 1, 1),
(102, 95, '11/05/2011', '2011-05-11', 'VERDADERO', 200007, 111, NULL, 2177, 1, 10, 1, 1, 1, 0.00, 0, '16/05/2011', '6018,36', 0, 0, 0, 0, 0, 0, '6018,36', '722,2', 6740.00, 'VERDADERO', 1, '0', NULL, NULL, NULL, NULL, 1, 1),
(103, 96, '19/05/2011', '2011-05-19', 'VERDADERO', 300138, 268, NULL, 2183, 1, 10, 1, 1, 1, 0.00, 0, '24/05/2011', '1294,41', 0, 0, 0, 0, 0, 0, '1294,41', '155,33', 1449.00, 'VERDADERO', 1, '0', NULL, NULL, NULL, NULL, 1, 1),
(104, 97, '19/05/2011', '2011-05-19', 'VERDADERO', 300132, 262, NULL, 2185, 1, 10, 1, 1, 1, 0.00, 0, '24/05/2011', '1404,8', 0, 0, 0, 0, 0, 0, '1404,8', '168,58', 1573.00, 'VERDADERO', 1, '0', NULL, NULL, NULL, NULL, 1, 1),
(105, 98, '23/05/2011', '2011-05-23', 'VERDADERO', 300124, 254, NULL, 2187, 1, 1, 1, 1, 1, 0.00, 0, '30/05/2011', '2934,61', 0, 0, 0, 0, 0, 0, '2934,61', '352,15', 3286.00, 'VERDADERO', 1, '0', NULL, NULL, NULL, NULL, 1, 1),
(106, 99, '31/05/2011', '2011-05-31', 'VERDADERO', 200019, 121, NULL, 2196, 1, 1, 1, 1, 1, 0.00, 0, '07/06/2011', '5188,3', 0, 0, 0, 0, 0, 0, '5188,3', '622,6', 5810.00, 'FALSO', 1, '0', NULL, NULL, NULL, NULL, 1, 1),
(107, 100, '13/06/2011', '2011-06-13', 'VERDADERO', 200007, 111, NULL, 2204, 1, 1, 1, 1, 1, 0.00, 0, '18/06/2011', '2388,97', 0, 0, 0, 0, 0, 0, '2388,97', '286,68', 2675.00, 'VERDADERO', 1, '0', NULL, NULL, NULL, NULL, 1, 1),
(109, 101, '13/06/2011', '2011-06-13', 'VERDADERO', 300132, 262, NULL, 2210, 1, 10, 1, 1, 1, 0.00, 0, '18/06/2011', '2124', 0, 0, 0, 0, 0, 0, '2124', '254,88', 2378.00, 'VERDADERO', 1, '0', NULL, NULL, NULL, NULL, 1, 1),
(110, 102, '13/06/2011', '2011-06-13', 'VERDADERO', 300079, 209, NULL, 2202, 1, 5, 1, 1, 1, 0.00, 0, '14/06/2011', '818,74', 0, 0, 0, 0, 0, 0, '818,74', '98,25', 916.00, 'VERDADERO', 1, '0', NULL, NULL, NULL, NULL, 1, 1),
(111, 103, '15/06/2011', '2011-06-15', 'VERDADERO', 100048, 49, NULL, 2216, 1, 10, 1, 1, 1, 0.00, 0, '20/06/2011', '11484,19', 0, 0, 0, 0, 0, 0, '11484,19', '1378,1', 12862.00, 'VERDADERO', 1, '0', NULL, NULL, NULL, NULL, 1, 1),
(112, 104, '27/06/2011', '2011-06-27', 'VERDADERO', 300086, 216, NULL, 2226, 1, 1, 1, 1, 1, 0.00, 0, '04/07/2011', '19651,27', 0, 0, 0, 0, 0, 0, '19651,27', '2358,15', 22009.00, 'FALSO', 1, '0', NULL, NULL, NULL, NULL, 1, 1),
(113, 105, '29/06/2011', '2011-06-29', 'VERDADERO', 300121, 251, NULL, 2224, 1, 15, 1, 1, 1, 0.00, 0, '29/07/2011', '7118,47', 0, 0, 0, 0, 0, 0, '7118,47', '854,22', 7972.00, 'VERDADERO', 1, '0', NULL, NULL, NULL, NULL, 1, 1),
(114, 106, '29/06/2011', '2011-06-29', 'VERDADERO', 300121, 251, NULL, 2225, 1, 15, 1, 1, 1, 0.00, 0, '29/07/2011', '17618,72', 0, 0, 0, 0, 0, 0, '17618,72', '2114,25', 19732.00, 'FALSO', 1, '0', NULL, NULL, NULL, NULL, 1, 1),
(115, 107, '29/06/2011', '2011-06-29', 'VERDADERO', 200027, 129, NULL, 2235, 1, 8, 2, 1, 1, 3.00, 0, '07/07/2011', '2069,96', 0, 0, 0, 0, 0, 0, '2069,96', '248,4', 2318.00, 'VERDADERO', 1, '0', NULL, NULL, NULL, NULL, 1, 1),
(116, 108, '29/06/2011', '2011-06-29', 'VERDADERO', 300138, 268, NULL, 2233, 1, 10, 1, 1, 1, 0.00, 0, '04/07/2011', '933,92', 0, 0, 0, 0, 0, 0, '933,92', '112,07', 1045.00, 'FALSO', 1, '0', NULL, NULL, NULL, NULL, 1, 1),
(117, 109, '12/07/2011', '2011-07-12', 'VERDADERO', 100046, 47, NULL, 2206, 1, 1, 1, 1, 1, 0.00, 0, '19/07/2011', '10999,24', 0, 0, 0, 0, 0, 0, '10999,24', '1319,91', 12319.00, 'FALSO', 1, '0', NULL, NULL, NULL, NULL, 1, 1),
(118, 110, '18/07/2011', '2011-07-18', 'VERDADERO', 100038, 39, NULL, 2250, 1, 8, 1, 1, 1, 0.00, 0, '26/07/2011', '2049', 0, 0, 0, 0, 0, 0, '2049', '245,88', 2294.00, 'FALSO', 1, '0', NULL, NULL, NULL, NULL, 1, 1),
(119, 111, '22/07/2011', '2011-07-22', 'VERDADERO', 3000011, 134, NULL, 2252, 1, 1, 1, 1, 1, 0.00, 0, '29/07/2011', '1110', 0, 0, 0, 0, 0, 0, '1110', '133,2', 1243.00, 'FALSO', 1, '0', NULL, NULL, NULL, NULL, 1, 1),
(120, 112, '25/07/2011', '2011-07-25', 'VERDADERO', 300124, 254, NULL, 2257, 1, 1, 1, 1, 1, 0.00, 0, '01/08/2011', '2224,01', 0, 0, 0, 0, 0, 0, '2224,01', '266,88', 2490.00, 'VERDADERO', 1, '0', NULL, NULL, NULL, NULL, 1, 1),
(121, 113, '27/07/2011', '2011-07-27', 'VERDADERO', 100048, 49, NULL, 2263, 1, 10, 1, 1, 1, 0.00, 0, '27/07/2011', '14517,64', 0, 0, 0, 0, 0, 0, '14517,64', '1742,12', 16259.00, 'VERDADERO', 1, '0', NULL, NULL, NULL, NULL, 1, 1),
(122, 114, '01/08/2011', '2011-08-01', 'VERDADERO', 200019, 121, NULL, 2254, 1, 1, 1, 1, 1, 0.00, 0, '08/08/2011', '6907,33', 0, 0, 0, 0, 0, 0, '6907,33', '828,88', 7736.00, 'VERDADERO', 1, '0', NULL, NULL, NULL, NULL, 1, 1),
(123, 115, '02/08/2011', '2011-08-02', 'VERDADERO', 100061, 61, NULL, 2264, 1, 10, 1, 1, 1, 0.00, 0, '02/08/2011', '1656,5', 0, 0, 0, 0, 0, 0, '1656,5', '198,78', 1855.00, 'VERDADERO', 1, '0', NULL, NULL, NULL, NULL, 1, 1),
(124, 116, '03/08/2011', '2011-08-03', 'VERDADERO', 200007, 111, NULL, 2246, 1, 10, 1, 1, 1, 0.00, 0, '03/08/2011', '1808,2', 0, 0, 0, 0, 0, 0, '1808,2', '216,98', 2025.00, 'VERDADERO', 1, '0', NULL, NULL, NULL, NULL, 1, 1),
(125, 117, '09/08/2011', '2011-08-09', 'VERDADERO', 300138, 268, NULL, 2268, 1, 10, 1, 1, 1, 0.00, 0, '09/08/2011', '2664,58', 0, 0, 0, 0, 0, 0, '2664,58', '319,75', 2984.00, 'FALSO', 1, '0', NULL, NULL, NULL, NULL, 1, 1),
(126, 118, '09/08/2011', '2011-08-09', 'VERDADERO', 200007, 111, NULL, 2268, 1, 10, 1, 1, 1, 0.00, 0, '09/08/2011', '10671,5', 0, 0, 0, 0, 0, 0, '10671,5', '1280,58', 11952.00, 'VERDADERO', 1, '0', NULL, NULL, NULL, NULL, 1, 1),
(127, 119, '09/08/2011', '2011-08-09', 'VERDADERO', 200007, 111, NULL, 2267, 1, 10, 1, 1, 1, 0.00, 0, '09/08/2011', '7409,55', 0, 0, 0, 0, 0, 0, '7409,55', '889,15', 8298.00, 'VERDADERO', 1, '0', NULL, NULL, NULL, NULL, 1, 1),
(128, 120, '11/08/2011', '2011-08-11', 'VERDADERO', 300059, 189, NULL, 2274, 1, 10, 1, 1, 1, 0.00, 0, '11/08/2011', '2428,52', 0, 0, 0, 0, 0, 0, '2428,52', '291,42', 2719.00, 'VERDADERO', 1, '0', NULL, NULL, NULL, NULL, 1, 1),
(129, 121, '29/08/2011', '2011-08-29', 'VERDADERO', 300059, 189, NULL, 2275, 1, 10, 1, 1, 1, 0.00, 0, '29/08/2011', '814,25', 0, 0, 0, 0, 0, 0, '814,25', '97,71', 911.00, 'FALSO', 1, '0', NULL, NULL, NULL, NULL, 1, 1),
(130, 122, '12/09/2011', '2011-09-12', 'VERDADERO', 200007, 111, NULL, 2278, 1, 10, 1, 1, 1, 0.00, 0, '12/09/2011', '7171,8', 0, 0, 0, 0, 0, 0, '7171,8', '860,62', 8032.00, 'VERDADERO', 1, '0', NULL, NULL, NULL, NULL, 1, 1),
(131, 123, '12/09/2011', '2011-09-12', 'VERDADERO', 200007, 111, NULL, 2279, 1, 10, 1, 1, 1, 0.00, 0, '12/09/2011', '15438,16', 0, 0, 0, 0, 0, 0, '15438,16', '1852,58', 17290.00, 'VERDADERO', 1, '0', NULL, NULL, NULL, NULL, 1, 1),
(132, 124, '14/09/2011', '2011-09-14', 'VERDADERO', 300030, 160, NULL, 2285, 1, 1, 1, 1, 1, 0.00, 0, '21/09/2011', '1620,13', 0, 0, 0, 0, 0, 0, '1620,13', '194,42', 1814.00, 'VERDADERO', 1, '0', NULL, NULL, NULL, NULL, 1, 1),
(133, 125, '15/09/2011', '2011-09-15', 'VERDADERO', 100010, 12, NULL, 2282, 1, 1, 1, 1, 1, 0.00, 0, '22/09/2011', '809,99', 0, 0, 0, 0, 0, 0, '809,99', '97,2', 907.00, 'VERDADERO', 1, '0', NULL, NULL, NULL, NULL, 1, 1),
(134, 126, '15/09/2011', '2011-09-15', 'VERDADERO', 300138, 268, NULL, 2293, 1, 10, 1, 1, 1, 0.00, 0, '15/09/2011', '915,91', 0, 0, 0, 0, 0, 0, '915,91', '109,91', 1025.00, 'VERDADERO', 1, '0', NULL, NULL, NULL, NULL, 1, 1),
(135, 127, '23/09/2011', '2011-09-23', 'VERDADERO', 100048, 49, NULL, 2294, 1, 10, 1, 1, 1, 0.00, 0, '23/09/2011', '14950', 0, 0, 0, 0, 0, 0, '14950', '1794', 16744.00, 'VERDADERO', 1, '0', NULL, NULL, NULL, NULL, 1, 1),
(136, 128, '04/10/2011', '2011-10-04', 'VERDADERO', 300124, 254, NULL, 2302, 1, 1, 1, 1, 1, 0.00, 0, '11/10/2011', '1975,02', 0, 0, 0, 0, 0, 0, '1975,02', '237', 2212.00, 'FALSO', 1, '0', NULL, NULL, NULL, NULL, 1, 1),
(137, 129, '10/10/2011', '2011-10-10', 'VERDADERO', 200007, 111, NULL, 2304, 1, 10, 1, 1, 1, 0.00, 0, '10/10/2011', '4974,83', 0, 0, 0, 0, 0, 0, '4974,83', '596,98', 5571.00, 'FALSO', 1, '0', NULL, NULL, NULL, NULL, 1, 1),
(138, 130, '10/10/2011', '2011-10-10', 'VERDADERO', 200007, 111, NULL, 2305, 1, 10, 1, 1, 1, 0.00, 0, '10/10/2011', '12301,6', 0, 0, 0, 0, 0, 0, '12301,6', '1476,19', 13777.00, 'FALSO', 1, '0', NULL, NULL, NULL, NULL, 1, 1),
(139, 131, '11/10/2011', '2011-10-11', 'VERDADERO', 100038, 39, NULL, 2306, 1, 8, 1, 1, 1, 0.00, 0, '19/10/2011', '2295', 0, 0, 0, 0, 0, 0, '2295', '275,4', 2570.00, 'VERDADERO', 1, '0', NULL, NULL, NULL, NULL, 1, 1),
(140, 132, '11/10/2011', '2011-10-11', 'VERDADERO', 300136, 266, NULL, 2303, 1, 12, 1, 1, 1, 0.00, 0, '26/10/2011', '1795,5', 0, 0, 0, 0, 0, 0, '1795,5', '215,46', 2010.00, 'VERDADERO', 1, '0', NULL, NULL, NULL, NULL, 1, 1),
(141, 133, '11/10/2011', '2011-10-11', 'VERDADERO', 100010, 12, NULL, 2307, 1, 1, 1, 1, 1, 0.00, 0, '18/10/2011', '1850', 0, 0, 0, 0, 0, 0, '1850', '222', 2072.00, 'VERDADERO', 1, '0', NULL, NULL, NULL, NULL, 1, 1),
(142, 134, '18/10/2011', '2011-10-18', 'VERDADERO', 100048, 49, NULL, 2308, 1, 10, 1, 1, 1, 0.00, 0, '18/10/2011', '13705', 0, 0, 0, 0, 0, 0, '13705', '1644,6', 15349.00, 'VERDADERO', 1, '0', NULL, NULL, NULL, NULL, 1, 1),
(143, 135, '03/11/2011', '2011-11-03', 'VERDADERO', 300138, 268, NULL, 2316, 1, 10, 1, 1, 1, 0.00, 0, '03/11/2011', '4860,66', 0, 0, 0, 0, 0, 0, '4860,66', '583,28', 5443.00, 'VERDADERO', 1, '0', NULL, NULL, NULL, NULL, 1, 1),
(144, 136, '28/11/2011', '2011-11-28', 'VERDADERO', 100048, 49, NULL, 2329, 1, 10, 1, 1, 1, 0.00, 0, '28/11/2011', '14110', 0, 0, 0, 0, 0, 0, '14110', '1693,2', 15803.00, 'VERDADERO', 1, '0', NULL, NULL, NULL, NULL, 1, 1),
(145, 137, '29/11/2011', '2011-11-29', 'VERDADERO', 300136, 266, NULL, 2331, 1, 12, 1, 1, 1, 0.00, 0, '14/12/2011', '2890', 0, 0, 0, 0, 0, 0, '2890', '346,8', 3236.00, 'VERDADERO', 1, '0', NULL, NULL, NULL, NULL, 1, 1),
(146, 138, '08/12/2011', '2011-12-08', 'VERDADERO', 100102, 99, NULL, 2336, 1, 10, 1, 1, 1, 0.00, 0, '08/12/2011', '8953,52', 0, 0, 0, 0, 0, 0, '8953,52', '1074,42', 10027.00, 'VERDADERO', 1, '0', NULL, NULL, NULL, NULL, 1, 1),
(147, 139, '12/12/2011', '2011-12-12', 'VERDADERO', 300127, 257, NULL, 2337, 1, 12, 1, 1, 1, 0.00, 0, '27/12/2011', '3410,47', 0, 0, 0, 0, 0, 0, '3410,47', '409,26', 3819.00, 'VERDADERO', 1, '0', NULL, NULL, NULL, NULL, 1, 1),
(148, 140, '13/12/2011', '2011-12-13', 'VERDADERO', 300124, 254, NULL, 2334, 1, 1, 1, 1, 1, 0.00, 0, '20/12/2011', '1987,35', 0, 0, 0, 0, 0, 0, '1987,35', '238,48', 2225.00, 'VERDADERO', 1, '0', NULL, NULL, NULL, NULL, 1, 1),
(149, 141, '02/02/2012', '2012-02-02', 'VERDADERO', 100043, 44, NULL, 2351, 1, 10, 1, 1, 1, 0.00, 0, '02/02/2012', '2743', 0, 0, 0, 0, 0, 0, '2743', '329,16', 3072.00, 'VERDADERO', 1, '0', NULL, NULL, NULL, NULL, 0, 1),
(150, 142, '14/02/2012', '2012-02-14', 'VERDADERO', 200013, 115, NULL, 2358, 1, 1, 1, 1, 1, 0.00, 0, '21/02/2012', '3217,68', 0, 0, 0, 0, 0, 0, '3217,68', '386,12', 3603.00, 'VERDADERO', 1, '0', NULL, NULL, NULL, NULL, 1, 1),
(151, 143, '31/03/2012', '2012-03-31', 'VERDADERO', 100023, 24, NULL, 2364, 1, 1, 1, 1, 1, 0.00, 0, '07/04/2012', '4987,49', 0, 0, 0, 0, 0, 0, '4987,49', '598,5', 5585.00, 'FALSO', 1, '0', NULL, NULL, NULL, NULL, 1, 1),
(152, 144, '12/09/2012', '2012-09-12', 'VERDADERO', 100061, 61, NULL, 2390, 1, 9, 1, 1, 1, 0.00, 0, '20/09/2012', '3174', 0, 0, 0, 0, 0, 0, '3174', '380,88', 3554.00, 'VERDADERO', 1, '0', NULL, NULL, NULL, NULL, 1, 1),
(153, 145, '05/10/2012', '2012-10-05', 'VERDADERO', 300124, 254, NULL, 2392, 1, 1, 1, 1, 1, 0.00, 0, '12/10/2012', '1082', 0, 0, 0, 0, 0, 0, '1082', '129,84', 1211.00, 'FALSO', 1, '0', NULL, NULL, NULL, NULL, 1, 1),
(154, 146, '26/06/2013', '2013-06-26', 'VERDADERO', 100021, 22, NULL, 2400, 1, 5, 1, 1, 1, 0.00, 0, '27/06/2013', '3039', 0, 0, 0, 0, 0, 0, '3039', '364,68', 3403.00, 'FALSO', 1, '0', NULL, NULL, NULL, NULL, 0, 1),
(155, 148, NULL, '2016-08-17', NULL, NULL, 103, 1144, NULL, NULL, NULL, NULL, NULL, NULL, 0.12, NULL, NULL, NULL, NULL, NULL, NULL, NULL, NULL, NULL, NULL, NULL, 511402.92, NULL, NULL, NULL, NULL, NULL, NULL, NULL, NULL, 1),
(159, 152, NULL, '2016-08-18', NULL, NULL, 103, 1144, NULL, NULL, NULL, NULL, NULL, NULL, 0.12, NULL, NULL, NULL, NULL, NULL, NULL, NULL, NULL, NULL, NULL, NULL, 511402.92, NULL, NULL, NULL, NULL, NULL, NULL, NULL, NULL, 1),
(160, 153, NULL, '2016-08-22', NULL, NULL, 150, 1146, NULL, NULL, NULL, NULL, NULL, NULL, 0.12, NULL, NULL, NULL, NULL, NULL, NULL, NULL, NULL, NULL, NULL, NULL, 1809921.40, NULL, NULL, NULL, NULL, NULL, NULL, NULL, NULL, 1),
(161, 154, NULL, '2016-08-22', NULL, NULL, 150, 1146, NULL, NULL, NULL, NULL, NULL, NULL, 0.12, NULL, NULL, NULL, NULL, NULL, NULL, NULL, NULL, NULL, NULL, NULL, 940427.32, NULL, NULL, NULL, NULL, NULL, NULL, NULL, NULL, 1),
(162, 155, NULL, '2016-08-27', NULL, NULL, 22, 1155, NULL, NULL, NULL, NULL, NULL, NULL, 0.12, NULL, NULL, NULL, NULL, NULL, NULL, NULL, NULL, NULL, NULL, NULL, 7981.96, NULL, NULL, NULL, NULL, NULL, NULL, NULL, NULL, 1),
(163, 156, NULL, '2016-09-13', NULL, NULL, 22, 1155, NULL, NULL, NULL, NULL, NULL, NULL, 0.12, NULL, NULL, NULL, NULL, NULL, NULL, NULL, NULL, NULL, NULL, NULL, 7981.96, NULL, NULL, NULL, NULL, NULL, NULL, NULL, NULL, 1),
(164, 157, NULL, '2016-12-09', NULL, NULL, 317, 1157, NULL, NULL, NULL, NULL, NULL, NULL, 0.12, NULL, NULL, NULL, NULL, NULL, NULL, NULL, NULL, NULL, NULL, NULL, 252705.86, NULL, NULL, NULL, NULL, NULL, NULL, NULL, NULL, 1),
(165, 158, NULL, '2017-02-02', NULL, NULL, 48, 1167, NULL, NULL, NULL, NULL, NULL, NULL, 0.12, NULL, NULL, NULL, NULL, NULL, NULL, NULL, NULL, NULL, NULL, NULL, 383415.20, NULL, NULL, 'PEDIDOS', 'TITULO PED', 'PED1', 'PED2', 'PED3', NULL, 1),
(166, 159, NULL, '2017-02-08', NULL, NULL, 150, 1169, NULL, NULL, NULL, NULL, NULL, NULL, 0.12, NULL, NULL, NULL, NULL, NULL, NULL, NULL, NULL, NULL, NULL, NULL, 16330.27, NULL, NULL, 'PEDIDOS', 'TITULO PED', 'PED1', 'PED2', 'PED3', NULL, 1),
(167, 160, NULL, '2017-02-13', NULL, NULL, 49, 1173, NULL, NULL, NULL, NULL, NULL, NULL, 0.12, NULL, NULL, NULL, NULL, NULL, NULL, NULL, NULL, NULL, NULL, NULL, 38831.52, NULL, NULL, 'PEDIDOS', 'TITULO PED', 'PED1', 'PED2', 'PED3', NULL, 1),
(168, 161, NULL, '2017-02-19', NULL, NULL, 121, 1174, NULL, NULL, NULL, NULL, NULL, NULL, 0.12, NULL, NULL, NULL, NULL, NULL, NULL, NULL, NULL, NULL, NULL, NULL, 318203.20, NULL, NULL, 'PEDIDOS', 'TITULO PED', 'PED1', 'PED2', 'PED3', NULL, 1),
(169, 169, NULL, '2017-03-12', NULL, NULL, 106, 1192, NULL, NULL, NULL, NULL, NULL, NULL, 0.12, NULL, NULL, NULL, NULL, NULL, NULL, NULL, NULL, NULL, NULL, NULL, 87628.80, NULL, NULL, 'PEDIDOS', 'TITULO PED', 'PED1', 'PED2', 'PED3', NULL, 1),
(170, 170, NULL, '2017-03-12', NULL, NULL, 106, 1192, NULL, NULL, NULL, NULL, NULL, NULL, 0.12, NULL, NULL, NULL, NULL, NULL, NULL, NULL, NULL, NULL, NULL, NULL, 174993.64, NULL, NULL, 'PEDIDOS', 'TITULO PED', 'PED1', 'PED2', 'PED3', NULL, 1);

-- --------------------------------------------------------

--
-- Table structure for table `proveedor`
--

CREATE TABLE IF NOT EXISTS `proveedor` (
  `idProveedor` int(7) NOT NULL AUTO_INCREMENT,
  `Nombre` varchar(51) NOT NULL,
  `rif` varchar(13) NOT NULL,
  `Nit` int(11) DEFAULT NULL,
  `Direccion1` varchar(101) DEFAULT NULL,
  `Direccion2` varchar(101) DEFAULT NULL,
  `Ciudad` varchar(30) DEFAULT NULL,
  `pcontacto` varchar(60) DEFAULT NULL,
  `telefono1` varchar(20) DEFAULT NULL,
  `telefono2` varchar(20) DEFAULT NULL,
  `IdCondicion` int(2) DEFAULT NULL,
  `IdVendedor` int(1) DEFAULT NULL,
  `PagWeb` varchar(30) DEFAULT NULL,
  `Email` varchar(30) DEFAULT NULL,
  `NroPrecio` int(1) DEFAULT NULL,
  PRIMARY KEY (`idProveedor`)
) ENGINE=InnoDB  DEFAULT CHARSET=utf8 AUTO_INCREMENT=7 ;

--
-- Dumping data for table `proveedor`
--

INSERT INTO `proveedor` (`idProveedor`, `Nombre`, `rif`, `Nit`, `Direccion1`, `Direccion2`, `Ciudad`, `pcontacto`, `telefono1`, `telefono2`, `IdCondicion`, `IdVendedor`, `PagWeb`, `Email`, `NroPrecio`) VALUES
(1, 'MG Ideas', 'j-13646864-8', NULL, 'Calle los Chaguaramos, Edif Centro Denu', 'La Castellana', NULL, 'Marcel Mancera', '(0212)-952.95.20', '(0212)-622.12.14', NULL, NULL, NULL, 'mmancera@mgideas.net', NULL),
(3, 'Bimbo, S.A.', 'J-56648549-9', NULL, '', NULL, NULL, 'Andrés Oseche', '', '', NULL, NULL, NULL, 'andresbimbo@bimbogroup.com', NULL),
(4, 'Mundo Papel', 'J-30787201-2', NULL, 'Calle Sta. Teresa de Jesús entre Av. Blandín y Ávila', 'Chacao', NULL, 'Javier Gómez', '(0212)-952.95.99', '(0212)-952.95.98', NULL, NULL, NULL, 'jgomez@mundopapel2001.com', NULL),
(5, 'CARACAS PAPER COMPANY, C.A.', 'J-00005325-1', NULL, 'Av. Aragua, Edif. CAPACO, Piso 1, Oficina y Planta Urb. Mendoza, Maracay, Edo. Aragua.', '', NULL, 'ROBERTO NOSTI', '(0243)-231.17.11', '(0212)-242.17.80', NULL, NULL, NULL, 'rnosti@capaco.com', NULL),
(6, 'Namir, S.A.', 'J-25618981-8', NULL, 'Av Los Trellos entre calle 1 y calle 2', 'Las gradas, VillaBonita', NULL, 'Julio Hernández', '(0212)-622.31.31', '(0212)-622.31.33', NULL, NULL, NULL, 'ventasnamir@gmail.com', NULL);

-- --------------------------------------------------------

--
-- Table structure for table `retencion`
--

CREATE TABLE IF NOT EXISTS `retencion` (
  `idRetencion` int(5) NOT NULL AUTO_INCREMENT,
  `idCompra` int(5) NOT NULL,
  `porcentaje` float(3,2) NOT NULL,
  `numero` varchar(30) COLLATE utf8_spanish_ci NOT NULL,
  `idUsuario` int(11) NOT NULL,
  PRIMARY KEY (`idRetencion`)
) ENGINE=MyISAM DEFAULT CHARSET=utf8 COLLATE=utf8_spanish_ci AUTO_INCREMENT=1 ;

--
-- Dumping data for table `retencion`
--


-- --------------------------------------------------------

--
-- Table structure for table `unidad`
--

CREATE TABLE IF NOT EXISTS `unidad` (
  `idUnidad` int(6) NOT NULL AUTO_INCREMENT,
  `nombre` varchar(30) DEFAULT NULL,
  PRIMARY KEY (`idUnidad`)
) ENGINE=MyISAM  DEFAULT CHARSET=latin1 AUTO_INCREMENT=10 ;

--
-- Dumping data for table `unidad`
--

INSERT INTO `unidad` (`idUnidad`, `nombre`) VALUES
(2, 'KGS'),
(3, 'RLL'),
(9, 'CAJ'),
(5, 'UND'),
(6, 'RES'),
(7, 'BLT');

-- --------------------------------------------------------

--
-- Table structure for table `usuario`
--

CREATE TABLE IF NOT EXISTS `usuario` (
  `idUsuario` int(11) NOT NULL AUTO_INCREMENT,
  `usuario` varchar(60) COLLATE utf8_spanish_ci NOT NULL,
  `password` varchar(60) COLLATE utf8_spanish_ci NOT NULL,
  `nombre` varchar(80) COLLATE utf8_spanish_ci DEFAULT NULL,
  `empresa` varchar(40) COLLATE utf8_spanish_ci DEFAULT NULL,
  `subtitulo` varchar(120) COLLATE utf8_spanish_ci DEFAULT NULL,
  `rif` varchar(15) COLLATE utf8_spanish_ci DEFAULT NULL,
  `telefonos` varchar(80) COLLATE utf8_spanish_ci DEFAULT NULL,
  `email` varchar(80) COLLATE utf8_spanish_ci DEFAULT NULL,
  `vendedor` varchar(25) COLLATE utf8_spanish_ci DEFAULT NULL,
  `direccion1` varchar(160) COLLATE utf8_spanish_ci DEFAULT NULL,
  `direccion2` varchar(160) COLLATE utf8_spanish_ci DEFAULT NULL,
  `ultima_act_doc` datetime DEFAULT NULL,
  PRIMARY KEY (`idUsuario`)
) ENGINE=InnoDB  DEFAULT CHARSET=utf8 COLLATE=utf8_spanish_ci AUTO_INCREMENT=3 ;

--
-- Dumping data for table `usuario`
--

INSERT INTO `usuario` (`idUsuario`, `usuario`, `password`, `nombre`, `empresa`, `subtitulo`, `rif`, `telefonos`, `email`, `vendedor`, `direccion1`, `direccion2`, `ultima_act_doc`) VALUES
(1, 'admin', 'aba12345', 'Miguel', 'Insumos Informáticos R&G, C.A.', 'Suministro de Papelería y oficina', 'J-55989255-4', '02125456529 / 04266521524 / 04146589854', 'mrangel@mgideas.net / mikeven@gmail.com', 'Nidia', 'Av la Salle, Calle la Trinidad con cruce', 'Parroquia Verde y Azul', NULL),
(2, 'ryg', '154', 'Dibo Rangel', 'R & G Consumibles, C.A.', 'Insumos de papeería y oficina', 'J-48595499-8', '', 'rygconsumibles@gmail.com', '', '', '', NULL);

-- --------------------------------------------------------

--
-- Table structure for table `valores`
--

CREATE TABLE IF NOT EXISTS `valores` (
  `nombre` varchar(20) COLLATE utf8_spanish_ci NOT NULL,
  `valor` varchar(20) COLLATE utf8_spanish_ci NOT NULL,
  PRIMARY KEY (`nombre`)
) ENGINE=InnoDB DEFAULT CHARSET=utf8 COLLATE=utf8_spanish_ci;

--
-- Dumping data for table `valores`
--

INSERT INTO `valores` (`nombre`, `valor`) VALUES
('iva', '12');

--
-- Constraints for dumped tables
--

--
-- Constraints for table `condicion`
--
ALTER TABLE `condicion`
  ADD CONSTRAINT `condicion_ibfk_1` FOREIGN KEY (`idUsuario`) REFERENCES `usuario` (`idUsuario`) ON DELETE CASCADE ON UPDATE CASCADE;

--
-- Constraints for table `cotizacion`
--
ALTER TABLE `cotizacion`
  ADD CONSTRAINT `cotizacion_ibfk_1` FOREIGN KEY (`idUsuario`) REFERENCES `usuario` (`idUsuario`) ON DELETE CASCADE ON UPDATE CASCADE;

--
-- Constraints for table `factura`
--
ALTER TABLE `factura`
  ADD CONSTRAINT `factura_ibfk_1` FOREIGN KEY (`idUsuario`) REFERENCES `usuario` (`idUsuario`) ON DELETE CASCADE ON UPDATE CASCADE,
  ADD CONSTRAINT `factura_ibfk_2` FOREIGN KEY (`idCotizacion`) REFERENCES `cotizacion` (`idCotizacion`) ON DELETE CASCADE ON UPDATE CASCADE;

--
-- Constraints for table `formato`
--
ALTER TABLE `formato`
  ADD CONSTRAINT `formato_ibfk_1` FOREIGN KEY (`idUsuario`) REFERENCES `usuario` (`idUsuario`) ON DELETE CASCADE ON UPDATE CASCADE;

--
-- Constraints for table `nota`
--
ALTER TABLE `nota`
  ADD CONSTRAINT `nota_ibfk_1` FOREIGN KEY (`idUsuario`) REFERENCES `usuario` (`idUsuario`) ON DELETE CASCADE ON UPDATE CASCADE;

--
-- Constraints for table `orden_compra`
--
ALTER TABLE `orden_compra`
  ADD CONSTRAINT `orden_compra_ibfk_1` FOREIGN KEY (`idProveedor`) REFERENCES `proveedor` (`idProveedor`) ON DELETE CASCADE ON UPDATE CASCADE,
  ADD CONSTRAINT `orden_compra_ibfk_2` FOREIGN KEY (`idUsuario`) REFERENCES `usuario` (`idUsuario`) ON DELETE CASCADE ON UPDATE CASCADE;

--
-- Constraints for table `pedido`
--
ALTER TABLE `pedido`
  ADD CONSTRAINT `pedido_ibfk_1` FOREIGN KEY (`idUsuario`) REFERENCES `usuario` (`idUsuario`) ON DELETE CASCADE ON UPDATE CASCADE;
